# Blender 5.0.1
# www.blender.org
mtllib CH_Basic_Goblin.mtl
o Goblin
v 0.137118 0.669684 0.089463
v 0.174102 0.904432 0.066288
v 0.137118 0.669684 -0.058875
v 0.167326 0.904432 -0.099283
v 0.000000 0.601537 -0.088102
v 0.000000 0.980462 -0.133326
v 0.000000 0.601537 0.175092
v 0.000000 0.980462 0.141725
v 0.052669 0.969081 -0.128564
v 0.039090 0.617899 0.175092
v 0.039090 0.617899 -0.085548
v 0.052669 0.969081 0.141725
v 0.156547 0.695733 -0.088343
v 0.156547 0.695733 0.108206
v 0.000000 0.714095 0.175092
v 0.000000 0.675319 -0.127346
v 0.048703 0.719066 0.175092
v 0.050925 0.677567 -0.123041
v 0.137118 0.669684 0.014966
v 0.174102 0.921371 0.009123
v 0.000000 0.997401 0.009123
v 0.000000 0.595485 0.023943
v 0.052669 0.986020 0.009123
v 0.039090 0.611846 0.023943
v 0.166421 0.706738 0.011437
v 0.171490 0.782142 -0.108332
v 0.171490 0.782142 0.108206
v 0.000000 0.788617 0.175092
v 0.000000 0.775527 -0.160138
v 0.030415 0.776211 0.175092
v 0.056380 0.778281 -0.152550
v 0.180704 0.776717 0.006083
v 0.000000 0.788617 0.182129
v 0.000000 0.689421 0.234980
v 0.030415 0.776211 0.182129
v 0.048703 0.719054 0.194083
v 0.137503 0.942394 -0.114863
v 0.108944 0.650312 0.128315
v 0.108944 0.650312 -0.079647
v 0.140199 0.942394 0.100549
v 0.115975 0.688552 0.139905
v 0.126502 0.690415 -0.105757
v 0.140199 0.959333 0.009123
v 0.108944 0.650312 0.019043
v 0.136042 0.730535 0.139905
v 0.136042 0.784632 -0.122576
v 0.180294 0.866228 -0.114853
v 0.182888 0.866228 0.098771
v 0.000000 0.841893 0.175092
v 0.000000 0.841893 -0.171024
v 0.041617 0.842570 0.175092
v 0.056345 0.846981 -0.166271
v 0.182888 0.866228 -0.000839
v 0.138134 0.872826 0.134071
v 0.140628 0.872226 -0.135742
v 0.137118 0.669684 -0.035756
v 0.171092 0.921371 -0.050798
v 0.000000 0.997401 -0.061510
v 0.000000 0.595485 -0.048273
v 0.052669 0.986020 -0.061323
v 0.039090 0.611846 -0.048273
v 0.156547 0.695733 -0.027879
v 0.171490 0.782142 -0.039104
v 0.108944 0.650312 -0.038794
v 0.138429 0.959333 -0.058628
v 0.181831 0.866228 -0.025582
v 0.236968 0.718810 -0.021790
v 0.233168 0.725890 0.011354
v 0.251911 0.844509 0.009123
v 0.263309 0.889305 -0.000839
v 0.251911 0.844509 -0.039104
v 0.263309 0.889305 -0.026257
v 0.279633 0.755163 -0.021790
v 0.273813 0.760519 0.011309
v 0.285583 0.861801 0.009123
v 0.295860 0.892592 -0.000839
v 0.285583 0.861801 -0.039104
v 0.295860 0.892592 -0.026257
v 0.326526 0.820493 -0.021790
v 0.319827 0.824622 0.011267
v 0.349783 0.881677 0.009208
v 0.365720 0.904146 -0.000839
v 0.367206 0.898002 -0.039104
v 0.365720 0.904146 -0.026257
v 0.171490 0.782142 0.009123
v 0.156547 0.695733 0.011582
v 0.236968 0.718810 0.005492
v 0.279633 0.755163 0.005492
v 0.256148 0.837857 0.009342
v 0.288971 0.854714 0.009392
v 0.367206 0.898002 0.009123
v 0.326526 0.820493 0.005492
v 0.256295 0.837642 0.001440
v 0.233316 0.725675 0.003453
v 0.289118 0.854499 0.001490
v 0.273960 0.760304 0.003407
v 0.180851 0.776502 -0.001819
v 0.166568 0.706524 0.003535
v 0.349930 0.881462 0.001306
v 0.319975 0.824408 0.003365
v 0.057406 0.776189 0.167367
v 0.117538 0.775969 0.150094
v 0.117081 0.828185 0.141851
v 0.054630 0.821511 0.169490
v 0.074017 0.634105 -0.082597
v 0.096434 0.955737 0.121137
v 0.082339 0.703809 0.157499
v 0.074017 0.631079 0.021493
v 0.083229 0.753373 0.157499
v 0.095086 0.955737 -0.121713
v 0.074017 0.634105 0.151703
v 0.088714 0.683991 -0.114399
v 0.096434 0.972676 0.009123
v 0.096211 0.781457 -0.137563
v 0.098487 0.859604 -0.151007
v 0.089876 0.857698 0.154581
v 0.074017 0.631079 -0.043534
v 0.095549 0.972676 -0.059976
v 0.085871 0.763977 0.159007
v 0.081673 0.830450 0.155670
v 0.175892 0.824185 -0.111592
v 0.177189 0.824185 0.103489
v 0.000000 0.815255 0.175092
v 0.000000 0.808710 -0.165581
v 0.036016 0.809390 0.175092
v 0.056362 0.812631 -0.159411
v 0.177189 0.824185 0.009123
v 0.137088 0.801681 0.136988
v 0.138335 0.828429 -0.129159
v 0.176660 0.824185 -0.037124
v 0.257610 0.866907 0.009123
v 0.257610 0.866907 -0.037728
v 0.290721 0.877196 0.009123
v 0.290721 0.877196 -0.037728
v 0.366463 0.901074 0.009123
v 0.366463 0.901074 -0.037728
v 0.126198 0.798576 0.145972
v 0.049716 0.797917 0.168428
v 0.097349 0.820530 -0.144285
v 0.099217 0.856798 0.178043
v 0.050958 0.841669 0.188504
v 0.091015 0.829549 0.179132
v 0.063971 0.820611 0.182902
v 0.126422 0.827285 0.161438
v 0.147476 0.871926 0.153658
v 0.000000 0.665055 0.176783
v 0.064860 0.667731 0.165110
v 0.043452 0.667364 0.171244
v 0.000000 0.676486 0.175092
v 0.044201 0.674738 0.170343
v 0.064156 0.670352 0.164546
v 0.000000 0.673436 0.175092
v 0.044026 0.673022 0.170159
v 0.061648 0.669648 0.165152
v 0.000000 0.670569 0.176783
v 0.043794 0.670738 0.171606
v 0.061648 0.668349 0.166241
v 0.128711 0.263564 0.071415
v 0.128711 0.580281 0.056075
v 0.128711 0.263564 -0.071415
v 0.128711 0.580281 -0.056075
v -0.000000 0.234386 -0.061692
v 0.000000 0.592544 -0.071415
v -0.000000 0.234386 0.057320
v 0.000000 0.582971 0.071415
v 0.128711 0.490620 -0.056075
v 0.128711 0.490620 0.056075
v 0.000000 0.478357 0.071415
v 0.000000 0.478357 -0.071415
v 0.150727 0.263564 0.000000
v 0.150727 0.598845 0.000000
v 0.000000 0.592544 0.031390
v -0.000000 0.234386 0.000000
v 0.150727 0.472056 0.000000
v 0.128711 0.535450 -0.064798
v 0.128711 0.535450 0.064798
v 0.000000 0.535450 0.081791
v 0.000000 0.535451 -0.072342
v 0.267390 0.565608 0.000000
v 0.163547 0.594720 0.000000
v 0.142964 0.577364 0.052426
v 0.142964 0.535451 -0.060581
v 0.142964 0.493537 -0.052426
v 0.142964 0.535451 0.060581
v 0.142964 0.493537 0.052426
v 0.163547 0.476182 0.000000
v 0.142964 0.577364 -0.052426
v 0.277070 0.565608 0.000000
v 0.251875 0.552525 0.039519
v 0.251875 0.520931 -0.045666
v 0.251875 0.489337 -0.039519
v 0.251875 0.520931 0.045666
v 0.251875 0.489337 0.039519
v 0.267390 0.476254 0.000000
v 0.251875 0.552525 -0.039519
v 0.354508 0.559799 0.000000
v 0.261554 0.552525 0.039519
v 0.261554 0.520931 -0.045666
v 0.261554 0.489337 -0.039519
v 0.261554 0.520931 0.045666
v 0.261554 0.489337 0.039519
v 0.277070 0.476254 0.000000
v 0.261554 0.552525 -0.039519
v 0.338993 0.548417 0.039519
v 0.338993 0.520931 -0.045666
v 0.338993 0.493444 -0.039519
v 0.338993 0.520931 0.045666
v 0.338993 0.493444 0.039519
v 0.354508 0.482062 0.000000
v 0.338993 0.548417 -0.039519
v 0.363377 0.553166 0.000000
v 0.350509 0.543727 0.032775
v 0.350509 0.520931 -0.037873
v 0.350509 0.498135 -0.032775
v 0.350509 0.520931 0.037873
v 0.350509 0.498135 0.032775
v 0.363377 0.488695 0.000000
v 0.350509 0.543727 -0.032775
v 0.404733 0.475172 0.000000
v 0.128711 0.404184 -0.061249
v 0.128711 0.404184 0.061249
v -0.000000 0.396058 0.081072
v -0.000000 0.396058 -0.071415
v 0.150727 0.408575 0.000000
v 0.437992 0.553166 0.000000
v 0.425124 0.543727 0.032775
v 0.425124 0.520931 -0.037873
v 0.425124 0.498135 -0.032775
v 0.425124 0.520931 0.037873
v 0.425124 0.498135 0.032775
v 0.437992 0.488695 0.000000
v 0.425124 0.543727 -0.032775
v 0.437992 0.520931 0.000000
v 0.386467 0.488571 -0.046525
v 0.386467 0.520931 -0.053762
v 0.386467 0.553290 -0.046525
v 0.386467 0.488571 0.046525
v 0.386467 0.520931 0.053762
v 0.386467 0.553290 0.046525
v 0.404733 0.566690 0.000000
v 0.076759 0.585231 -0.062266
v 0.076759 0.263550 0.071415
v 0.076759 0.263550 -0.071415
v 0.076759 0.580274 0.062266
v 0.076759 0.485670 0.062266
v 0.076759 0.485670 -0.062266
v 0.089889 0.596302 0.031390
v 0.062666 0.251787 0.000000
v 0.076759 0.535450 0.071656
v 0.076759 0.535450 -0.067843
v 0.076759 0.400904 -0.065352
v 0.076759 0.400904 0.069250
v 0.158358 0.189855 0.000000
v 0.134946 0.190716 -0.051992
v 0.085825 0.191921 0.051992
v 0.134946 0.190716 0.051992
v 0.085825 0.191921 -0.051992
v 0.070837 0.191061 0.000000
v 0.157724 0.182756 0.000000
v 0.134312 0.183618 -0.051992
v 0.085190 0.184822 0.051992
v 0.134312 0.183618 0.051992
v 0.085190 0.184822 -0.051992
v 0.070203 0.183963 0.000000
v 0.162085 0.054412 -0.000000
v 0.138346 0.057153 -0.051992
v 0.086948 0.055102 0.051992
v 0.138346 0.057153 0.051992
v 0.086948 0.055102 -0.051992
v 0.071752 0.056856 0.000000
v 0.079166 0.253556 0.068339
v 0.131685 0.253767 0.068339
v 0.153986 0.254067 0.000000
v 0.131685 0.253767 -0.068339
v 0.079166 0.253556 -0.068339
v 0.064890 0.241600 0.000000
v 0.158938 -0.003581 -0.000000
v 0.135200 -0.000841 -0.051992
v 0.078201 -0.002892 0.051992
v 0.135200 -0.000841 0.051992
v 0.078201 -0.002892 -0.051992
v 0.063004 -0.001137 0.000000
v 0.079698 0.031795 0.134341
v 0.136698 0.033846 0.134341
v 0.160469 0.031714 0.082350
v 0.064535 0.034158 0.082350
v 0.077817 -0.002871 0.134341
v 0.134817 -0.000820 0.134341
v 0.158555 -0.003560 0.082350
v 0.062621 -0.001117 0.082350
v -0.137118 0.669684 0.089463
v -0.174102 0.904432 0.066288
v -0.137118 0.669684 -0.058875
v -0.167326 0.904432 -0.099283
v -0.052669 0.969081 -0.128564
v -0.039090 0.617899 0.175092
v -0.039090 0.617899 -0.085548
v -0.052669 0.969081 0.141725
v -0.156547 0.695733 -0.088343
v -0.156547 0.695733 0.108206
v -0.048703 0.719066 0.175092
v -0.050925 0.677567 -0.123041
v -0.137118 0.669684 0.014966
v -0.174102 0.921371 0.009123
v -0.052669 0.986020 0.009123
v -0.039090 0.611846 0.023943
v -0.166421 0.706738 0.011437
v -0.171490 0.782142 -0.108332
v -0.171490 0.782142 0.108206
v -0.030415 0.776211 0.175092
v -0.056380 0.778281 -0.152550
v -0.180704 0.776717 0.006083
v -0.030415 0.776211 0.182129
v -0.048703 0.719054 0.194083
v -0.137503 0.942394 -0.114863
v -0.108944 0.650312 0.128315
v -0.108944 0.650312 -0.079647
v -0.140199 0.942394 0.100549
v -0.115975 0.688552 0.139905
v -0.126502 0.690415 -0.105757
v -0.140199 0.959333 0.009123
v -0.108944 0.650312 0.019043
v -0.136042 0.730535 0.139905
v -0.136042 0.784632 -0.122576
v -0.180294 0.866228 -0.114853
v -0.182888 0.866228 0.098771
v -0.041617 0.842570 0.175092
v -0.056345 0.846981 -0.166271
v -0.182888 0.866228 -0.000839
v -0.138134 0.872826 0.134071
v -0.140628 0.872226 -0.135742
v -0.137118 0.669684 -0.035756
v -0.171092 0.921371 -0.050798
v -0.052669 0.986020 -0.061323
v -0.039090 0.611846 -0.048273
v -0.156547 0.695733 -0.027879
v -0.171490 0.782142 -0.039104
v -0.108944 0.650312 -0.038794
v -0.138429 0.959333 -0.058628
v -0.181831 0.866228 -0.025582
v -0.236968 0.718810 -0.021790
v -0.233168 0.725890 0.011354
v -0.251911 0.844509 0.009123
v -0.263309 0.889305 -0.000839
v -0.251911 0.844509 -0.039104
v -0.263309 0.889305 -0.026257
v -0.279633 0.755163 -0.021790
v -0.273813 0.760519 0.011309
v -0.285583 0.861801 0.009123
v -0.295860 0.892592 -0.000839
v -0.285583 0.861801 -0.039104
v -0.295860 0.892592 -0.026257
v -0.326526 0.820493 -0.021790
v -0.319827 0.824622 0.011267
v -0.349783 0.881677 0.009208
v -0.365720 0.904146 -0.000839
v -0.367206 0.898002 -0.039104
v -0.365720 0.904146 -0.026257
v -0.171490 0.782142 0.009123
v -0.156547 0.695733 0.011582
v -0.236968 0.718810 0.005492
v -0.279633 0.755163 0.005492
v -0.256148 0.837857 0.009342
v -0.288971 0.854714 0.009392
v -0.367206 0.898002 0.009123
v -0.326526 0.820493 0.005492
v -0.256295 0.837642 0.001440
v -0.233316 0.725675 0.003453
v -0.289118 0.854499 0.001490
v -0.273960 0.760304 0.003407
v -0.180851 0.776502 -0.001819
v -0.166568 0.706524 0.003535
v -0.349930 0.881462 0.001306
v -0.319975 0.824408 0.003365
v -0.057406 0.776189 0.167367
v -0.117538 0.775969 0.150094
v -0.117081 0.828185 0.141851
v -0.054630 0.821511 0.169490
v -0.074017 0.634105 -0.082597
v -0.096434 0.955737 0.121137
v -0.082339 0.703809 0.157499
v -0.074017 0.631079 0.021493
v -0.083229 0.753373 0.157499
v -0.095086 0.955737 -0.121713
v -0.074017 0.634105 0.151703
v -0.088714 0.683991 -0.114399
v -0.096434 0.972676 0.009123
v -0.096211 0.781457 -0.137563
v -0.098487 0.859604 -0.151007
v -0.089876 0.857698 0.154581
v -0.074017 0.631079 -0.043534
v -0.095549 0.972676 -0.059976
v -0.085871 0.763977 0.159007
v -0.081673 0.830450 0.155670
v -0.175892 0.824185 -0.111592
v -0.177189 0.824185 0.103489
v -0.036016 0.809390 0.175092
v -0.056362 0.812631 -0.159411
v -0.177189 0.824185 0.009123
v -0.137088 0.801681 0.136988
v -0.138335 0.828429 -0.129159
v -0.176660 0.824185 -0.037124
v -0.257610 0.866907 0.009123
v -0.257610 0.866907 -0.037728
v -0.290721 0.877196 0.009123
v -0.290721 0.877196 -0.037728
v -0.366463 0.901074 0.009123
v -0.366463 0.901074 -0.037728
v -0.126198 0.798576 0.145972
v -0.049716 0.797917 0.168428
v -0.097349 0.820530 -0.144285
v -0.099217 0.856798 0.178043
v -0.050958 0.841669 0.188504
v -0.091015 0.829549 0.179132
v -0.063971 0.820611 0.182902
v -0.126422 0.827285 0.161438
v -0.147476 0.871926 0.153658
v -0.064860 0.667731 0.165110
v -0.043452 0.667364 0.171244
v -0.044201 0.674738 0.170343
v -0.064156 0.670352 0.164546
v -0.044026 0.673022 0.170159
v -0.061648 0.669648 0.165152
v -0.043794 0.670738 0.171606
v -0.061648 0.668349 0.166241
v -0.128711 0.263564 0.071415
v -0.128711 0.580281 0.056075
v -0.128711 0.263564 -0.071415
v -0.128711 0.580281 -0.056075
v -0.128711 0.490620 -0.056075
v -0.128711 0.490620 0.056075
v -0.150727 0.263564 0.000000
v -0.150727 0.598845 0.000000
v -0.150727 0.472056 0.000000
v -0.128711 0.535450 -0.064798
v -0.128711 0.535450 0.064798
v -0.267390 0.565608 0.000000
v -0.163547 0.594720 0.000000
v -0.142964 0.577364 0.052426
v -0.142964 0.535451 -0.060581
v -0.142964 0.493537 -0.052426
v -0.142964 0.535451 0.060581
v -0.142964 0.493537 0.052426
v -0.163547 0.476182 0.000000
v -0.142964 0.577364 -0.052426
v -0.277070 0.565608 0.000000
v -0.251875 0.552525 0.039519
v -0.251875 0.520931 -0.045666
v -0.251875 0.489337 -0.039519
v -0.251875 0.520931 0.045666
v -0.251875 0.489337 0.039519
v -0.267390 0.476254 0.000000
v -0.251875 0.552525 -0.039519
v -0.354508 0.559799 0.000000
v -0.261554 0.552525 0.039519
v -0.261554 0.520931 -0.045666
v -0.261554 0.489337 -0.039519
v -0.261554 0.520931 0.045666
v -0.261554 0.489337 0.039519
v -0.277070 0.476254 0.000000
v -0.261554 0.552525 -0.039519
v -0.338993 0.548417 0.039519
v -0.338993 0.520931 -0.045666
v -0.338993 0.493444 -0.039519
v -0.338993 0.520931 0.045666
v -0.338993 0.493444 0.039519
v -0.354508 0.482062 0.000000
v -0.338993 0.548417 -0.039519
v -0.363377 0.553166 0.000000
v -0.350509 0.543727 0.032775
v -0.350509 0.520931 -0.037873
v -0.350509 0.498135 -0.032775
v -0.350509 0.520931 0.037873
v -0.350509 0.498135 0.032775
v -0.363377 0.488695 0.000000
v -0.350509 0.543727 -0.032775
v -0.404733 0.475172 0.000000
v -0.128711 0.404184 -0.061249
v -0.128711 0.404184 0.061249
v -0.150727 0.408575 0.000000
v -0.437992 0.553166 0.000000
v -0.425124 0.543727 0.032775
v -0.425124 0.520931 -0.037873
v -0.425124 0.498135 -0.032775
v -0.425124 0.520931 0.037873
v -0.425124 0.498135 0.032775
v -0.437992 0.488695 0.000000
v -0.425124 0.543727 -0.032775
v -0.437992 0.520931 0.000000
v -0.386467 0.488571 -0.046525
v -0.386467 0.520931 -0.053762
v -0.386467 0.553290 -0.046525
v -0.386467 0.488571 0.046525
v -0.386467 0.520931 0.053762
v -0.386467 0.553290 0.046525
v -0.404733 0.566690 0.000000
v -0.076759 0.585231 -0.062266
v -0.076759 0.263550 0.071415
v -0.076759 0.263550 -0.071415
v -0.076759 0.580274 0.062266
v -0.076759 0.485670 0.062266
v -0.076759 0.485670 -0.062266
v -0.089889 0.596302 0.031390
v -0.062666 0.251787 0.000000
v -0.076759 0.535450 0.071656
v -0.076759 0.535450 -0.067843
v -0.076759 0.400904 -0.065352
v -0.076759 0.400904 0.069250
v -0.158358 0.189855 0.000000
v -0.134946 0.190716 -0.051992
v -0.085825 0.191921 0.051992
v -0.134946 0.190716 0.051992
v -0.085825 0.191921 -0.051992
v -0.070837 0.191061 0.000000
v -0.157724 0.182756 0.000000
v -0.134312 0.183618 -0.051992
v -0.085190 0.184822 0.051992
v -0.134312 0.183618 0.051992
v -0.085190 0.184822 -0.051992
v -0.070203 0.183963 0.000000
v -0.162085 0.054412 0.000000
v -0.138346 0.057153 -0.051992
v -0.086948 0.055102 0.051992
v -0.138346 0.057153 0.051992
v -0.086948 0.055102 -0.051992
v -0.071752 0.056856 0.000000
v -0.079166 0.253556 0.068339
v -0.131685 0.253767 0.068339
v -0.153986 0.254067 0.000000
v -0.131685 0.253767 -0.068339
v -0.079166 0.253556 -0.068339
v -0.064890 0.241600 0.000000
v -0.158938 -0.003581 -0.000000
v -0.135200 -0.000841 -0.051992
v -0.078201 -0.002892 0.051992
v -0.135200 -0.000841 0.051992
v -0.078201 -0.002892 -0.051992
v -0.063004 -0.001137 0.000000
v -0.079698 0.031795 0.134341
v -0.136698 0.033846 0.134341
v -0.160469 0.031714 0.082350
v -0.064535 0.034158 0.082350
v -0.077817 -0.002871 0.134341
v -0.134817 -0.000820 0.134341
v -0.158555 -0.003560 0.082350
v -0.062621 -0.001117 0.082350
vn 0.4666 0.4650 -0.7524
vn 0.9746 0.2241 -0.0000
vn 0.5666 -0.8240 -0.0000
vn 0.2096 0.9699 0.1239
vn -0.0041 0.2554 0.9668
vn 0.3243 0.2147 0.9213
vn 0.2886 0.9467 0.1432
vn 0.3858 -0.9218 0.0369
vn 0.0537 0.2961 -0.9536
vn 0.2464 -0.4551 -0.8557
vn 0.0111 -0.0266 0.9996
vn 0.8016 -0.5979 -0.0000
vn 0.7030 -0.5778 -0.4147
vn 0.2916 0.9565 -0.0037
vn 0.2112 0.9774 -0.0000
vn 0.9855 0.1646 -0.0421
vn 0.4052 -0.9137 0.0323
vn 0.0937 -0.3096 -0.9462
vn 0.4605 -0.0083 0.8876
vn 0.9524 0.3048 0.0002
vn 0.9854 -0.1704 -0.0000
vn 0.5176 -0.2009 -0.8317
vn 0.4844 0.3249 0.8123
vn 0.3777 0.9259 -0.0000
vn 0.2359 -0.8985 -0.3702
vn 0.2552 -0.2421 -0.9361
vn 0.6200 -0.2964 0.7264
vn 0.4824 -0.8760 -0.0000
vn 0.7453 0.6656 -0.0374
vn 0.3299 -0.5746 -0.7490
vn 0.8375 -0.2937 0.4609
vn 0.7317 0.6535 0.1936
vn 0.5431 0.6129 0.5740
vn 0.4323 -0.9015 0.0210
vn 0.2478 0.2904 -0.9243
vn 0.3696 -0.1680 -0.9139
vn 0.6335 0.0224 0.7734
vn 0.1168 -0.1478 -0.9821
vn 0.1185 -0.1607 -0.9799
vn 0.5617 0.2813 0.7781
vn -0.0000 -0.0000 1.0000
vn 0.9909 -0.1343 -0.0000
vn 0.4104 -0.1131 -0.9048
vn 0.9944 -0.1049 -0.0103
vn 0.7570 0.5963 -0.2671
vn 0.4247 -0.9026 -0.0699
vn 0.9448 0.3273 -0.0163
vn 0.2257 0.9447 -0.2380
vn 0.2946 0.9210 -0.2549
vn 0.3824 -0.9135 -0.1388
vn 0.1280 -0.1503 -0.9803
vn 0.9799 -0.1982 0.0236
vn 0.2758 -0.9612 -0.0000
vn -0.1544 0.2792 -0.9477
vn -0.2724 0.9621 0.0116
vn -0.1977 0.6272 -0.7533
vn 0.8124 -0.5831 -0.0000
vn -0.1005 0.9949 -0.0000
vn 0.6486 -0.7612 -0.0000
vn -0.1493 0.4806 -0.8642
vn 0.8855 -0.4647 -0.0000
vn 0.9720 0.2351 -0.0000
vn -0.2757 0.9607 -0.0312
vn 0.2348 -0.1685 -0.9573
vn -0.1632 0.9866 -0.0000
vn -0.0212 0.0321 0.9993
vn 0.3866 -0.4527 0.8035
vn 0.1659 -0.5746 0.8014
vn 0.1793 -0.2312 0.9562
vn -0.0127 0.0248 0.9996
vn 0.0951 -0.0963 0.9908
vn 0.4817 -0.3452 0.8055
vn -0.0114 0.0325 0.9994
vn -0.0691 0.0321 0.9971
vn -0.0131 0.0224 0.9997
vn -0.0169 0.0449 0.9988
vn -0.8854 0.4638 -0.0291
vn 0.6284 -0.7772 0.0328
vn -0.6482 0.7608 -0.0327
vn -0.8120 0.5828 -0.0310
vn 0.4566 -0.8891 0.0326
vn 0.3199 -0.0540 0.9459
vn -0.7007 -0.5529 0.4509
vn 0.2020 -0.1871 0.9613
vn 0.2741 -0.1028 0.9562
vn -0.2677 0.9528 0.1431
vn 0.2932 0.9141 -0.2802
vn 0.4265 -0.8928 -0.1450
vn 0.3711 -0.1817 -0.9106
vn 0.2469 0.2927 -0.9238
vn 0.4403 -0.8971 0.0359
vn 0.3199 -0.5488 -0.7724
vn 0.2594 -0.2845 -0.9229
vn 0.3881 -0.1855 0.9028
vn 0.2916 0.9565 -0.0076
vn 0.5942 -0.1368 0.7926
vn 0.2872 0.9419 0.1745
vn 0.2956 0.2907 0.9100
vn 0.3590 -0.1826 -0.9153
vn 0.3912 -0.0660 0.9179
vn -0.1556 0.9406 0.3017
vn -0.0362 0.0704 -0.9969
vn -0.0561 0.5555 0.8296
vn -0.0462 0.1042 -0.9935
vn -0.0403 0.0519 -0.9978
vn -0.1232 0.4293 0.8947
vn 0.9925 -0.1221 -0.0000
vn 0.3639 -0.1098 -0.9249
vn 0.5320 0.0269 0.8463
vn 0.1394 -0.1603 -0.9772
vn 0.6487 0.0216 0.7607
vn 0.3589 -0.1684 -0.9181
vn 0.4665 -0.0663 0.8820
vn 0.2199 -0.0272 0.9751
vn 0.2087 -0.9553 -0.2095
vn 0.7993 -0.4470 -0.4017
vn -0.0692 -0.9975 -0.0107
vn -0.2345 0.9595 0.1560
vn 0.1265 -0.0000 0.9920
vn 0.2680 -0.2929 0.9178
vn 0.4091 -0.1382 0.9020
vn 0.3660 0.5979 0.7131
vn 0.1068 -0.0000 0.9943
vn 0.6213 -0.1383 0.7713
vn 0.1113 -0.0000 0.9938
vn 0.2483 -0.1281 0.9602
vn 0.0994 0.5057 0.8569
vn 0.2684 -0.2882 0.9192
vn 0.3105 0.4860 0.8169
vn 0.0574 0.1907 -0.9800
vn 0.2808 0.8728 -0.3992
vn 0.9104 0.0620 0.4090
vn -0.0373 0.8933 0.4478
vn 0.1279 0.2116 0.9690
vn 0.1441 0.1153 0.9828
vn 0.9411 -0.0000 0.3383
vn 0.0764 0.0363 -0.9964
vn 0.9411 -0.0000 -0.3383
vn -0.0062 -0.2513 0.9679
vn 0.2789 -0.1834 0.9427
vn 0.2808 -0.8728 0.3992
vn 0.1331 -0.1772 0.9751
vn 0.2789 0.1834 -0.9427
vn 0.1280 -0.1104 -0.9856
vn 0.0007 -0.9493 -0.3145
vn 0.1579 0.1886 -0.9693
vn 0.2485 0.8862 0.3909
vn 0.1083 -0.1899 0.9758
vn 0.2789 0.1834 0.9427
vn 0.2808 0.8728 0.3992
vn 0.2808 -0.8728 -0.3992
vn 0.2789 -0.1834 -0.9427
vn -0.0000 0.9493 0.3143
vn -0.0000 -0.1910 0.9816
vn -0.0000 0.9493 -0.3143
vn -0.0000 0.1910 0.9816
vn 0.0007 -0.9493 0.3145
vn 0.1083 -0.1899 -0.9758
vn 0.1579 0.1886 0.9693
vn 0.2485 0.8862 -0.3909
vn 0.0500 0.9421 -0.3315
vn 0.0101 0.1910 0.9815
vn 0.0101 -0.1910 -0.9815
vn 0.0500 -0.9421 0.3315
vn -0.0000 0.1910 -0.9816
vn -0.0000 -0.9493 -0.3143
vn -0.0000 -0.9493 0.3143
vn -0.0000 -0.1910 -0.9816
vn 0.5511 0.1821 0.8143
vn 0.5511 -0.1821 -0.8143
vn 0.5429 -0.7259 0.4222
vn 0.5429 -0.7259 -0.4222
vn -0.0000 -0.2183 0.9759
vn 0.0713 0.9507 0.3018
vn -0.0000 0.2183 -0.9759
vn 0.0713 -0.9507 -0.3018
vn 0.3723 -0.2026 -0.9057
vn 0.5429 0.7259 -0.4222
vn 0.5511 -0.1821 0.8144
vn 0.5429 0.7259 0.4222
vn 0.5511 0.1821 -0.8144
vn 0.3479 -0.8557 0.3831
vn 0.3479 -0.8557 -0.3831
vn 0.9554 0.0213 -0.2945
vn -0.0000 0.0441 -0.9990
vn 0.9554 0.0213 0.2945
vn -0.1254 -0.1442 0.9816
vn 0.3723 0.2026 -0.9057
vn 0.9308 -0.0000 -0.3655
vn 0.9308 -0.0000 0.3655
vn 0.9444 -0.0718 0.3209
vn 0.3723 0.2026 0.9057
vn 0.3479 0.8557 -0.3831
vn 0.3723 -0.2026 0.9057
vn 0.3479 0.8557 0.3831
vn -0.3073 0.9397 0.1500
vn -0.3960 -0.2004 0.8961
vn -0.3073 0.9397 -0.1500
vn -0.3960 0.2004 0.8961
vn -0.3960 0.2004 -0.8961
vn -0.3073 -0.9397 -0.1500
vn -0.3073 -0.9397 0.1500
vn -0.3960 -0.2004 -0.8961
vn -0.0000 0.0158 0.9999
vn -0.1031 -0.0597 -0.9929
vn 0.1198 -0.0161 -0.9927
vn 0.1336 -0.1837 0.9739
vn 0.2676 -0.9635 -0.0000
vn -0.1686 0.9536 -0.2495
vn 0.0787 -0.0000 -0.9969
vn 0.1467 0.0812 0.9858
vn 0.1282 0.2033 0.9707
vn 0.1488 0.9198 0.3629
vn 0.0581 0.1111 -0.9921
vn -0.9577 0.0856 0.2747
vn 0.0010 -0.2563 -0.9666
vn -0.9594 -0.1644 0.2292
vn 0.9502 -0.0312 -0.3100
vn -0.9543 -0.1123 -0.2770
vn -0.9608 -0.0117 -0.2771
vn 0.9116 0.0291 -0.4100
vn 0.9083 -0.0812 0.4104
vn 0.9083 -0.0812 -0.4104
vn -0.9577 0.0856 -0.2747
vn -0.0000 -0.0000 -1.0000
vn -0.0384 0.9617 0.2714
vn -0.9599 -0.0130 0.2801
vn 0.9098 0.0309 0.4138
vn -0.9497 -0.2074 -0.2347
vn 0.9375 0.1938 -0.2890
vn -0.9272 -0.2945 0.2315
vn 0.0001 -0.2941 -0.9558
vn 0.0012 -0.2992 0.9542
vn 0.9034 0.3101 0.2962
vn 0.0359 -0.9984 -0.0442
vn 0.0359 -0.9984 0.0442
vn -0.9878 0.1490 -0.0455
vn 0.0360 -0.9994 0.0004
vn 0.9076 -0.0492 -0.4170
vn -0.9487 0.1431 -0.2821
vn -0.9581 0.0520 0.2818
vn 0.9076 -0.0492 0.4170
vn -0.1137 -0.9935 -0.0003
vn -0.5208 0.8323 0.1897
vn -0.1153 -0.9933 -0.0003
vn 0.9985 -0.0542 0.0047
vn 0.5852 0.7787 0.2261
vn -0.3628 0.8667 0.3422
vn 0.2926 0.9562 -0.0000
vn 0.1508 0.6188 -0.7709
vn -0.6708 0.2388 -0.7022
vn -0.9878 0.1494 0.0443
vn -0.5666 -0.8240 -0.0000
vn -0.2096 0.9699 0.1239
vn 0.0041 0.2554 0.9668
vn -0.4743 0.2557 0.8425
vn -0.2886 0.9467 0.1432
vn -0.3858 -0.9218 0.0369
vn -0.1425 0.2598 -0.9551
vn -0.2464 -0.4551 -0.8557
vn -0.0111 -0.0266 0.9996
vn -0.8016 -0.5979 -0.0000
vn -0.7030 -0.5778 -0.4147
vn -0.2971 0.9548 -0.0000
vn -0.2112 0.9774 -0.0000
vn -0.9844 0.1691 -0.0495
vn -0.4052 -0.9137 0.0323
vn -0.0937 -0.3096 -0.9462
vn -0.4605 -0.0083 0.8876
vn -0.9524 0.3048 -0.0000
vn -0.9854 -0.1704 -0.0000
vn -0.5176 -0.2009 -0.8317
vn -0.4844 0.3249 0.8123
vn -0.3777 0.9259 -0.0000
vn -0.1016 -0.9948 -0.0006
vn -0.2552 -0.2421 -0.9361
vn -0.7603 -0.1315 0.6361
vn -0.4824 -0.8760 -0.0000
vn -0.7599 0.6497 -0.0199
vn -0.3299 -0.5746 -0.7490
vn -0.5021 -0.7196 0.4796
vn -0.7317 0.6535 0.1936
vn -0.5431 0.6129 0.5740
vn -0.2478 0.2904 -0.9243
vn -0.3696 -0.1680 -0.9139
vn -0.6197 0.0041 0.7849
vn -0.1168 -0.1478 -0.9821
vn -0.1185 -0.1607 -0.9799
vn -0.2798 0.0352 0.9594
vn -0.9909 -0.1343 -0.0000
vn -0.4417 -0.1559 -0.8835
vn -0.9944 -0.1049 -0.0103
vn -0.8081 0.5602 -0.1820
vn -0.4247 -0.9026 -0.0699
vn -0.9448 0.3273 -0.0163
vn -0.2257 0.9447 -0.2380
vn -0.3257 0.9168 -0.2310
vn -0.3901 -0.9089 -0.1476
vn -0.1280 -0.1503 -0.9803
vn -0.9799 -0.1982 0.0236
vn -0.2758 -0.9612 -0.0000
vn 0.1544 0.2792 -0.9477
vn 0.2724 0.9621 0.0116
vn 0.1977 0.6272 -0.7533
vn -0.8124 -0.5831 -0.0000
vn 0.1005 0.9949 -0.0000
vn -0.6486 -0.7612 -0.0000
vn 0.1493 0.4806 -0.8642
vn -0.8855 -0.4647 -0.0000
vn -0.9720 0.2351 -0.0000
vn 0.2757 0.9607 -0.0312
vn -0.2348 -0.1685 -0.9573
vn 0.1632 0.9866 -0.0000
vn -0.3174 0.0078 0.9483
vn -0.3866 -0.4527 0.8035
vn -0.1659 -0.5746 0.8014
vn 0.0460 0.0036 0.9989
vn 0.0169 0.0299 0.9994
vn -0.5374 -0.2531 0.8044
vn -0.4817 -0.3452 0.8055
vn 0.0114 0.0325 0.9994
vn 0.0219 0.0807 0.9965
vn 0.0172 0.0215 0.9996
vn 0.0353 0.0260 0.9990
vn 0.8854 0.4638 -0.0291
vn -0.6284 -0.7772 0.0328
vn 0.6482 0.7608 -0.0327
vn 0.8120 0.5828 -0.0310
vn -0.4566 -0.8891 0.0326
vn -0.3545 -0.1156 0.9279
vn 0.7007 -0.5529 0.4509
vn -0.2020 -0.1871 0.9613
vn -0.3392 -0.2148 0.9159
vn 0.2099 0.9548 0.2103
vn -0.3272 0.9106 -0.2523
vn -0.4265 -0.8928 -0.1450
vn -0.3711 -0.1817 -0.9106
vn -0.2469 0.2927 -0.9238
vn -0.4834 -0.8752 0.0203
vn -0.3199 -0.5488 -0.7724
vn -0.2594 -0.2845 -0.9229
vn -0.3881 -0.1855 0.9028
vn -0.2972 0.9548 -0.0038
vn -0.3167 -0.3280 0.8900
vn -0.2872 0.9419 0.1745
vn -0.4853 0.3678 0.7932
vn -0.3590 -0.1826 -0.9153
vn -0.2749 0.0504 0.9602
vn 0.1817 0.5762 0.7969
vn 0.0362 0.0704 -0.9969
vn 0.1339 0.4310 0.8924
vn 0.0462 0.1042 -0.9935
vn 0.0403 0.0519 -0.9978
vn 0.1303 0.2453 0.9607
vn -0.4039 -0.1566 -0.9013
vn -0.5320 0.0269 0.8463
vn -0.1394 -0.1603 -0.9772
vn -0.6414 -0.0009 0.7672
vn -0.3589 -0.1684 -0.9181
vn -0.4400 -0.0968 0.8928
vn -0.1835 -0.1452 0.9722
vn -0.2087 -0.9553 -0.2095
vn -0.7993 -0.4470 -0.4017
vn 0.0689 -0.9975 -0.0130
vn 0.2345 0.9595 0.1560
vn -0.1265 -0.0000 0.9920
vn -0.5511 0.0163 0.8343
vn -0.4091 -0.1382 0.9020
vn -0.1608 0.2487 0.9551
vn -0.1068 -0.0000 0.9943
vn 0.0054 0.2089 0.9779
vn -0.1113 -0.0000 0.9938
vn -0.2483 -0.1281 0.9602
vn -0.0994 0.5057 0.8569
vn -0.2694 -0.1296 0.9543
vn -0.3225 0.6081 0.7254
vn -0.1280 0.1104 -0.9856
vn -0.2808 0.8728 -0.3992
vn -0.9502 -0.0312 0.3100
vn 0.0373 0.8933 0.4478
vn -0.1229 0.2035 0.9713
vn -0.1103 0.0816 0.9905
vn -0.9411 -0.0000 0.3383
vn -0.0764 0.0363 -0.9964
vn -0.9330 0.0215 -0.3592
vn -0.0010 -0.2563 0.9666
vn -0.2789 -0.1834 0.9427
vn -0.2808 -0.8728 0.3992
vn -0.1287 -0.1838 0.9745
vn -0.2789 0.1834 -0.9427
vn -0.1280 -0.1104 -0.9856
vn -0.0007 -0.9493 -0.3145
vn -0.1579 0.1886 -0.9693
vn -0.2485 0.8862 0.3909
vn -0.1083 -0.1899 0.9758
vn -0.2789 0.1834 0.9427
vn -0.2808 0.8728 0.3992
vn -0.2808 -0.8728 -0.3992
vn -0.2789 -0.1834 -0.9427
vn -0.0007 -0.9493 0.3145
vn -0.1083 -0.1899 -0.9758
vn -0.1579 0.1886 0.9693
vn -0.2485 0.8862 -0.3909
vn -0.0500 0.9421 -0.3315
vn -0.0101 0.1910 0.9815
vn -0.0101 -0.1910 -0.9815
vn -0.0500 -0.9421 0.3315
vn -0.5511 0.1821 0.8143
vn -0.5511 -0.1821 -0.8143
vn -0.5429 -0.7259 0.4222
vn -0.5429 -0.7259 -0.4222
vn -0.0101 -0.1910 0.9815
vn -0.0500 0.9421 0.3315
vn -0.0101 0.1910 -0.9815
vn -0.0500 -0.9421 -0.3315
vn -0.3723 -0.2026 -0.9057
vn -0.5429 0.7259 -0.4222
vn -0.5511 -0.1821 0.8143
vn -0.5429 0.7259 0.4222
vn -0.5511 0.1821 -0.8143
vn -0.3479 -0.8557 0.3831
vn -0.3479 -0.8557 -0.3831
vn -0.9554 0.0213 -0.2945
vn -0.1512 0.0156 0.9884
vn -0.3723 0.2026 -0.9057
vn -0.9444 -0.0718 -0.3209
vn -0.9308 -0.0000 -0.3655
vn -0.9444 0.0718 0.3209
vn -0.9308 -0.0000 0.3655
vn -0.3723 0.2026 0.9057
vn -0.3479 0.8557 -0.3831
vn -0.3723 -0.2026 0.9057
vn -0.3479 0.8557 0.3831
vn 0.3073 0.9397 0.1500
vn 0.3960 -0.2004 0.8961
vn 0.3073 0.9397 -0.1500
vn 0.3960 0.2004 0.8961
vn 0.3960 0.2004 -0.8961
vn 0.3073 -0.9397 -0.1500
vn 0.3073 -0.9397 0.1500
vn 0.3960 -0.2004 -0.8961
vn -0.1474 0.0713 0.9865
vn 0.1031 -0.0597 -0.9929
vn -0.1198 -0.0161 -0.9927
vn -0.1285 -0.1894 0.9735
vn -0.3443 -0.9349 -0.0861
vn -0.1096 0.9852 -0.1318
vn -0.0787 -0.0000 -0.9969
vn -0.1126 0.0594 0.9919
vn -0.1162 0.1897 0.9749
vn -0.1488 0.9198 0.3629
vn -0.2676 -0.9635 -0.0000
vn -0.1198 0.0161 -0.9927
vn 0.9577 0.0856 0.2747
vn -0.0010 -0.2563 -0.9666
vn 0.9594 -0.1644 0.2292
vn -0.9502 -0.0312 -0.3100
vn 0.9594 -0.1644 -0.2292
vn 0.9608 -0.0117 -0.2771
vn -0.9116 0.0291 -0.4100
vn -0.9083 -0.0812 0.4104
vn -0.9083 -0.0812 -0.4104
vn 0.9577 0.0856 -0.2747
vn 0.0384 0.9617 0.2714
vn 0.9608 -0.0117 0.2771
vn -0.9116 0.0291 0.4100
vn 0.9272 -0.2945 -0.2315
vn -0.9375 0.1938 -0.2890
vn 0.9272 -0.2946 0.2315
vn -0.0001 -0.2941 -0.9558
vn -0.0001 -0.2941 0.9558
vn -0.9375 0.1938 0.2890
vn 0.0254 -0.9988 0.0410
vn -0.0359 -0.9984 0.0442
vn 0.9878 0.1490 -0.0455
vn -0.0360 -0.9994 0.0004
vn -0.9076 -0.0492 -0.4170
vn 0.9487 0.1431 -0.2821
vn 0.9581 0.0520 0.2818
vn -0.9076 -0.0492 0.4170
vn 0.1137 -0.9935 -0.0003
vn 0.5281 0.8294 0.1823
vn 0.1153 -0.9933 -0.0003
vn -0.9985 -0.0542 0.0047
vn -0.5852 0.7787 0.2261
vn 0.0162 0.3884 0.9214
vn -0.5250 0.8335 -0.1721
vn -0.1508 0.6188 -0.7709
vn 0.6708 0.2388 -0.7022
vn 0.9878 0.1494 0.0443
vn 0.0505 0.2338 0.9710
vn 0.4743 0.2557 0.8425
vn 0.3404 0.9327 0.1191
vn 0.1425 0.2598 -0.9551
vn 0.0945 -0.5430 -0.8344
vn 0.1227 0.0662 0.9902
vn 0.3997 -0.8014 -0.4449
vn 0.2971 0.9548 -0.0000
vn 0.9844 0.1691 -0.0495
vn 0.1415 -0.2854 -0.9479
vn 0.3582 0.1146 0.9266
vn 0.9524 0.3048 -0.0000
vn 0.3430 -0.2676 -0.9004
vn 0.1884 0.4618 0.8668
vn 0.1016 -0.9948 -0.0006
vn 0.3590 -0.1991 -0.9119
vn 0.7603 -0.1315 0.6361
vn 0.7599 0.6497 -0.0199
vn 0.2738 -0.6061 -0.7468
vn 0.5021 -0.7196 0.4796
vn 0.7892 0.6039 0.1119
vn 0.8086 0.2357 0.5390
vn 0.2400 0.2867 -0.9275
vn 0.3776 -0.1569 -0.9126
vn 0.6197 0.0041 0.7849
vn 0.1156 -0.1490 -0.9821
vn 0.0999 -0.1948 -0.9757
vn 0.2798 0.0352 0.9594
vn 0.4417 -0.1559 -0.8835
vn 0.9929 -0.1174 -0.0171
vn 0.8081 0.5602 -0.1820
vn 0.9831 0.1350 -0.1235
vn 0.2066 0.9523 -0.2246
vn 0.3257 0.9168 -0.2310
vn 0.3901 -0.9089 -0.1476
vn 0.0844 -0.1643 -0.9828
vn -0.1431 0.4797 -0.8657
vn -0.2758 0.9612 -0.0000
vn -0.1573 0.9513 -0.2650
vn -0.0615 0.6095 -0.7904
vn 0.1230 -0.2774 -0.9528
vn 0.3174 0.0078 0.9483
vn 0.3880 -0.4554 0.8013
vn 0.0962 -0.0733 0.9927
vn -0.0460 0.0036 0.9989
vn -0.0169 0.0299 0.9994
vn 0.5374 -0.2531 0.8044
vn 0.4836 -0.3471 0.8035
vn -0.0044 0.0099 0.9999
vn -0.0219 0.0807 0.9965
vn -0.0172 0.0215 0.9996
vn -0.0353 0.0260 0.9990
vn 0.3545 -0.1156 0.9279
vn 0.2736 -0.1039 0.9562
vn 0.3392 -0.2148 0.9159
vn -0.2099 0.9548 0.2103
vn 0.3272 0.9106 -0.2523
vn 0.4883 -0.8701 -0.0674
vn 0.3797 -0.1676 -0.9098
vn 0.2410 0.2907 -0.9260
vn 0.4834 -0.8752 0.0203
vn 0.2741 -0.5731 -0.7723
vn 0.3585 -0.2419 -0.9016
vn 0.3138 -0.0056 0.9495
vn 0.2972 0.9548 -0.0038
vn 0.3167 -0.3280 0.8900
vn 0.3485 0.9268 0.1401
vn 0.4853 0.3678 0.7932
vn 0.2749 0.0504 0.9602
vn -0.1817 0.5762 0.7969
vn -0.0308 0.0992 -0.9946
vn -0.1339 0.4310 0.8924
vn -0.1202 0.3814 -0.9166
vn -0.0459 0.0729 -0.9963
vn -0.1303 0.2453 0.9607
vn 0.4039 -0.1566 -0.9013
vn 0.6512 -0.1127 0.7505
vn 0.1201 -0.1944 -0.9735
vn 0.6414 -0.0009 0.7672
vn 0.3684 -0.1570 -0.9163
vn 0.4400 -0.0968 0.8928
vn 0.1835 -0.1452 0.9722
vn 0.2910 -0.9446 -0.1521
vn -0.0689 -0.9975 -0.0130
vn -0.2358 0.9630 0.1308
vn 0.1170 -0.1175 0.9861
vn 0.5511 0.0163 0.8343
vn 0.2878 0.0451 0.9566
vn 0.1608 0.2487 0.9551
vn 0.0110 -0.1076 0.9941
vn -0.0054 0.2089 0.9779
vn 0.1016 -0.1162 0.9880
vn 0.2585 -0.0942 0.9614
vn 0.0996 0.5253 0.8451
vn 0.2694 -0.1296 0.9543
vn 0.3225 0.6081 0.7254
vn 0.1280 0.1104 -0.9856
vn 0.9502 -0.0312 0.3100
vn 0.0618 0.9707 0.2322
vn 0.1229 0.2035 0.9713
vn 0.1103 0.0816 0.9905
vn 0.9330 0.0215 0.3592
vn 0.1126 0.0594 -0.9919
vn 0.9330 0.0215 -0.3592
vn 0.0010 -0.2563 0.9666
vn 0.1287 -0.1838 0.9745
vn 0.0574 -0.1907 -0.9800
vn 0.0713 0.9507 -0.3018
vn -0.0000 0.2183 0.9759
vn -0.0000 -0.2183 -0.9759
vn 0.0713 -0.9507 0.3018
vn 0.5511 0.1821 0.8144
vn 0.0101 -0.1910 0.9815
vn 0.0500 0.9421 0.3315
vn 0.0101 0.1910 -0.9815
vn 0.0500 -0.9421 -0.3315
vn 0.5511 -0.1821 0.8143
vn 0.5511 0.1821 -0.8143
vn 0.0740 0.0719 -0.9947
vn 0.1512 0.0156 0.9884
vn 0.9444 -0.0718 -0.3209
vn 0.9444 0.0718 -0.3209
vn 0.9444 0.0718 0.3209
vn 0.1474 0.0713 0.9865
vn 0.0759 0.0440 -0.9961
vn 0.0581 -0.1111 -0.9921
vn 0.1285 -0.1894 0.9735
vn 0.3443 -0.9349 -0.0861
vn 0.1096 0.9852 -0.1318
vn 0.1149 0.0361 -0.9927
vn 0.1126 0.0594 0.9919
vn 0.1162 0.1897 0.9749
vn 0.0570 0.8760 0.4789
vn 0.3398 -0.9365 0.0872
vn 0.1198 0.0161 -0.9927
vn -0.0062 -0.2513 -0.9679
vn -0.9543 -0.1123 0.2770
vn 0.9104 0.0620 -0.4090
vn -0.9594 -0.1644 -0.2292
vn -0.9599 -0.0130 -0.2801
vn 0.9098 0.0309 -0.4138
vn -0.0346 0.9624 0.2693
vn -0.9608 -0.0117 0.2771
vn 0.9116 0.0291 0.4100
vn -0.9272 -0.2945 -0.2315
vn 0.9034 0.3101 -0.2962
vn -0.9497 -0.2074 0.2347
vn 0.0012 -0.2992 -0.9542
vn 0.0001 -0.2941 0.9558
vn 0.9375 0.1938 0.2890
vn -0.0254 -0.9988 0.0410
vn -0.0254 -0.9988 -0.0410
vn -0.9985 0.0542 -0.0047
vn -0.5281 0.8294 0.1823
vn 0.5791 0.7813 0.2327
vn -0.0162 0.3884 0.9214
vn 0.5250 0.8335 -0.1721
vn -0.3835 0.9162 -0.1164
vn -0.4666 0.4650 -0.7524
vn -0.9746 0.2241 -0.0000
vn -0.0505 0.2338 0.9710
vn -0.3243 0.2147 0.9213
vn -0.3404 0.9327 0.1191
vn -0.0537 0.2961 -0.9536
vn -0.0945 -0.5430 -0.8344
vn -0.1227 0.0662 0.9902
vn -0.3997 -0.8014 -0.4449
vn -0.2916 0.9565 -0.0037
vn -0.9855 0.1646 -0.0421
vn -0.1415 -0.2854 -0.9479
vn -0.3582 0.1146 0.9266
vn -0.9524 0.3048 0.0002
vn -0.3430 -0.2676 -0.9004
vn -0.1884 0.4618 0.8668
vn -0.2359 -0.8985 -0.3702
vn -0.3590 -0.1991 -0.9119
vn -0.6200 -0.2964 0.7264
vn -0.7453 0.6656 -0.0374
vn -0.2738 -0.6061 -0.7468
vn -0.8375 -0.2937 0.4609
vn -0.7892 0.6039 0.1119
vn -0.8086 0.2357 0.5390
vn -0.4323 -0.9015 0.0210
vn -0.2400 0.2867 -0.9275
vn -0.3776 -0.1569 -0.9126
vn -0.6335 0.0224 0.7734
vn -0.1156 -0.1490 -0.9821
vn -0.0999 -0.1948 -0.9757
vn -0.5617 0.2813 0.7781
vn -0.4104 -0.1131 -0.9048
vn -0.9929 -0.1174 -0.0171
vn -0.7570 0.5963 -0.2671
vn -0.9831 0.1350 -0.1235
vn -0.2066 0.9523 -0.2246
vn -0.2946 0.9210 -0.2549
vn -0.3824 -0.9135 -0.1388
vn -0.0844 -0.1643 -0.9828
vn 0.1431 0.4797 -0.8657
vn 0.2758 0.9612 -0.0000
vn 0.1573 0.9513 -0.2650
vn 0.0615 0.6095 -0.7904
vn -0.1230 -0.2774 -0.9528
vn 0.0212 0.0321 0.9993
vn -0.3880 -0.4554 0.8013
vn -0.0962 -0.0733 0.9927
vn -0.1793 -0.2312 0.9562
vn 0.0127 0.0248 0.9996
vn -0.0951 -0.0963 0.9908
vn -0.4836 -0.3471 0.8035
vn 0.0044 0.0099 0.9999
vn 0.0691 0.0321 0.9971
vn 0.0131 0.0224 0.9997
vn 0.0169 0.0449 0.9988
vn -0.3199 -0.0540 0.9459
vn -0.2736 -0.1039 0.9562
vn -0.2741 -0.1028 0.9562
vn 0.2677 0.9528 0.1431
vn -0.2932 0.9141 -0.2802
vn -0.4883 -0.8701 -0.0674
vn -0.3797 -0.1676 -0.9098
vn -0.2410 0.2907 -0.9260
vn -0.4403 -0.8971 0.0359
vn -0.2741 -0.5731 -0.7723
vn -0.3585 -0.2419 -0.9016
vn -0.3138 -0.0056 0.9495
vn -0.2916 0.9565 -0.0076
vn -0.5942 -0.1368 0.7926
vn -0.3485 0.9268 0.1401
vn -0.2956 0.2907 0.9100
vn -0.3912 -0.0660 0.9179
vn 0.1556 0.9406 0.3017
vn 0.0308 0.0992 -0.9946
vn 0.0561 0.5555 0.8296
vn 0.1202 0.3814 -0.9166
vn 0.0459 0.0729 -0.9963
vn 0.1232 0.4293 0.8947
vn -0.9925 -0.1221 -0.0000
vn -0.3639 -0.1098 -0.9249
vn -0.6512 -0.1127 0.7505
vn -0.1201 -0.1944 -0.9735
vn -0.6487 0.0216 0.7607
vn -0.3684 -0.1570 -0.9163
vn -0.4665 -0.0663 0.8820
vn -0.2199 -0.0272 0.9751
vn -0.2910 -0.9446 -0.1521
vn 0.0692 -0.9975 -0.0107
vn 0.2358 0.9630 0.1308
vn -0.1170 -0.1175 0.9861
vn -0.2680 -0.2929 0.9178
vn -0.2878 0.0451 0.9566
vn -0.3660 0.5979 0.7131
vn -0.0110 -0.1076 0.9941
vn -0.6213 -0.1383 0.7713
vn -0.1016 -0.1162 0.9880
vn -0.2585 -0.0942 0.9614
vn -0.0996 0.5253 0.8451
vn -0.2684 -0.2882 0.9192
vn -0.3105 0.4860 0.8169
vn -0.0574 0.1907 -0.9800
vn -0.9104 0.0620 0.4090
vn -0.0618 0.9707 0.2322
vn -0.1279 0.2116 0.9690
vn -0.1441 0.1153 0.9828
vn -0.9330 0.0215 0.3592
vn -0.1126 0.0594 -0.9919
vn -0.9411 -0.0000 -0.3383
vn 0.0062 -0.2513 0.9679
vn -0.1331 -0.1772 0.9751
vn -0.0574 -0.1907 -0.9800
vn -0.0713 0.9507 -0.3018
vn -0.0713 -0.9507 0.3018
vn -0.5511 0.1821 0.8144
vn -0.5511 -0.1821 -0.8144
vn -0.0713 0.9507 0.3018
vn -0.0713 -0.9507 -0.3018
vn -0.5511 -0.1821 0.8144
vn -0.5511 0.1821 -0.8144
vn -0.0740 0.0719 -0.9947
vn -0.9554 0.0213 0.2945
vn 0.1255 -0.1442 0.9816
vn -0.9444 0.0718 -0.3209
vn -0.9444 -0.0718 0.3209
vn -0.0759 0.0440 -0.9961
vn -0.0581 -0.1111 -0.9921
vn -0.1336 -0.1837 0.9739
vn 0.1686 0.9536 -0.2495
vn -0.1149 0.0361 -0.9927
vn -0.1467 0.0812 0.9858
vn -0.1282 0.2033 0.9707
vn -0.0570 0.8760 0.4789
vn -0.3398 -0.9365 0.0872
vn -0.0581 0.1111 -0.9921
vn 0.0062 -0.2513 -0.9679
vn 0.9543 -0.1123 0.2770
vn -0.9104 0.0620 -0.4090
vn 0.9543 -0.1123 -0.2770
vn 0.9599 -0.0130 -0.2801
vn -0.9098 0.0309 -0.4138
vn 0.0346 0.9624 0.2693
vn 0.9599 -0.0130 0.2801
vn -0.9098 0.0309 0.4138
vn 0.9497 -0.2074 -0.2347
vn -0.9034 0.3101 -0.2962
vn 0.9497 -0.2074 0.2347
vn -0.0012 -0.2992 -0.9542
vn -0.0012 -0.2992 0.9542
vn -0.9034 0.3101 0.2962
vn -0.0359 -0.9984 -0.0442
vn 0.0254 -0.9988 -0.0410
vn 0.9985 0.0542 -0.0047
vn 0.5208 0.8323 0.1897
vn -0.5791 0.7813 0.2327
vn 0.3628 0.8667 0.3422
vn -0.2926 0.9562 -0.0000
vn 0.3835 0.9162 -0.1164
vt 0.076499 0.853562
vt 0.068612 0.851220
vt 0.073426 0.848109
vt 0.060250 0.835775
vt 0.046534 0.836050
vt 0.045388 0.828675
vt 0.079784 0.804117
vt 0.063346 0.801393
vt 0.060441 0.791132
vt 0.038991 0.865033
vt 0.009506 0.851633
vt 0.020459 0.845425
vt 0.008471 0.816913
vt 0.019182 0.818190
vt 0.026368 0.825670
vt 0.029747 0.842806
vt 0.044219 0.857121
vt 0.091486 0.788080
vt 0.063412 0.761140
vt 0.096594 0.778862
vt 0.101204 0.873533
vt 0.067592 0.874635
vt 0.090618 0.863396
vt 0.121463 0.830458
vt 0.110739 0.811451
vt 0.121463 0.807043
vt 0.059880 0.770962
vt 0.046575 0.763859
vt 0.072108 0.816375
vt 0.075636 0.810460
vt 0.092279 0.828350
vt 0.087147 0.820373
vt 0.094719 0.819205
vt 0.078373 0.820830
vt 0.083910 0.817303
vt 0.055678 0.863429
vt 0.052692 0.872164
vt 0.031876 0.875614
vt 0.089309 0.812680
vt 0.063756 0.838031
vt 0.053438 0.842943
vt 0.067399 0.830165
vt 0.066716 0.829780
vt 0.067351 0.830058
vt 0.113152 0.858114
vt 0.108425 0.828930
vt 0.035698 0.799452
vt 0.032667 0.783276
vt 0.044696 0.790022
vt 0.017685 0.797000
vt 0.026183 0.781002
vt 0.049283 0.816148
vt 0.057529 0.804645
vt 0.085868 0.843269
vt 0.086556 0.827821
vt 0.010431 0.765553
vt 0.009520 0.802287
vt 0.018804 0.798683
vt 0.032541 0.765748
vt 0.092477 0.846759
vt 0.099793 0.828529
vt 0.048464 0.803987
vt 0.053119 0.795763
vt 0.085433 0.796436
vt 0.096994 0.807551
vt 0.061416 0.848498
vt 0.048938 0.850074
vt 0.102102 0.815451
vt 0.035572 0.826861
vt 0.059793 0.780970
vt 0.067241 0.865700
vt 0.082931 0.858139
vt 0.081558 0.848858
vt 0.088102 0.852883
vt 0.046907 0.822475
vt 0.041051 0.814956
vt 0.075209 0.834769
vt 0.071276 0.827228
vt 0.095896 0.857694
vt 0.107808 0.866236
vt 0.035557 0.817851
vt 0.039273 0.813307
vt 0.018998 0.808828
vt 0.008995 0.809657
vt 0.059780 0.828139
vt 0.077387 0.844349
vt 0.070945 0.837115
vt 0.058442 0.855926
vt 0.067528 0.887827
vt 0.106105 0.802054
vt 0.116835 0.796555
vt 0.068390 0.831675
vt 0.069073 0.828782
vt 0.062579 0.823641
vt 0.069578 0.820267
vt 0.063646 0.824241
vt 0.065706 0.829501
vt 0.065958 0.830275
vt 0.069953 0.825944
vt 0.067538 0.831605
vt 0.066974 0.831192
vt 0.067273 0.830692
vt 0.067500 0.830323
vt 0.067479 0.830866
vt 0.067612 0.829615
vt 0.068462 0.828303
vt 0.066509 0.830793
vt 0.066619 0.829948
vt 0.066799 0.830202
vt 0.067934 0.829834
vt 0.067448 0.830260
vt 0.067480 0.830312
vt 0.067445 0.830267
vt 0.069401 0.825713
vt 0.070547 0.818692
vt 0.067661 0.830973
vt 0.067013 0.830446
vt 0.061268 0.823274
vt 0.068246 0.828183
vt 0.065898 0.829315
vt 0.067535 0.829583
vt 0.066663 0.829861
vt 0.068834 0.825602
vt 0.066087 0.829159
vt 0.068064 0.828105
vt 0.067468 0.829558
vt 0.023471 0.812663
vt 0.012971 0.670922
vt 0.012304 0.676549
vt 0.008683 0.676448
vt 0.026619 0.801779
vt 0.034827 0.802150
vt 0.039953 0.808553
vt 0.015868 0.683929
vt 0.017773 0.680193
vt 0.066917 0.858320
vt 0.100292 0.851068
vt 0.037653 0.840092
vt 0.023290 0.806538
vt 0.067451 0.830282
vt 0.067508 0.830321
vt 0.080946 0.840092
vt 0.022380 0.678034
vt 0.022095 0.682235
vt 0.017878 0.676415
vt 0.019397 0.672823
vt 0.014695 0.674320
vt 0.025072 0.685120
vt 0.025058 0.676110
vt 0.281411 0.687094
vt 0.240340 0.692281
vt 0.240066 0.687094
vt 0.048724 0.775767
vt 0.050492 0.781471
vt 0.046779 0.777048
vt 0.302591 0.687333
vt 0.299550 0.692415
vt 0.298889 0.690002
vt 0.043878 0.763740
vt 0.282383 0.692777
vt 0.240849 0.698259
vt 0.240696 0.695440
vt 0.282581 0.694391
vt 0.732955 0.314915
vt 0.691864 0.320070
vt 0.691507 0.316911
vt 0.750057 0.314632
vt 0.733551 0.317407
vt 0.074987 0.965409
vt 0.064746 0.966166
vt 0.067907 0.961371
vt 0.058457 0.965380
vt 0.063767 0.964731
vt 0.294741 0.772202
vt 0.240488 0.837184
vt 0.243023 0.816996
vt 0.044184 0.987538
vt 0.047314 0.970673
vt 0.053640 0.972246
vt 0.042626 0.964161
vt 0.036106 0.981664
vt 0.029278 0.972352
vt 0.034704 0.938666
vt 0.023994 0.960303
vt 0.018023 0.942960
vt 0.059611 0.950266
vt 0.046239 0.936756
vt 0.060057 0.937742
vt 0.078788 0.957078
vt 0.073505 0.937982
vt 0.084558 0.940678
vt 0.282869 0.854522
vt 0.225390 0.849968
vt 0.049755 0.960743
vt 0.051494 0.954622
vt 0.051705 0.960209
vt 0.049186 0.953537
vt 0.039403 0.955519
vt 0.066019 0.960697
vt 0.069035 0.954426
vt 0.113136 0.936797
vt 0.144224 0.945048
vt 0.142787 0.948191
vt 0.162033 0.913906
vt 0.149800 0.946583
vt 0.147146 0.944778
vt 0.179646 0.962427
vt 0.146854 0.954046
vt 0.148801 0.950554
vt 0.114960 0.973852
vt 0.143740 0.953695
vt 0.134185 0.986579
vt 0.053691 0.964260
vt 0.052691 0.965481
vt 0.058504 0.964181
vt 0.066682 0.955240
vt 0.059553 0.952615
vt 0.146549 0.953160
vt 0.148103 0.950280
vt 0.141670 0.951536
vt 0.144109 0.952915
vt 0.148916 0.947086
vt 0.139218 0.910541
vt 0.156297 0.988220
vt 0.179646 0.927507
vt 0.146019 0.949041
vt 0.145732 0.949757
vt 0.146929 0.945610
vt 0.145492 0.948850
vt 0.144592 0.945789
vt 0.143383 0.948424
vt 0.145211 0.949552
vt 0.142487 0.951199
vt 0.145448 0.949719
vt 0.145691 0.949623
vt 0.145774 0.948878
vt 0.145535 0.948980
vt 0.145334 0.949185
vt 0.145334 0.949486
vt 0.145415 0.949216
vt 0.145897 0.949417
vt 0.234954 0.958607
vt 0.229669 0.962471
vt 0.229515 0.957064
vt 0.145895 0.949111
vt 0.145496 0.949596
vt 0.145814 0.949385
vt 0.145729 0.949003
vt 0.224302 0.962692
vt 0.226204 0.967716
vt 0.221169 0.969695
vt 0.227667 0.964916
vt 0.882713 0.272603
vt 0.849053 0.270875
vt 0.852875 0.261901
vt 0.885512 0.256992
vt 0.849542 0.252980
vt 0.859382 0.303394
vt 0.841861 0.277551
vt 0.831945 0.275516
vt 0.821783 0.315528
vt 0.810927 0.264661
vt 0.233471 0.964983
vt 0.231827 0.963339
vt 0.229837 0.966350
vt 0.232008 0.967784
vt 0.230006 0.970228
vt 0.227848 0.969360
vt 0.224721 0.974092
vt 0.230160 0.975636
vt 0.235373 0.970007
vt 0.238506 0.963005
vt 0.256941 0.984259
vt 0.202734 0.979076
vt 0.214891 0.988970
vt 0.256941 0.953623
vt 0.228759 0.996273
vt 0.244784 0.943730
vt 0.202734 0.948441
vt 0.230916 0.936427
vt 0.844537 0.310080
vt 0.885698 0.234533
vt 0.835266 0.234533
vt 0.088157 0.974295
vt 0.094090 0.962733
vt 0.835329 0.259782
vt 0.821057 0.248687
vt 0.100714 0.945882
vt 0.069123 0.972561
vt 0.207285 0.847817
vt 0.220821 0.849583
vt 0.231642 0.841088
vt 0.211459 0.772202
vt 0.207683 0.829746
vt 0.177732 0.811723
vt 0.190969 0.862005
vt 0.238942 0.882265
vt 0.222537 0.816699
vt 0.207375 0.834355
vt 0.187294 0.864394
vt 0.207772 0.847375
vt 0.230926 0.827444
vt 0.185740 0.864057
vt 0.217354 0.824943
vt 0.189480 0.865403
vt 0.183242 0.870287
vt 0.189685 0.866459
vt 0.186306 0.863701
vt 0.176522 0.873400
vt 0.180791 0.868197
vt 0.183692 0.868356
vt 0.848493 0.255326
vt 0.837394 0.261378
vt 0.851328 0.262387
vt 0.834055 0.273949
vt 0.841973 0.275833
vt 0.847798 0.269992
vt 0.181300 0.868831
vt 0.174474 0.874725
vt 0.179619 0.871508
vt 0.184642 0.867784
vt 0.182182 0.870794
vt 0.183140 0.870522
vt 0.183872 0.870053
vt 0.182725 0.869621
vt 0.184341 0.872109
vt 0.180679 0.873178
vt 0.163784 0.885418
vt 0.052323 0.982189
vt 0.045569 0.988629
vt 0.068693 0.982355
vt 0.079686 0.984758
vt 0.048305 0.884058
vt 0.301573 0.695038
vt 0.048468 0.782061
vt 0.281787 0.690285
vt 0.750718 0.317044
vt 0.873786 0.289953
vt 0.008709 0.800169
vt 0.076039 0.988629
s 0
usemtl Material
f 55/1/1 4/2/1 47/3/1
f 53/4/2 2/5/2 48/6/2
f 44/7/3 1/8/3 38/9/3
f 23/10/4 8/11/4 12/12/4
f 12/12/5 49/13/5 51/14/5
f 116/15/6 12/12/6 51/14/6
f 23/10/7 106/16/7 113/17/7
f 24/18/8 7/19/8 22/20/8
f 50/21/9 9/22/9 52/23/9
f 16/24/10 11/25/10 5/26/10
f 10/27/11 146/28/11 7/19/11
f 86/29/12 1/8/12 19/30/12
f 42/31/13 3/32/13 39/33/13
f 62/34/12 19/30/12 56/35/12
f 118/36/14 23/10/14 113/17/14
f 60/37/15 21/38/15 23/10/15
f 64/39/3 19/30/3 44/7/3
f 66/40/16 20/41/16 53/4/16
f 81/42/17 95/43/17 99/44/17
f 29/45/18 18/46/18 16/24/18
f 109/47/19 17/48/19 107/49/19
f 17/48/20 35/50/20 36/51/20
f 86/29/21 27/52/21 14/53/21
f 46/54/22 13/55/22 42/31/22
f 35/50/23 34/56/23 36/51/23
f 28/57/24 35/50/24 30/58/24
f 15/59/25 36/51/25 34/56/25
f 114/60/26 42/31/26 112/61/26
f 14/53/27 45/62/27 41/63/27
f 64/39/28 108/64/28 117/65/28
f 57/66/29 43/67/29 20/41/29
f 112/61/30 39/33/30 105/68/30
f 1/8/31 41/63/31 38/9/31
f 43/67/32 2/5/32 20/41/32
f 2/5/33 54/69/33 48/6/33
f 108/64/34 38/9/34 111/70/34
f 110/71/35 55/1/35 115/72/35
f 115/72/36 129/73/36 139/74/36
f 122/75/37 54/69/37 128/76/37
f 63/77/38 67/78/38 62/34/38
f 50/21/39 126/79/39 124/80/39
f 128/76/40 103/81/40 137/82/40
f 125/83/41 49/13/41 123/84/41
f 127/85/42 48/6/42 122/75/42
f 129/73/43 47/3/43 121/86/43
f 47/3/44 130/87/44 121/86/44
f 4/2/45 65/88/45 57/66/45
f 39/33/46 117/65/46 105/68/46
f 13/55/21 63/77/21 62/34/21
f 4/2/47 66/40/47 47/3/47
f 3/32/3 64/39/3 39/33/3
f 6/89/48 60/37/48 9/22/48
f 110/71/49 60/37/49 118/36/49
f 5/26/50 61/90/50 59/91/50
f 3/32/12 62/34/12 56/35/12
f 71/92/51 73/93/51 67/78/51
f 32/94/52 98/95/52 97/96/52
f 127/85/41 69/97/41 131/98/41
f 62/34/53 87/99/53 86/29/53
f 66/40/54 132/100/54 130/87/54
f 53/4/55 72/101/55 66/40/55
f 78/102/56 136/103/56 134/104/56
f 73/93/57 92/105/57 88/106/57
f 70/107/58 78/102/58 72/101/58
f 131/98/41 75/108/41 133/109/41
f 87/99/59 73/93/59 88/106/59
f 72/101/60 134/104/60 132/100/60
f 79/110/61 91/111/61 92/105/61
f 84/112/62 135/113/62 136/103/62
f 68/114/63 98/95/63 25/115/63
f 77/116/64 79/110/64 73/93/64
f 76/117/65 84/112/65 78/102/65
f 133/109/41 91/111/41 135/113/41
f 25/115/66 85/118/66 86/29/66
f 68/114/67 88/106/67 74/119/67
f 25/115/68 87/99/68 68/114/68
f 32/94/69 69/97/69 85/118/69
f 89/120/70 75/108/70 69/97/70
f 81/42/71 92/105/71 91/111/71
f 74/119/72 92/105/72 80/121/72
f 81/42/73 75/108/73 90/122/73
f 97/96/74 94/123/74 93/124/74
f 93/124/75 96/125/75 95/43/75
f 95/43/76 100/126/76 99/44/76
f 81/42/77 100/126/77 80/121/77
f 32/94/78 93/124/78 89/120/78
f 68/114/79 96/125/79 94/123/79
f 74/119/80 100/126/80 96/125/80
f 90/122/81 93/124/81 95/43/81
f 125/83/82 104/127/82 51/14/82
f 104/128/83 141/129/83 51/130/83
f 101/131/84 109/47/84 119/132/84
f 102/133/85 109/47/85 45/62/85
f 116/134/86 141/129/86 140/135/86
f 37/136/87 118/36/87 65/88/87
f 105/68/88 61/90/88 11/25/88
f 52/23/89 139/74/89 126/79/89
f 9/22/90 115/72/90 52/23/90
f 24/18/91 111/70/91 10/27/91
f 18/46/92 105/68/92 11/25/92
f 117/65/28 24/18/28 61/90/28
f 31/137/93 112/61/93 18/46/93
f 45/62/94 107/49/94 41/63/94
f 65/88/95 113/17/95 43/67/95
f 38/9/96 107/49/96 111/70/96
f 113/17/97 40/138/97 43/67/97
f 54/69/98 106/16/98 116/15/98
f 126/79/99 114/60/99 31/137/99
f 30/58/100 138/139/100 125/83/100
f 76/117/101 135/113/101 82/140/101
f 136/103/62 91/111/62 83/141/62
f 132/100/102 77/116/102 71/92/102
f 70/107/103 133/109/103 76/117/103
f 134/104/104 83/141/104 77/116/104
f 130/87/105 71/92/105 63/77/105
f 53/4/106 131/98/106 70/107/106
f 26/142/107 130/87/107 63/77/107
f 46/54/108 121/86/108 26/142/108
f 85/118/42 122/75/42 27/52/42
f 125/83/41 28/57/41 30/58/41
f 128/76/109 102/133/109 45/62/109
f 124/80/110 31/137/110 29/45/110
f 27/52/111 128/76/111 45/62/111
f 139/74/112 46/54/112 114/60/112
f 140/135/113 144/143/113 145/144/113
f 141/129/114 142/145/114 140/135/114
f 120/146/115 143/147/115 104/128/115
f 54/148/116 144/143/116 103/149/116
f 120/146/117 144/143/117 142/145/117
f 116/134/118 145/144/118 54/148/118
f 148/150/119 155/151/119 146/152/119
f 148/153/120 111/70/120 147/154/120
f 150/155/121 107/49/121 17/48/121
f 147/156/122 154/157/122 157/158/122
f 150/155/123 15/59/123 149/159/123
f 107/49/124 147/154/124 111/70/124
f 153/160/125 149/161/125 152/162/125
f 154/157/126 150/163/126 153/160/126
f 156/164/127 152/165/127 155/166/127
f 157/158/128 148/150/128 147/156/128
f 157/167/129 153/168/129 156/164/129
f 250/169/130 161/170/130 175/171/130
f 171/172/131 187/173/131 161/170/131
f 273/174/132 256/175/132 253/176/132
f 172/177/133 244/178/133 247/179/133
f 249/180/134 165/181/134 177/182/134
f 252/183/135 168/184/135 222/185/135
f 174/186/136 221/187/136 224/188/136
f 246/189/137 220/190/137 251/191/137
f 220/190/138 174/186/138 224/188/138
f 272/192/139 255/193/139 256/175/139
f 176/194/140 185/195/140 184/196/140
f 174/186/141 185/195/141 167/197/141
f 245/198/142 177/182/142 168/184/142
f 175/171/143 187/173/143 182/199/143
f 250/169/144 166/200/144 246/189/144
f 186/201/145 191/202/145 194/203/145
f 182/204/146 195/205/146 190/206/146
f 180/207/147 189/208/147 179/209/147
f 185/210/148 192/211/148 184/212/148
f 176/194/149 181/213/149 159/214/149
f 171/172/150 181/213/150 180/215/150
f 174/186/151 183/216/151 186/217/151
f 175/171/152 183/216/152 166/200/152
f 179/209/153 197/218/153 188/219/153
f 193/220/154 200/221/154 192/211/154
f 179/209/155 203/222/155 195/205/155
f 192/211/156 197/218/156 189/208/156
f 186/201/157 193/220/157 185/210/157
f 183/223/158 190/206/158 191/202/158
f 184/212/159 189/208/159 181/224/159
f 180/207/160 195/205/160 187/225/160
f 188/219/161 210/226/161 203/222/161
f 200/221/162 204/227/162 197/218/162
f 198/228/163 206/229/163 199/230/163
f 202/231/164 208/232/164 201/233/164
f 190/206/165 203/222/165 198/228/165
f 194/203/166 199/230/166 202/231/166
f 194/203/167 201/233/167 193/220/167
f 191/202/168 198/228/168 199/230/168
f 207/234/169 212/235/169 204/227/169
f 205/236/170 214/237/170 206/229/170
f 209/238/171 216/239/171 208/232/171
f 209/238/172 214/237/172 217/240/172
f 200/221/173 208/232/173 207/234/173
f 188/219/174 204/227/174 196/241/174
f 198/228/175 210/226/175 205/236/175
f 202/231/176 206/229/176 209/238/176
f 235/242/177 228/243/177 234/244/177
f 196/241/178 218/245/178 210/226/178
f 207/234/179 216/239/179 215/246/179
f 196/241/180 212/235/180 211/247/180
f 205/236/181 218/245/181 213/248/181
f 219/249/182 230/250/182 237/251/182
f 219/249/183 228/243/183 231/252/183
f 220/253/184 170/254/184 160/255/184
f 251/256/185 160/255/185 243/257/185
f 170/254/186 221/258/186 158/259/186
f 242/260/187 222/261/187 164/262/187
f 235/242/188 232/263/188 227/264/188
f 228/243/189 233/265/189 231/252/189
f 233/265/189 232/263/189 225/266/189
f 226/267/190 233/265/190 225/266/190
f 230/250/191 233/265/191 229/268/191
f 238/269/192 226/267/192 239/270/192
f 240/271/193 232/263/193 236/272/193
f 238/269/194 230/250/194 229/268/194
f 240/271/195 226/267/195 225/266/195
f 211/273/196 239/270/196 240/271/196
f 216/274/197 238/269/197 215/275/197
f 211/273/198 236/272/198 218/276/198
f 212/277/199 238/269/199 239/270/199
f 218/276/200 235/242/200 213/278/200
f 217/279/201 234/244/201 219/249/201
f 217/279/202 237/251/202 216/274/202
f 214/280/203 235/242/203 234/244/203
f 158/259/204 252/281/204 242/260/204
f 223/282/205 243/257/205 162/283/205
f 178/284/206 246/189/206 169/285/206
f 167/197/207 249/180/207 245/198/207
f 162/283/208 248/286/208 173/287/208
f 161/170/209 247/179/209 171/172/209
f 169/285/210 251/191/210 223/288/210
f 221/187/211 245/198/211 252/183/211
f 176/194/212 244/178/212 249/180/212
f 247/179/213 159/214/213 171/172/213
f 248/286/208 164/262/208 173/287/208
f 178/284/214 241/289/214 250/169/214
f 258/290/215 261/291/215 255/193/215
f 255/193/41 262/292/41 256/175/41
f 274/293/216 257/294/216 275/295/216
f 276/296/217 255/193/217 271/297/217
f 273/174/218 254/298/218 274/293/218
f 276/296/219 257/294/219 258/290/219
f 263/299/220 270/300/220 264/301/220
f 259/302/221 266/303/221 260/304/221
f 256/175/222 259/302/222 253/176/222
f 254/298/223 259/302/223 260/304/223
f 258/290/224 263/299/224 264/301/224
f 257/294/225 260/304/225 263/299/225
f 267/305/226 284/306/226 268/307/226
f 269/308/225 278/309/225 281/310/225
f 260/304/225 269/308/225 263/299/225
f 262/292/41 267/305/41 268/307/41
f 261/291/227 270/300/227 267/305/227
f 259/302/228 268/307/228 265/311/228
f 248/286/229 275/312/229 276/313/229
f 170/254/230 274/314/230 160/255/230
f 248/286/231 271/315/231 242/260/231
f 160/255/232 275/312/232 243/257/232
f 158/259/233 271/315/233 272/316/233
f 170/254/234 272/316/234 273/317/234
f 282/318/235 280/319/235 279/320/235
f 278/309/236 282/318/236 281/310/236
f 282/318/237 286/321/237 270/300/237
f 279/320/238 288/322/238 287/323/238
f 265/311/239 278/309/239 266/303/239
f 270/300/240 281/310/240 282/318/240
f 283/324/41 288/322/41 284/306/41
f 283/324/241 290/325/241 287/323/241
f 285/326/242 288/322/242 289/327/242
f 279/320/243 290/325/243 282/318/243
f 267/305/244 286/321/244 283/324/244
f 280/319/245 289/327/245 288/322/245
f 277/328/246 285/326/246 289/327/246
f 268/307/247 285/326/247 265/311/247
f 172/177/248 24/329/248 22/330/248
f 247/179/249 61/331/249 24/329/249
f 163/332/250 61/331/250 241/289/250
f 331/1/251 294/2/251 315/136/251
f 329/4/252 292/5/252 304/41/252
f 322/7/253 291/8/253 303/30/253
f 305/10/254 8/11/254 21/38/254
f 49/13/255 298/12/255 327/14/255
f 390/15/256 298/12/256 380/16/256
f 380/16/257 305/10/257 387/17/257
f 7/19/258 306/18/258 22/20/258
f 50/21/259 295/22/259 6/89/259
f 297/25/260 16/24/260 5/26/260
f 146/28/261 296/27/261 7/19/261
f 291/8/262 360/29/262 303/30/262
f 293/32/263 320/31/263 317/33/263
f 303/30/262 336/34/262 332/35/262
f 392/36/264 305/10/264 334/37/264
f 334/37/265 21/38/265 58/333/265
f 338/39/253 303/30/253 332/35/253
f 340/40/266 304/41/266 333/66/266
f 355/42/267 369/43/267 364/122/267
f 302/46/268 29/45/268 16/24/268
f 301/48/269 383/47/269 381/49/269
f 301/48/270 313/50/270 310/58/270
f 360/29/271 309/52/271 359/118/271
f 299/55/272 324/54/272 320/31/272
f 34/56/273 313/50/273 314/51/273
f 313/50/274 28/57/274 310/58/274
f 15/59/275 314/51/275 301/48/275
f 320/31/276 388/60/276 386/61/276
f 300/53/277 323/62/277 309/52/277
f 382/64/278 338/39/278 391/65/278
f 333/66/279 321/67/279 339/88/279
f 317/33/280 386/61/280 379/68/280
f 291/8/281 319/63/281 300/53/281
f 292/5/282 321/67/282 304/41/282
f 330/69/283 292/5/283 326/6/283
f 382/64/278 316/9/278 322/7/278
f 331/1/284 384/71/284 389/72/284
f 401/73/285 389/72/285 411/74/285
f 396/75/286 330/69/286 326/6/286
f 341/78/287 337/77/287 336/34/287
f 398/79/288 50/21/288 124/80/288
f 400/76/289 377/81/289 330/69/289
f 397/83/41 49/13/41 327/14/41
f 399/85/290 326/6/290 329/4/290
f 401/73/291 325/3/291 331/1/291
f 402/87/292 325/3/292 395/86/292
f 294/2/293 339/88/293 315/136/293
f 391/65/294 317/33/294 379/68/294
f 299/55/271 337/77/271 308/142/271
f 340/40/295 294/2/295 325/3/295
f 338/39/253 293/32/253 317/33/253
f 334/37/296 6/89/296 295/22/296
f 384/71/297 334/37/297 295/22/297
f 5/26/298 335/90/298 297/25/298
f 293/32/262 336/34/262 299/55/262
f 347/93/299 345/92/299 341/78/299
f 312/94/300 372/95/300 307/115/300
f 399/85/41 343/97/41 359/118/41
f 361/99/301 336/34/301 360/29/301
f 404/100/302 340/40/302 402/87/302
f 346/101/303 329/4/303 340/40/303
f 408/103/304 352/102/304 406/104/304
f 366/105/305 347/93/305 362/106/305
f 352/102/306 344/107/306 346/101/306
f 403/98/41 349/108/41 343/97/41
f 362/106/307 341/78/307 361/99/307
f 406/104/308 346/101/308 404/100/308
f 353/110/309 365/111/309 357/141/309
f 407/113/310 358/112/310 408/103/310
f 372/95/311 342/114/311 307/115/311
f 353/110/312 351/116/312 347/93/312
f 358/112/313 350/117/313 352/102/313
f 405/109/41 365/111/41 349/108/41
f 307/115/314 359/118/314 312/94/314
f 362/106/315 342/114/315 348/119/315
f 361/99/316 307/115/316 342/114/316
f 312/94/317 343/97/317 363/120/317
f 363/120/318 349/108/318 364/122/318
f 355/42/319 366/105/319 354/121/319
f 366/105/320 348/119/320 354/121/320
f 349/108/321 355/42/321 364/122/321
f 371/96/322 368/123/322 372/95/322
f 367/124/323 370/125/323 368/123/323
f 369/43/324 374/126/324 370/125/324
f 374/126/325 355/42/325 354/121/325
f 367/124/326 312/94/326 363/120/326
f 342/114/327 370/125/327 348/119/327
f 348/119/328 374/126/328 354/121/328
f 364/122/329 367/124/329 363/120/329
f 397/83/330 378/127/330 410/139/330
f 413/129/331 378/128/331 327/130/331
f 383/47/332 375/131/332 393/132/332
f 376/133/333 383/47/333 393/132/333
f 390/134/334 413/129/334 327/130/334
f 315/136/335 392/36/335 384/71/335
f 335/90/336 379/68/336 297/25/336
f 411/74/337 328/23/337 398/79/337
f 389/72/338 295/22/338 328/23/338
f 306/18/339 385/70/339 382/64/339
f 379/68/340 302/46/340 297/25/340
f 306/18/278 391/65/278 335/90/278
f 386/61/341 311/137/341 302/46/341
f 381/49/342 323/62/342 319/63/342
f 339/88/343 387/17/343 392/36/343
f 316/9/344 381/49/344 319/63/344
f 318/138/345 387/17/345 321/67/345
f 330/69/346 380/16/346 318/138/346
f 388/60/347 398/79/347 311/137/347
f 310/58/348 410/139/348 375/131/348
f 350/117/349 407/113/349 405/109/349
f 365/111/310 408/103/310 357/141/310
f 351/116/350 404/100/350 345/92/350
f 344/107/351 405/109/351 403/98/351
f 357/141/352 406/104/352 351/116/352
f 345/92/353 402/87/353 337/77/353
f 329/4/354 403/98/354 399/85/354
f 308/142/292 402/87/292 395/86/292
f 324/54/355 395/86/355 401/73/355
f 359/118/290 396/75/290 399/85/290
f 28/57/41 397/83/41 310/58/41
f 376/133/356 400/76/356 323/62/356
f 311/137/357 124/80/357 29/45/357
f 309/52/358 400/76/358 396/75/358
f 324/54/359 411/74/359 388/60/359
f 412/135/360 416/143/360 414/145/360
f 413/129/361 414/145/361 415/147/361
f 415/147/362 394/146/362 378/128/362
f 416/143/363 330/148/363 377/149/363
f 394/146/364 416/143/364 377/149/364
f 417/144/365 390/134/365 330/148/365
f 155/151/366 419/150/366 146/152/366
f 419/153/367 385/70/367 296/27/367
f 381/49/368 420/155/368 301/48/368
f 418/156/369 423/157/369 421/334/369
f 15/59/370 420/155/370 149/159/370
f 381/49/371 418/154/371 421/335/371
f 149/161/372 422/160/372 152/162/372
f 420/163/373 423/157/373 422/160/373
f 152/165/374 424/164/374 155/166/374
f 425/158/375 419/150/375 424/336/375
f 425/167/376 422/168/376 423/337/376
f 506/169/377 429/170/377 497/289/377
f 445/173/378 433/172/378 429/170/378
f 529/174/379 512/175/379 528/192/379
f 500/178/380 172/177/380 503/179/380
f 505/180/381 165/181/381 500/178/381
f 508/183/382 168/184/382 501/198/382
f 479/187/383 434/186/383 480/188/383
f 478/190/384 502/189/384 507/191/384
f 478/190/385 434/186/385 430/200/385
f 528/192/386 511/193/386 527/297/386
f 436/194/387 443/195/387 431/197/387
f 443/195/388 434/186/388 431/197/388
f 501/198/389 177/182/389 505/180/389
f 435/171/390 445/173/390 429/170/390
f 430/200/391 506/169/391 502/189/391
f 444/201/392 449/202/392 441/223/392
f 440/204/393 453/205/393 445/225/393
f 438/207/394 447/208/394 439/224/394
f 450/211/395 443/210/395 442/212/395
f 439/213/396 436/194/396 427/214/396
f 433/172/397 439/213/397 427/214/397
f 434/186/398 441/216/398 430/200/398
f 441/216/399 435/171/399 430/200/399
f 437/209/153 455/218/153 447/208/153
f 458/221/154 451/220/154 450/211/154
f 461/222/155 437/209/155 453/205/155
f 455/218/156 450/211/156 447/208/156
f 451/220/400 444/201/400 443/210/400
f 441/223/401 448/206/401 440/204/401
f 447/208/402 442/212/402 439/224/402
f 453/205/403 438/207/403 445/225/403
f 468/226/404 446/219/404 461/222/404
f 462/227/405 458/221/405 455/218/405
f 464/229/406 456/228/406 457/230/406
f 466/232/407 460/231/407 459/233/407
f 448/206/165 461/222/165 453/205/165
f 452/203/166 457/230/166 449/202/166
f 459/233/167 452/203/167 451/220/167
f 449/202/168 456/228/168 448/206/168
f 470/235/408 465/234/408 462/227/408
f 472/237/409 463/236/409 464/229/409
f 474/239/410 467/238/410 466/232/410
f 467/238/411 472/237/411 464/229/411
f 458/221/412 466/232/412 459/233/412
f 446/219/413 462/227/413 455/218/413
f 456/228/414 468/226/414 461/222/414
f 460/231/415 464/229/415 457/230/415
f 484/243/416 491/242/416 490/244/416
f 476/245/417 454/241/417 468/226/417
f 465/234/418 474/239/418 466/232/418
f 454/241/419 470/235/419 462/227/419
f 463/236/420 476/245/420 468/226/420
f 486/250/421 477/249/421 493/251/421
f 477/249/422 484/243/422 490/244/422
f 432/254/423 478/253/423 428/255/423
f 428/255/185 507/256/185 499/257/185
f 432/254/383 479/258/383 480/338/383
f 498/260/424 222/261/424 508/281/424
f 491/242/425 488/263/425 492/272/425
f 484/243/426 489/265/426 483/264/426
f 488/263/427 489/265/427 481/266/427
f 482/267/428 489/265/428 485/268/428
f 486/250/429 489/265/429 487/252/429
f 482/267/430 494/269/430 495/270/430
f 488/263/431 496/271/431 492/272/431
f 494/269/432 486/250/432 493/251/432
f 496/271/433 482/267/433 495/270/433
f 469/273/434 495/270/434 470/277/434
f 494/269/435 474/274/435 473/275/435
f 492/272/436 469/273/436 476/276/436
f 470/277/437 494/269/437 473/275/437
f 491/242/438 476/276/438 471/278/438
f 475/279/439 490/244/439 472/280/439
f 493/251/440 475/279/440 474/274/440
f 472/280/441 491/242/441 471/278/441
f 426/259/442 508/281/442 479/258/442
f 499/257/443 223/282/443 162/283/443
f 502/189/444 178/284/444 169/285/444
f 431/197/445 505/180/445 436/194/445
f 162/283/446 504/286/446 499/257/446
f 429/170/447 503/179/447 497/289/447
f 507/191/448 169/285/448 223/288/448
f 479/187/449 501/198/449 431/197/449
f 436/194/450 500/178/450 427/214/450
f 427/214/451 503/179/451 433/172/451
f 164/262/452 504/286/452 173/287/452
f 178/284/453 497/289/453 163/332/453
f 517/291/454 514/290/454 511/193/454
f 518/292/41 511/193/41 512/175/41
f 513/294/455 530/293/455 531/295/455
f 511/193/456 532/296/456 527/297/456
f 510/298/457 529/174/457 530/293/457
f 532/296/458 513/294/458 531/295/458
f 526/300/459 519/299/459 520/301/459
f 522/303/460 515/302/460 516/304/460
f 515/302/461 512/175/461 509/176/461
f 510/298/462 515/302/462 509/176/462
f 514/290/463 519/299/463 513/294/463
f 513/294/225 516/304/225 510/298/225
f 540/306/464 523/305/464 524/307/464
f 525/308/225 534/309/225 522/303/225
f 525/308/225 516/304/225 519/299/225
f 518/292/41 523/305/41 517/291/41
f 517/291/465 526/300/465 520/301/465
f 515/302/466 524/307/466 518/292/466
f 504/286/467 531/312/467 499/257/467
f 530/314/468 432/254/468 428/255/468
f 527/315/469 504/286/469 498/260/469
f 531/312/470 428/255/470 499/257/470
f 426/259/471 527/315/471 498/260/471
f 432/254/472 528/316/472 426/259/472
f 538/318/473 536/319/473 533/328/473
f 538/318/474 534/309/474 537/310/474
f 542/321/475 538/318/475 526/300/475
f 535/320/476 544/322/476 536/319/476
f 534/309/477 521/311/477 522/303/477
f 526/300/478 537/310/478 525/308/478
f 544/322/41 539/324/41 540/306/41
f 539/324/479 546/325/479 542/321/479
f 541/326/480 544/322/480 540/306/480
f 546/325/481 535/320/481 538/318/481
f 523/305/482 542/321/482 526/300/482
f 536/319/483 545/327/483 533/328/483
f 533/328/484 541/326/484 521/311/484
f 541/326/485 524/307/485 521/311/485
f 172/177/486 306/329/486 503/179/486
f 503/179/487 335/331/487 497/289/487
f 335/331/488 163/332/488 497/289/488
f 55/1/489 37/136/489 4/2/489
f 53/4/490 20/41/490 2/5/490
f 44/7/3 19/30/3 1/8/3
f 23/10/4 21/38/4 8/11/4
f 12/12/491 8/11/491 49/13/491
f 116/15/492 106/16/492 12/12/492
f 23/10/493 12/12/493 106/16/493
f 24/18/8 10/27/8 7/19/8
f 50/21/494 6/89/494 9/22/494
f 16/24/495 18/46/495 11/25/495
f 10/27/496 148/153/496 146/28/496
f 86/29/12 14/53/12 1/8/12
f 42/31/497 13/55/497 3/32/497
f 62/34/12 86/29/12 19/30/12
f 118/36/498 60/37/498 23/10/498
f 60/37/15 58/333/15 21/38/15
f 64/39/3 56/35/3 19/30/3
f 66/40/499 57/66/499 20/41/499
f 81/42/17 90/122/17 95/43/17
f 29/45/500 31/137/500 18/46/500
f 109/47/501 30/58/501 17/48/501
f 17/48/502 30/58/502 35/50/502
f 86/29/21 85/118/21 27/52/21
f 46/54/503 26/142/503 13/55/503
f 35/50/504 33/339/504 34/56/504
f 28/57/24 33/339/24 35/50/24
f 15/59/505 17/48/505 36/51/505
f 114/60/506 46/54/506 42/31/506
f 14/53/507 27/52/507 45/62/507
f 64/39/28 44/7/28 108/64/28
f 57/66/508 65/88/508 43/67/508
f 112/61/509 42/31/509 39/33/509
f 1/8/510 14/53/510 41/63/510
f 43/67/511 40/138/511 2/5/511
f 2/5/512 40/138/512 54/69/512
f 108/64/28 44/7/28 38/9/28
f 110/71/513 37/136/513 55/1/513
f 115/72/514 55/1/514 129/73/514
f 122/75/515 48/6/515 54/69/515
f 63/77/516 71/92/516 67/78/516
f 50/21/517 52/23/517 126/79/517
f 128/76/518 54/69/518 103/81/518
f 125/83/41 51/14/41 49/13/41
f 127/85/42 53/4/42 48/6/42
f 129/73/519 55/1/519 47/3/519
f 47/3/520 66/40/520 130/87/520
f 4/2/521 37/136/521 65/88/521
f 39/33/28 64/39/28 117/65/28
f 13/55/21 26/142/21 63/77/21
f 4/2/522 57/66/522 66/40/522
f 3/32/3 56/35/3 64/39/3
f 6/89/523 58/333/523 60/37/523
f 110/71/524 9/22/524 60/37/524
f 5/26/525 11/25/525 61/90/525
f 3/32/12 13/55/12 62/34/12
f 71/92/526 77/116/526 73/93/526
f 32/94/52 25/115/52 98/95/52
f 127/85/41 85/118/41 69/97/41
f 62/34/53 67/78/53 87/99/53
f 66/40/527 72/101/527 132/100/527
f 53/4/528 70/107/528 72/101/528
f 78/102/529 84/112/529 136/103/529
f 73/93/57 79/110/57 92/105/57
f 70/107/58 76/117/58 78/102/58
f 131/98/41 69/97/41 75/108/41
f 87/99/59 67/78/59 73/93/59
f 72/101/530 78/102/530 134/104/530
f 79/110/61 83/141/61 91/111/61
f 84/112/62 82/140/62 135/113/62
f 68/114/63 94/123/63 98/95/63
f 77/116/531 83/141/531 79/110/531
f 76/117/65 82/140/65 84/112/65
f 133/109/41 75/108/41 91/111/41
f 25/115/532 32/94/532 85/118/532
f 68/114/533 87/99/533 88/106/533
f 25/115/534 86/29/534 87/99/534
f 32/94/535 89/120/535 69/97/535
f 89/120/536 90/122/536 75/108/536
f 81/42/537 80/121/537 92/105/537
f 74/119/538 88/106/538 92/105/538
f 81/42/539 91/111/539 75/108/539
f 97/96/540 98/95/540 94/123/540
f 93/124/541 94/123/541 96/125/541
f 95/43/542 96/125/542 100/126/542
f 81/42/77 99/44/77 100/126/77
f 32/94/78 97/96/78 93/124/78
f 68/114/79 74/119/79 96/125/79
f 74/119/80 80/121/80 100/126/80
f 90/122/81 89/120/81 93/124/81
f 125/83/543 138/139/543 104/127/543
f 104/128/83 143/147/83 141/129/83
f 101/131/544 30/58/544 109/47/544
f 102/133/545 119/132/545 109/47/545
f 116/134/546 51/130/546 141/129/546
f 37/136/547 110/71/547 118/36/547
f 105/68/548 117/65/548 61/90/548
f 52/23/549 115/72/549 139/74/549
f 9/22/550 110/71/550 115/72/550
f 24/18/551 108/64/551 111/70/551
f 18/46/552 112/61/552 105/68/552
f 117/65/28 108/64/28 24/18/28
f 31/137/553 114/60/553 112/61/553
f 45/62/554 109/47/554 107/49/554
f 65/88/555 118/36/555 113/17/555
f 38/9/556 41/63/556 107/49/556
f 113/17/557 106/16/557 40/138/557
f 54/69/558 40/138/558 106/16/558
f 126/79/36 139/74/36 114/60/36
f 30/58/559 101/131/559 138/139/559
f 76/117/560 133/109/560 135/113/560
f 136/103/62 135/113/62 91/111/62
f 132/100/561 134/104/561 77/116/561
f 70/107/562 131/98/562 133/109/562
f 134/104/563 136/103/563 83/141/563
f 130/87/564 132/100/564 71/92/564
f 53/4/565 127/85/565 131/98/565
f 26/142/44 121/86/44 130/87/44
f 46/54/566 129/73/566 121/86/566
f 85/118/42 127/85/42 122/75/42
f 125/83/41 123/84/41 28/57/41
f 128/76/567 137/82/567 102/133/567
f 124/80/568 126/79/568 31/137/568
f 27/52/569 122/75/569 128/76/569
f 139/74/570 129/73/570 46/54/570
f 140/135/571 142/145/571 144/143/571
f 141/129/572 143/147/572 142/145/572
f 120/146/573 142/145/573 143/147/573
f 54/148/116 145/144/116 144/143/116
f 120/146/574 103/149/574 144/143/574
f 116/134/575 140/135/575 145/144/575
f 148/150/576 156/336/576 155/151/576
f 148/153/577 10/27/577 111/70/577
f 150/155/578 151/335/578 107/49/578
f 147/156/579 151/334/579 154/157/579
f 150/155/580 17/48/580 15/59/580
f 107/49/581 151/335/581 147/154/581
f 153/160/582 150/163/582 149/161/582
f 154/157/583 151/334/583 150/163/583
f 156/164/584 153/168/584 152/165/584
f 157/158/585 156/336/585 148/150/585
f 157/167/586 154/337/586 153/168/586
f 250/169/587 241/289/587 161/170/587
f 171/172/131 180/215/131 187/173/131
f 273/174/588 272/192/588 256/175/588
f 172/177/589 165/181/589 244/178/589
f 249/180/590 244/178/590 165/181/590
f 252/183/591 245/198/591 168/184/591
f 174/186/592 167/197/592 221/187/592
f 246/189/593 166/200/593 220/190/593
f 220/190/594 166/200/594 174/186/594
f 272/192/595 271/297/595 255/193/595
f 176/194/140 167/197/140 185/195/140
f 174/186/141 186/217/141 185/195/141
f 245/198/596 249/180/596 177/182/596
f 175/171/143 161/170/143 187/173/143
f 250/169/597 175/171/597 166/200/597
f 186/201/145 183/223/145 191/202/145
f 182/204/146 187/225/146 195/205/146
f 180/207/147 181/224/147 189/208/147
f 185/210/148 193/220/148 192/211/148
f 176/194/149 184/196/149 181/213/149
f 171/172/150 159/214/150 181/213/150
f 174/186/151 166/200/151 183/216/151
f 175/171/152 182/199/152 183/216/152
f 179/209/153 189/208/153 197/218/153
f 193/220/154 201/233/154 200/221/154
f 179/209/155 188/219/155 203/222/155
f 192/211/156 200/221/156 197/218/156
f 186/201/157 194/203/157 193/220/157
f 183/223/158 182/204/158 190/206/158
f 184/212/159 192/211/159 189/208/159
f 180/207/160 179/209/160 195/205/160
f 188/219/598 196/241/598 210/226/598
f 200/221/599 207/234/599 204/227/599
f 198/228/600 205/236/600 206/229/600
f 202/231/601 209/238/601 208/232/601
f 190/206/165 195/205/165 203/222/165
f 194/203/166 191/202/166 199/230/166
f 194/203/167 202/231/167 201/233/167
f 191/202/168 190/206/168 198/228/168
f 207/234/602 215/246/602 212/235/602
f 205/236/170 213/248/170 214/237/170
f 209/238/171 217/240/171 216/239/171
f 209/238/172 206/229/172 214/237/172
f 200/221/603 201/233/603 208/232/603
f 188/219/604 197/218/604 204/227/604
f 198/228/605 203/222/605 210/226/605
f 202/231/606 199/230/606 206/229/606
f 235/242/177 227/264/177 228/243/177
f 196/241/178 211/247/178 218/245/178
f 207/234/607 208/232/607 216/239/607
f 196/241/180 204/227/180 212/235/180
f 205/236/608 210/226/608 218/245/608
f 219/249/182 231/252/182 230/250/182
f 219/249/183 234/244/183 228/243/183
f 220/253/138 224/338/138 170/254/138
f 251/256/609 220/253/609 160/255/609
f 170/254/136 224/338/136 221/258/136
f 242/260/610 252/281/610 222/261/610
f 235/242/188 236/272/188 232/263/188
f 228/243/611 227/264/611 233/265/611
f 233/265/612 227/264/612 232/263/612
f 226/267/613 229/268/613 233/265/613
f 230/250/190 231/252/190 233/265/190
f 238/269/192 229/268/192 226/267/192
f 240/271/193 225/266/193 232/263/193
f 238/269/194 237/251/194 230/250/194
f 240/271/195 239/270/195 226/267/195
f 211/273/196 212/277/196 239/270/196
f 216/274/197 237/251/197 238/269/197
f 211/273/198 240/271/198 236/272/198
f 212/277/199 215/275/199 238/269/199
f 218/276/200 236/272/200 235/242/200
f 217/279/201 214/280/201 234/244/201
f 217/279/202 219/249/202 237/251/202
f 214/280/203 213/278/203 235/242/203
f 158/259/614 221/258/614 252/281/614
f 223/282/615 251/256/615 243/257/615
f 178/284/616 250/169/616 246/189/616
f 167/197/617 176/194/617 249/180/617
f 162/283/618 243/257/618 248/286/618
f 161/170/619 241/289/619 247/179/619
f 169/285/620 246/189/620 251/191/620
f 221/187/621 167/197/621 245/198/621
f 176/194/622 159/214/622 244/178/622
f 247/179/623 244/178/623 159/214/623
f 248/286/624 242/260/624 164/262/624
f 178/284/625 163/332/625 241/289/625
f 258/290/215 264/301/215 261/291/215
f 255/193/41 261/291/41 262/292/41
f 274/293/626 254/298/626 257/294/626
f 276/296/627 258/290/627 255/193/627
f 273/174/628 253/176/628 254/298/628
f 276/296/629 275/295/629 257/294/629
f 263/299/630 269/308/630 270/300/630
f 259/302/631 265/311/631 266/303/631
f 256/175/222 262/292/222 259/302/222
f 254/298/223 253/176/223 259/302/223
f 258/290/224 257/294/224 263/299/224
f 257/294/225 254/298/225 260/304/225
f 267/305/632 283/324/632 284/306/632
f 269/308/225 266/303/225 278/309/225
f 260/304/225 266/303/225 269/308/225
f 262/292/41 261/291/41 267/305/41
f 261/291/633 264/301/633 270/300/633
f 259/302/634 262/292/634 268/307/634
f 248/286/635 243/257/635 275/312/635
f 170/254/636 273/317/636 274/314/636
f 248/286/637 276/313/637 271/315/637
f 160/255/638 274/314/638 275/312/638
f 158/259/639 242/260/639 271/315/639
f 170/254/640 158/259/640 272/316/640
f 282/318/641 277/328/641 280/319/641
f 278/309/642 277/328/642 282/318/642
f 282/318/643 290/325/643 286/321/643
f 279/320/238 280/319/238 288/322/238
f 265/311/239 277/328/239 278/309/239
f 270/300/240 269/308/240 281/310/240
f 283/324/41 287/323/41 288/322/41
f 283/324/241 286/321/241 290/325/241
f 285/326/242 284/306/242 288/322/242
f 279/320/243 287/323/243 290/325/243
f 267/305/644 270/300/644 286/321/644
f 280/319/245 277/328/245 289/327/245
f 277/328/246 265/311/246 285/326/246
f 268/307/645 284/306/645 285/326/645
f 172/177/646 247/179/646 24/329/646
f 247/179/647 241/289/647 61/331/647
f 163/332/648 59/340/648 61/331/648
f 331/1/649 325/3/649 294/2/649
f 329/4/650 326/6/650 292/5/650
f 322/7/253 316/9/253 291/8/253
f 305/10/254 298/12/254 8/11/254
f 49/13/651 8/11/651 298/12/651
f 390/15/652 327/14/652 298/12/652
f 380/16/653 298/12/653 305/10/653
f 7/19/258 296/27/258 306/18/258
f 50/21/654 328/23/654 295/22/654
f 297/25/655 302/46/655 16/24/655
f 146/28/656 419/153/656 296/27/656
f 291/8/262 300/53/262 360/29/262
f 293/32/657 299/55/657 320/31/657
f 303/30/262 360/29/262 336/34/262
f 392/36/658 387/17/658 305/10/658
f 334/37/265 305/10/265 21/38/265
f 338/39/253 322/7/253 303/30/253
f 340/40/659 329/4/659 304/41/659
f 355/42/267 373/44/267 369/43/267
f 302/46/660 311/137/660 29/45/660
f 301/48/661 310/58/661 383/47/661
f 301/48/662 314/51/662 313/50/662
f 360/29/271 300/53/271 309/52/271
f 299/55/663 308/142/663 324/54/663
f 34/56/664 33/339/664 313/50/664
f 313/50/274 33/339/274 28/57/274
f 15/59/665 34/56/665 314/51/665
f 320/31/666 324/54/666 388/60/666
f 300/53/667 319/63/667 323/62/667
f 382/64/278 322/7/278 338/39/278
f 333/66/668 304/41/668 321/67/668
f 317/33/669 320/31/669 386/61/669
f 291/8/670 316/9/670 319/63/670
f 292/5/671 318/138/671 321/67/671
f 330/69/672 318/138/672 292/5/672
f 382/64/673 385/70/673 316/9/673
f 331/1/674 315/136/674 384/71/674
f 401/73/675 331/1/675 389/72/675
f 396/75/676 400/76/676 330/69/676
f 341/78/677 345/92/677 337/77/677
f 398/79/678 328/23/678 50/21/678
f 400/76/679 409/82/679 377/81/679
f 397/83/41 123/84/41 49/13/41
f 399/85/290 396/75/290 326/6/290
f 401/73/680 395/86/680 325/3/680
f 402/87/681 340/40/681 325/3/681
f 294/2/682 333/66/682 339/88/682
f 391/65/278 338/39/278 317/33/278
f 299/55/271 336/34/271 337/77/271
f 340/40/683 333/66/683 294/2/683
f 338/39/253 332/35/253 293/32/253
f 334/37/684 58/333/684 6/89/684
f 384/71/685 392/36/685 334/37/685
f 5/26/686 59/91/686 335/90/686
f 293/32/262 332/35/262 336/34/262
f 347/93/687 351/116/687 345/92/687
f 312/94/300 371/96/300 372/95/300
f 399/85/41 403/98/41 343/97/41
f 361/99/301 341/78/301 336/34/301
f 404/100/688 346/101/688 340/40/688
f 346/101/689 344/107/689 329/4/689
f 408/103/690 358/112/690 352/102/690
f 366/105/305 353/110/305 347/93/305
f 352/102/306 350/117/306 344/107/306
f 403/98/41 405/109/41 349/108/41
f 362/106/307 347/93/307 341/78/307
f 406/104/691 352/102/691 346/101/691
f 353/110/309 366/105/309 365/111/309
f 407/113/310 356/140/310 358/112/310
f 372/95/311 368/123/311 342/114/311
f 353/110/692 357/141/692 351/116/692
f 358/112/313 356/140/313 350/117/313
f 405/109/41 407/113/41 365/111/41
f 307/115/693 360/29/693 359/118/693
f 362/106/694 361/99/694 342/114/694
f 361/99/695 360/29/695 307/115/695
f 312/94/696 359/118/696 343/97/696
f 363/120/697 343/97/697 349/108/697
f 355/42/698 365/111/698 366/105/698
f 366/105/699 362/106/699 348/119/699
f 349/108/700 365/111/700 355/42/700
f 371/96/701 367/124/701 368/123/701
f 367/124/702 369/43/702 370/125/702
f 369/43/703 373/44/703 374/126/703
f 374/126/325 373/44/325 355/42/325
f 367/124/326 371/96/326 312/94/326
f 342/114/327 368/123/327 370/125/327
f 348/119/328 370/125/328 374/126/328
f 364/122/329 369/43/329 367/124/329
f 397/83/704 327/14/704 378/127/704
f 413/129/331 415/147/331 378/128/331
f 383/47/705 310/58/705 375/131/705
f 376/133/706 323/62/706 383/47/706
f 390/134/707 412/135/707 413/129/707
f 315/136/708 339/88/708 392/36/708
f 335/90/709 391/65/709 379/68/709
f 411/74/710 389/72/710 328/23/710
f 389/72/711 384/71/711 295/22/711
f 306/18/712 296/27/712 385/70/712
f 379/68/713 386/61/713 302/46/713
f 306/18/278 382/64/278 391/65/278
f 386/61/714 388/60/714 311/137/714
f 381/49/715 383/47/715 323/62/715
f 339/88/716 321/67/716 387/17/716
f 316/9/717 385/70/717 381/49/717
f 318/138/718 380/16/718 387/17/718
f 330/69/719 390/15/719 380/16/719
f 388/60/285 411/74/285 398/79/285
f 310/58/720 397/83/720 410/139/720
f 350/117/721 356/140/721 407/113/721
f 365/111/310 407/113/310 408/103/310
f 351/116/722 406/104/722 404/100/722
f 344/107/723 350/117/723 405/109/723
f 357/141/724 408/103/724 406/104/724
f 345/92/725 404/100/725 402/87/725
f 329/4/726 344/107/726 403/98/726
f 308/142/727 337/77/727 402/87/727
f 324/54/728 308/142/728 395/86/728
f 359/118/290 309/52/290 396/75/290
f 28/57/41 123/84/41 397/83/41
f 376/133/729 409/82/729 400/76/729
f 311/137/730 398/79/730 124/80/730
f 309/52/731 323/62/731 400/76/731
f 324/54/732 401/73/732 411/74/732
f 412/135/733 417/144/733 416/143/733
f 413/129/734 412/135/734 414/145/734
f 415/147/735 414/145/735 394/146/735
f 416/143/363 417/144/363 330/148/363
f 394/146/736 414/145/736 416/143/736
f 417/144/737 412/135/737 390/134/737
f 155/151/738 424/336/738 419/150/738
f 419/153/739 418/154/739 385/70/739
f 381/49/740 421/335/740 420/155/740
f 418/156/741 425/158/741 423/157/741
f 15/59/742 301/48/742 420/155/742
f 381/49/743 385/70/743 418/154/743
f 149/161/744 420/163/744 422/160/744
f 420/163/745 421/334/745 423/157/745
f 152/165/746 422/168/746 424/164/746
f 425/158/747 418/156/747 419/150/747
f 425/167/748 424/164/748 422/168/748
f 506/169/749 435/171/749 429/170/749
f 445/173/378 438/215/378 433/172/378
f 529/174/750 509/176/750 512/175/750
f 500/178/751 165/181/751 172/177/751
f 505/180/752 177/182/752 165/181/752
f 508/183/753 222/185/753 168/184/753
f 479/187/754 431/197/754 434/186/754
f 478/190/755 430/200/755 502/189/755
f 478/190/756 480/188/756 434/186/756
f 528/192/757 512/175/757 511/193/757
f 436/194/387 442/196/387 443/195/387
f 443/195/388 444/217/388 434/186/388
f 501/198/758 168/184/758 177/182/758
f 435/171/390 440/199/390 445/173/390
f 430/200/759 435/171/759 506/169/759
f 444/201/392 452/203/392 449/202/392
f 440/204/393 448/206/393 453/205/393
f 438/207/394 437/209/394 447/208/394
f 450/211/395 451/220/395 443/210/395
f 439/213/396 442/196/396 436/194/396
f 433/172/397 438/215/397 439/213/397
f 434/186/398 444/217/398 441/216/398
f 441/216/399 440/199/399 435/171/399
f 437/209/153 446/219/153 455/218/153
f 458/221/154 459/233/154 451/220/154
f 461/222/155 446/219/155 437/209/155
f 455/218/156 458/221/156 450/211/156
f 451/220/400 452/203/400 444/201/400
f 441/223/401 449/202/401 448/206/401
f 447/208/402 450/211/402 442/212/402
f 453/205/403 437/209/403 438/207/403
f 468/226/760 454/241/760 446/219/760
f 462/227/599 465/234/599 458/221/599
f 464/229/600 463/236/600 456/228/600
f 466/232/761 467/238/761 460/231/761
f 448/206/165 456/228/165 461/222/165
f 452/203/166 460/231/166 457/230/166
f 459/233/167 460/231/167 452/203/167
f 449/202/168 457/230/168 456/228/168
f 470/235/762 473/246/762 465/234/762
f 472/237/763 471/248/763 463/236/763
f 474/239/410 475/240/410 467/238/410
f 467/238/411 475/240/411 472/237/411
f 458/221/173 465/234/173 466/232/173
f 446/219/764 454/241/764 462/227/764
f 456/228/175 463/236/175 468/226/175
f 460/231/765 467/238/765 464/229/765
f 484/243/416 483/264/416 491/242/416
f 476/245/417 469/247/417 454/241/417
f 465/234/766 473/246/766 474/239/766
f 454/241/419 469/247/419 470/235/419
f 463/236/767 471/248/767 476/245/767
f 486/250/421 487/252/421 477/249/421
f 477/249/422 487/252/422 484/243/422
f 432/254/756 480/338/756 478/253/756
f 428/255/768 478/253/768 507/256/768
f 432/254/769 426/259/769 479/258/769
f 498/260/770 164/262/770 222/261/770
f 491/242/425 483/264/425 488/263/425
f 484/243/427 487/252/427 489/265/427
f 488/263/771 483/264/771 489/265/771
f 482/267/429 481/266/429 489/265/429
f 486/250/772 485/268/772 489/265/772
f 482/267/430 485/268/430 494/269/430
f 488/263/431 481/266/431 496/271/431
f 494/269/432 485/268/432 486/250/432
f 496/271/433 481/266/433 482/267/433
f 469/273/434 496/271/434 495/270/434
f 494/269/435 493/251/435 474/274/435
f 492/272/436 496/271/436 469/273/436
f 470/277/437 495/270/437 494/269/437
f 491/242/438 492/272/438 476/276/438
f 475/279/439 477/249/439 490/244/439
f 493/251/440 477/249/440 475/279/440
f 472/280/441 490/244/441 491/242/441
f 426/259/204 498/260/204 508/281/204
f 499/257/773 507/256/773 223/282/773
f 502/189/774 506/169/774 178/284/774
f 431/197/775 501/198/775 505/180/775
f 162/283/452 173/287/452 504/286/452
f 429/170/776 433/172/776 503/179/776
f 507/191/777 502/189/777 169/285/777
f 479/187/778 508/183/778 501/198/778
f 436/194/779 505/180/779 500/178/779
f 427/214/780 500/178/780 503/179/780
f 164/262/781 498/260/781 504/286/781
f 178/284/782 506/169/782 497/289/782
f 517/291/454 520/301/454 514/290/454
f 518/292/41 517/291/41 511/193/41
f 513/294/783 510/298/783 530/293/783
f 511/193/784 514/290/784 532/296/784
f 510/298/785 509/176/785 529/174/785
f 532/296/786 514/290/786 513/294/786
f 526/300/787 525/308/787 519/299/787
f 522/303/788 521/311/788 515/302/788
f 515/302/461 518/292/461 512/175/461
f 510/298/462 516/304/462 515/302/462
f 514/290/463 520/301/463 519/299/463
f 513/294/225 519/299/225 516/304/225
f 540/306/789 539/324/789 523/305/789
f 525/308/225 537/310/225 534/309/225
f 525/308/225 522/303/225 516/304/225
f 518/292/41 524/307/41 523/305/41
f 517/291/790 523/305/790 526/300/790
f 515/302/791 521/311/791 524/307/791
f 504/286/792 532/313/792 531/312/792
f 530/314/793 529/317/793 432/254/793
f 527/315/794 532/313/794 504/286/794
f 531/312/795 530/314/795 428/255/795
f 426/259/796 528/316/796 527/315/796
f 432/254/797 529/317/797 528/316/797
f 538/318/798 535/320/798 536/319/798
f 538/318/799 533/328/799 534/309/799
f 542/321/800 546/325/800 538/318/800
f 535/320/476 543/323/476 544/322/476
f 534/309/477 533/328/477 521/311/477
f 526/300/478 538/318/478 537/310/478
f 544/322/41 543/323/41 539/324/41
f 539/324/479 543/323/479 546/325/479
f 541/326/480 545/327/480 544/322/480
f 546/325/481 543/323/481 535/320/481
f 523/305/801 539/324/801 542/321/801
f 536/319/483 544/322/483 545/327/483
f 533/328/484 545/327/484 541/326/484
f 541/326/802 540/306/802 524/307/802
f 172/177/803 22/330/803 306/329/803
f 503/179/804 306/329/804 335/331/804
f 335/331/805 59/340/805 163/332/805
o Eyes
v 0.063341 0.779598 0.173757
v 0.063341 0.834048 0.173757
v 0.116651 0.779598 0.162675
v 0.116651 0.834048 0.162675
v 0.054023 0.775627 0.148443
v 0.054092 0.773632 0.158576
v 0.058067 0.775627 0.167897
v 0.059950 0.790670 0.176956
v 0.058247 0.806823 0.178564
v 0.059950 0.822975 0.176956
v 0.058067 0.838019 0.167897
v 0.054092 0.840014 0.158576
v 0.054023 0.838019 0.148443
v 0.119153 0.775627 0.155199
v 0.119084 0.773632 0.145066
v 0.115109 0.775627 0.135745
v 0.115109 0.838019 0.135745
v 0.119084 0.840014 0.145066
v 0.119153 0.838019 0.155199
v 0.121036 0.822975 0.164258
v 0.123239 0.806823 0.165053
v 0.121036 0.790670 0.164258
v 0.074679 0.775627 0.173895
v 0.090743 0.773632 0.171808
v 0.106308 0.775627 0.167320
v 0.106308 0.838019 0.167320
v 0.090743 0.840014 0.171808
v 0.074679 0.838019 0.173895
v 0.049881 0.789608 0.170266
v 0.047179 0.806823 0.171409
v 0.049881 0.824038 0.170266
v 0.044909 0.788683 0.160485
v 0.041834 0.806823 0.161124
v 0.044909 0.824962 0.160485
v 0.045571 0.789608 0.149533
v 0.042638 0.806823 0.149562
v 0.045571 0.824038 0.149533
v 0.123295 0.789608 0.133376
v 0.125997 0.806823 0.132233
v 0.123295 0.824038 0.133376
v 0.128267 0.788683 0.143157
v 0.131342 0.806823 0.142517
v 0.128267 0.824962 0.143157
v 0.127605 0.789608 0.154109
v 0.130538 0.806823 0.154080
v 0.127605 0.824038 0.154109
v 0.106452 0.791631 0.172734
v 0.112502 0.806823 0.173320
v 0.106452 0.822015 0.172734
v 0.091945 0.785827 0.177593
v 0.092310 0.806823 0.179348
v 0.091945 0.827819 0.177593
v 0.076704 0.791631 0.178918
v 0.071389 0.806823 0.181866
v 0.076704 0.822015 0.178918
v 0.067579 0.767130 0.144958
v 0.084317 0.764252 0.140898
v 0.101287 0.767130 0.137951
v 0.068828 0.764252 0.155513
v 0.086588 0.761112 0.151821
v 0.104348 0.764252 0.148129
v 0.071889 0.767130 0.165691
v 0.088859 0.764252 0.162744
v 0.105597 0.767130 0.158684
v 0.101287 0.846516 0.137951
v 0.084317 0.849393 0.140898
v 0.067579 0.846516 0.144958
v 0.104348 0.849393 0.148129
v 0.086588 0.852534 0.151821
v 0.068828 0.849393 0.155513
v 0.105597 0.846516 0.158684
v 0.088859 0.849393 0.162744
v 0.071889 0.846516 0.165691
v -0.063341 0.779598 0.173757
v -0.063341 0.834048 0.173757
v -0.116651 0.779598 0.162675
v -0.116651 0.834048 0.162675
v -0.054023 0.775627 0.148443
v -0.054092 0.773632 0.158576
v -0.058067 0.775627 0.167897
v -0.059950 0.790670 0.176956
v -0.058247 0.806823 0.178564
v -0.059950 0.822975 0.176956
v -0.058067 0.838019 0.167897
v -0.054092 0.840014 0.158576
v -0.054023 0.838019 0.148443
v -0.119153 0.775627 0.155199
v -0.119084 0.773632 0.145066
v -0.115109 0.775627 0.135745
v -0.115109 0.838019 0.135745
v -0.119084 0.840014 0.145066
v -0.119153 0.838019 0.155199
v -0.121036 0.822975 0.164258
v -0.123239 0.806823 0.165053
v -0.121036 0.790670 0.164258
v -0.074679 0.775627 0.173895
v -0.090743 0.773632 0.171808
v -0.106308 0.775627 0.167320
v -0.106308 0.838019 0.167320
v -0.090743 0.840014 0.171808
v -0.074679 0.838019 0.173895
v -0.049881 0.789608 0.170266
v -0.047179 0.806823 0.171409
v -0.049881 0.824038 0.170266
v -0.044909 0.788683 0.160485
v -0.041834 0.806823 0.161124
v -0.044909 0.824962 0.160485
v -0.045571 0.789608 0.149533
v -0.042638 0.806823 0.149562
v -0.045571 0.824038 0.149533
v -0.123295 0.789608 0.133376
v -0.125997 0.806823 0.132233
v -0.123295 0.824038 0.133376
v -0.128267 0.788683 0.143157
v -0.131342 0.806823 0.142517
v -0.128267 0.824962 0.143157
v -0.127605 0.789608 0.154109
v -0.130538 0.806823 0.154080
v -0.127605 0.824038 0.154109
v -0.106452 0.791631 0.172734
v -0.112502 0.806823 0.173320
v -0.106452 0.822015 0.172734
v -0.091945 0.785827 0.177593
v -0.092310 0.806823 0.179348
v -0.091945 0.827819 0.177593
v -0.076704 0.791631 0.178918
v -0.071389 0.806823 0.181866
v -0.076704 0.822015 0.178918
v -0.067579 0.767130 0.144958
v -0.084317 0.764252 0.140898
v -0.101287 0.767130 0.137951
v -0.068828 0.764252 0.155513
v -0.086588 0.761112 0.151821
v -0.104348 0.764252 0.148129
v -0.071889 0.767130 0.165691
v -0.088859 0.764252 0.162744
v -0.105597 0.767130 0.158684
v -0.101287 0.846516 0.137951
v -0.084317 0.849393 0.140898
v -0.067579 0.846516 0.144958
v -0.104348 0.849393 0.148129
v -0.086588 0.852534 0.151821
v -0.068828 0.849393 0.155513
v -0.105597 0.846516 0.158684
v -0.088859 0.849393 0.162744
v -0.071889 0.846516 0.165691
vn -0.8730 -0.1642 0.4593
vn -0.8748 0.1674 0.4547
vn -0.9837 -0.1642 -0.0733
vn -0.9835 0.1674 -0.0684
vn -0.5102 -0.4254 0.7475
vn -0.5377 -0.1394 0.8315
vn -0.5376 0.1395 0.8316
vn -0.4848 0.3766 0.7894
vn -0.7466 0.5096 0.4277
vn -0.8552 0.5096 -0.0947
vn -0.8551 -0.5097 -0.0945
vn -0.7466 -0.5097 0.4275
vn 0.8730 -0.1642 -0.4593
vn 0.8748 0.1674 -0.4547
vn 0.9837 -0.1642 0.0733
vn 0.9835 0.1674 0.0684
vn 0.7466 0.5096 -0.4277
vn 0.8552 0.5096 0.0947
vn 0.7592 0.3766 0.5308
vn 0.8245 0.1395 0.5484
vn 0.8246 -0.1394 0.5483
vn 0.7658 -0.4254 0.4823
vn 0.8551 -0.5097 0.0945
vn 0.7466 -0.5097 -0.4275
vn 0.3466 -0.0841 0.9342
vn 0.2829 0.1492 0.9475
vn 0.0545 -0.0841 0.9950
vn 0.1182 0.1492 0.9817
vn 0.4816 -0.2848 0.8289
vn 0.4787 -0.2234 0.8491
vn 0.6055 0.1213 0.7865
vn 0.4639 0.3028 0.8325
vn 0.4077 0.2959 0.8638
vn -0.0297 0.2959 0.9548
vn -0.0937 0.3028 0.9484
vn -0.2419 0.1213 0.9627
vn -0.1007 -0.2234 0.9695
vn -0.1113 -0.2848 0.9521
vn 0.0631 -0.4328 0.8993
vn 0.3006 -0.4328 0.8499
vn -0.2161 -0.9482 -0.2329
vn 0.1096 -0.9490 -0.2956
vn -0.1054 -0.9482 0.2997
vn 0.2183 -0.9490 0.2275
vn 0.4446 -0.8180 -0.3649
vn 0.5532 -0.8180 0.1575
vn 0.5059 -0.6353 0.5835
vn 0.2801 -0.6956 0.6616
vn 0.0069 -0.6957 0.7183
vn -0.2887 -0.6516 0.7015
vn -0.4448 -0.8180 0.3648
vn -0.5533 -0.8180 -0.1573
vn 0.1054 0.9482 -0.2997
vn -0.2183 0.9490 -0.2275
vn 0.2161 0.9482 0.2329
vn -0.1096 0.9490 0.2956
vn -0.5532 0.8180 -0.1575
vn -0.4447 0.8180 0.3649
vn -0.2315 0.6353 0.7368
vn 0.0068 0.6956 0.7184
vn 0.2799 0.6957 0.6615
vn 0.5443 0.6516 0.5283
vn 0.5533 0.8180 0.1573
vn 0.4448 0.8180 -0.3648
vn 0.8748 -0.1674 0.4547
vn 0.8748 0.1674 0.4547
vn 0.9837 -0.1642 -0.0733
vn 0.9837 0.1642 -0.0733
vn 0.4848 -0.3766 0.7894
vn 0.5377 -0.1394 0.8315
vn 0.5377 0.1394 0.8315
vn 0.4848 0.3766 0.7894
vn 0.7466 0.5096 0.4277
vn 0.8551 0.5097 -0.0945
vn 0.8551 -0.5097 -0.0945
vn 0.7466 -0.5096 0.4277
vn -0.8748 -0.1674 -0.4547
vn -0.8748 0.1674 -0.4547
vn -0.9837 -0.1642 0.0733
vn -0.9837 0.1642 0.0733
vn -0.7466 0.5096 -0.4277
vn -0.8551 0.5097 0.0945
vn -0.7658 0.4254 0.4823
vn -0.8245 0.1395 0.5484
vn -0.8245 -0.1395 0.5484
vn -0.7658 -0.4254 0.4823
vn -0.8551 -0.5097 0.0945
vn -0.7466 -0.5096 -0.4277
vn -0.2829 -0.1492 0.9475
vn -0.2829 0.1492 0.9475
vn -0.0545 -0.0841 0.9950
vn -0.0545 0.0841 0.9950
vn -0.4639 -0.3028 0.8325
vn -0.6055 -0.1213 0.7865
vn -0.6055 0.1213 0.7865
vn -0.4639 0.3028 0.8325
vn -0.4077 0.2959 0.8638
vn -0.0631 0.4328 0.8993
vn 0.1113 0.2848 0.9521
vn 0.1007 0.2234 0.9695
vn 0.1007 -0.2234 0.9695
vn 0.1113 -0.2848 0.9521
vn -0.0631 -0.4328 0.8993
vn -0.4077 -0.2959 0.8638
vn 0.2183 -0.9490 -0.2275
vn -0.1096 -0.9490 -0.2956
vn 0.1054 -0.9482 0.2997
vn -0.2161 -0.9482 0.2329
vn -0.4446 -0.8180 -0.3649
vn -0.5533 -0.8180 0.1573
vn -0.5443 -0.6516 0.5283
vn -0.2801 -0.6956 0.6616
vn -0.0068 -0.6956 0.7184
vn 0.2887 -0.6516 0.7015
vn 0.4448 -0.8180 0.3648
vn 0.5532 -0.8180 -0.1575
vn -0.1096 0.9490 -0.2956
vn 0.2183 0.9490 -0.2275
vn -0.2161 0.9482 0.2329
vn 0.1054 0.9482 0.2997
vn 0.5532 0.8180 -0.1575
vn 0.4448 0.8180 0.3648
vn 0.2887 0.6516 0.7015
vn -0.0068 0.6956 0.7184
vn -0.2801 0.6956 0.6616
vn -0.5443 0.6516 0.5283
vn -0.5533 0.8180 0.1573
vn -0.4447 0.8180 -0.3649
vn -0.8748 -0.1674 0.4547
vn -0.8730 0.1642 0.4593
vn -0.9835 -0.1674 -0.0684
vn -0.9837 0.1642 -0.0733
vn -0.4848 -0.3766 0.7894
vn -0.5376 -0.1395 0.8316
vn -0.5377 0.1394 0.8315
vn -0.5102 0.4254 0.7475
vn -0.7466 0.5097 0.4275
vn -0.8551 0.5097 -0.0945
vn -0.8552 -0.5096 -0.0947
vn -0.7466 -0.5096 0.4277
vn 0.8748 -0.1674 -0.4547
vn 0.8730 0.1642 -0.4593
vn 0.9835 -0.1674 0.0684
vn 0.9837 0.1642 0.0733
vn 0.7466 0.5097 -0.4275
vn 0.8551 0.5097 0.0945
vn 0.7658 0.4254 0.4823
vn 0.8246 0.1394 0.5483
vn 0.8245 -0.1395 0.5484
vn 0.7592 -0.3766 0.5308
vn 0.8552 -0.5096 0.0947
vn 0.7466 -0.5096 -0.4277
vn 0.2829 -0.1492 0.9475
vn 0.3466 0.0841 0.9342
vn 0.1182 -0.1492 0.9817
vn 0.0545 0.0841 0.9950
vn 0.4639 -0.3028 0.8325
vn 0.6055 -0.1213 0.7865
vn 0.4787 0.2234 0.8491
vn 0.4816 0.2848 0.8289
vn 0.3006 0.4328 0.8499
vn 0.0631 0.4328 0.8993
vn -0.1113 0.2848 0.9521
vn -0.1007 0.2234 0.9695
vn -0.2419 -0.1213 0.9627
vn -0.0937 -0.3028 0.9484
vn -0.0297 -0.2959 0.9548
vn 0.4077 -0.2959 0.8638
vn -0.2183 -0.9490 -0.2275
vn 0.1054 -0.9482 -0.2997
vn -0.1096 -0.9490 0.2956
vn 0.2161 -0.9482 0.2329
vn 0.4448 -0.8180 -0.3648
vn 0.5533 -0.8180 0.1573
vn 0.5443 -0.6516 0.5283
vn 0.2799 -0.6957 0.6615
vn 0.0068 -0.6956 0.7184
vn -0.2315 -0.6353 0.7368
vn -0.4446 -0.8180 0.3649
vn -0.5532 -0.8180 -0.1575
vn 0.1096 0.9490 -0.2956
vn -0.2161 0.9482 -0.2329
vn 0.2183 0.9490 0.2275
vn -0.1054 0.9482 0.2997
vn -0.5533 0.8180 -0.1573
vn -0.4448 0.8180 0.3648
vn -0.2887 0.6516 0.7015
vn 0.0069 0.6957 0.7183
vn 0.2801 0.6956 0.6616
vn 0.5059 0.6353 0.5835
vn 0.5532 0.8180 0.1575
vn 0.4447 0.8180 -0.3649
vn 0.8730 -0.1642 0.4593
vn 0.8730 0.1642 0.4593
vn 0.9835 -0.1674 -0.0684
vn 0.9835 0.1674 -0.0684
vn 0.5102 -0.4254 0.7475
vn 0.5376 -0.1395 0.8316
vn 0.5376 0.1395 0.8316
vn 0.5102 0.4254 0.7475
vn 0.7466 0.5097 0.4275
vn 0.8552 0.5096 -0.0947
vn 0.8552 -0.5096 -0.0947
vn 0.7466 -0.5097 0.4275
vn -0.8730 -0.1642 -0.4593
vn -0.8730 0.1642 -0.4593
vn -0.9835 -0.1674 0.0684
vn -0.9835 0.1674 0.0684
vn -0.7466 0.5097 -0.4275
vn -0.8552 0.5096 0.0947
vn -0.7592 0.3766 0.5308
vn -0.8246 0.1394 0.5483
vn -0.8246 -0.1394 0.5483
vn -0.7592 -0.3766 0.5308
vn -0.8552 -0.5096 0.0947
vn -0.7466 -0.5097 -0.4275
vn -0.3466 -0.0841 0.9342
vn -0.3466 0.0841 0.9342
vn -0.1182 -0.1492 0.9817
vn -0.1182 0.1492 0.9817
vn -0.4816 -0.2848 0.8289
vn -0.4787 -0.2234 0.8491
vn -0.4787 0.2234 0.8491
vn -0.4816 0.2848 0.8289
vn -0.3006 0.4328 0.8499
vn 0.0297 0.2959 0.9548
vn 0.0937 0.3028 0.9484
vn 0.2419 0.1213 0.9627
vn 0.2419 -0.1213 0.9627
vn 0.0937 -0.3028 0.9484
vn 0.0297 -0.2959 0.9548
vn -0.3006 -0.4328 0.8499
vn 0.2161 -0.9482 -0.2329
vn -0.1054 -0.9482 -0.2997
vn 0.1095 -0.9490 0.2956
vn -0.2183 -0.9490 0.2275
vn -0.4448 -0.8180 -0.3648
vn -0.5532 -0.8180 0.1575
vn -0.5059 -0.6353 0.5835
vn -0.2799 -0.6957 0.6615
vn -0.0069 -0.6957 0.7183
vn 0.2315 -0.6353 0.7368
vn 0.4446 -0.8180 0.3649
vn 0.5533 -0.8180 -0.1573
vn -0.1054 0.9482 -0.2997
vn 0.2161 0.9482 -0.2329
vn -0.2183 0.9490 0.2275
vn 0.1096 0.9490 0.2956
vn 0.5533 0.8180 -0.1573
vn 0.4447 0.8180 0.3649
vn 0.2315 0.6353 0.7368
vn -0.0069 0.6957 0.7183
vn -0.2799 0.6957 0.6615
vn -0.5059 0.6353 0.5835
vn -0.5532 0.8180 0.1575
vn -0.4448 0.8180 -0.3648
vt 0.125682 0.212623
vt 0.112678 0.199712
vt 0.128197 0.200106
vt 0.105486 0.216568
vt 0.115328 0.213284
vt 0.131864 0.180863
vt 0.087824 0.189488
vt 0.108994 0.180879
vt 0.131273 0.221564
vt 0.135247 0.215680
vt 0.117151 0.222615
vt 0.124957 0.221547
vt 0.103661 0.226962
vt 0.109513 0.224570
vt 0.097768 0.222994
vt 0.098452 0.205917
vt 0.071731 0.205439
vt 0.152821 0.189595
vt 0.141717 0.206085
vt 0.152456 0.286951
vt 0.127532 0.276622
vt 0.141815 0.270430
vt 0.108238 0.295423
vt 0.131159 0.295519
vt 0.134776 0.259739
vt 0.114543 0.263660
vt 0.124900 0.263023
vt 0.087324 0.286575
vt 0.111989 0.276174
vt 0.104991 0.260572
vt 0.108981 0.254703
vt 0.115288 0.254745
vt 0.123071 0.253696
vt 0.130746 0.251711
vt 0.136614 0.249315
vt 0.142521 0.253298
vt 0.152140 0.259788
vt 0.168665 0.270940
vt 0.691839 0.156741
vt 0.796573 0.207627
vt 0.691839 0.243867
vt 0.847459 0.102894
vt 0.760333 0.102894
vt 0.745686 0.312361
vt 0.901306 0.258513
vt 0.832812 0.312361
vt 0.127989 0.243505
vt 0.136618 0.242969
vt 0.121747 0.247098
vt 0.114802 0.246186
vt 0.106637 0.248831
vt 0.111491 0.239858
vt 0.103663 0.233294
vt 0.112248 0.232717
vt 0.118454 0.229260
vt 0.125485 0.230104
vt 0.133640 0.227424
vt 0.128842 0.236362
vt 0.135559 0.235091
vt 0.168822 0.205726
vt 0.158554 0.230652
vt 0.152345 0.216380
vt 0.177451 0.249922
vt 0.177451 0.226969
vt 0.141665 0.223415
vt 0.145588 0.243696
vt 0.144935 0.233291
vt 0.158148 0.246226
vt 0.071430 0.270386
vt 0.081762 0.245559
vt 0.087914 0.259818
vt 0.062979 0.226334
vt 0.062916 0.249177
vt 0.098601 0.252821
vt 0.094712 0.232569
vt 0.095358 0.242947
vt 0.082191 0.230037
vt 0.104737 0.241148
vt 0.098491 0.270141
vt 0.088178 0.216529
vt 0.901306 0.171387
s 0
usemtl Material
f 575/341/806 579/342/806 578/343/806
f 577/344/807 579/342/807 576/345/807
f 579/342/808 581/346/808 578/343/808
f 579/342/809 583/347/809 582/348/809
f 547/349/810 575/341/810 553/350/810
f 555/351/811 575/341/811 554/352/811
f 555/351/812 577/344/812 576/345/812
f 548/353/813 577/344/813 556/354/813
f 557/355/814 580/356/814 577/344/814
f 580/356/815 559/357/815 583/347/815
f 578/343/816 551/358/816 552/359/816
f 553/350/817 578/343/817 552/359/817
f 584/360/818 588/361/818 587/362/818
f 586/363/819 588/361/819 585/364/819
f 588/361/820 590/365/820 587/362/820
f 588/361/821 592/366/821 591/367/821
f 563/368/822 589/369/822 586/363/822
f 589/369/823 565/370/823 592/366/823
f 592/366/824 550/371/824 566/372/824
f 592/366/825 567/373/825 591/367/825
f 590/365/826 567/373/826 568/374/826
f 590/365/827 549/375/827 560/376/827
f 587/362/828 560/376/828 561/377/828
f 562/378/829 587/362/829 561/377/829
f 593/379/830 597/380/830 596/381/830
f 595/382/831 597/380/831 594/383/831
f 597/380/832 599/384/832 596/381/832
f 597/380/833 601/385/833 600/386/833
f 549/375/834 593/387/834 571/388/834
f 568/374/835 594/389/835 593/387/835
f 566/372/836 594/389/836 567/373/836
f 550/371/837 595/390/837 566/372/837
f 572/391/838 598/392/838 595/390/838
f 598/392/839 574/393/839 601/394/839
f 601/394/840 548/353/840 556/354/840
f 600/395/841 556/354/841 555/351/841
f 600/395/842 554/352/842 599/396/842
f 599/396/843 547/349/843 569/397/843
f 596/398/844 569/397/844 570/399/844
f 571/388/845 596/398/845 570/399/845
f 602/400/846 606/401/846 605/402/846
f 604/403/847 606/401/847 603/404/847
f 606/401/848 608/405/848 605/402/848
f 606/401/849 610/406/849 609/407/849
f 562/378/850 607/408/850 604/403/850
f 607/408/851 560/376/851 610/406/851
f 610/406/852 549/375/852 571/388/852
f 610/406/853 570/399/853 609/407/853
f 608/405/854 570/399/854 569/397/854
f 608/405/855 547/349/855 553/350/855
f 605/402/856 553/350/856 552/359/856
f 551/358/857 605/402/857 552/359/857
f 611/409/858 615/410/858 614/411/858
f 613/412/859 615/410/859 612/413/859
f 615/410/860 617/414/860 614/411/860
f 615/410/861 619/415/861 618/416/861
f 559/357/862 616/417/862 613/412/862
f 616/417/863 557/355/863 619/415/863
f 619/415/864 548/353/864 574/393/864
f 619/415/865 573/418/865 618/416/865
f 617/414/866 573/418/866 572/391/866
f 617/414/867 550/371/867 565/370/867
f 614/411/868 565/370/868 564/419/868
f 563/368/869 614/411/869 564/419/869
f 648/341/870 652/342/870 649/345/870
f 652/342/871 650/344/871 649/345/871
f 654/346/872 652/342/872 651/343/872
f 652/342/873 656/347/873 653/356/873
f 620/349/874 648/341/874 627/352/874
f 648/341/875 628/351/875 627/352/875
f 628/351/876 650/344/876 629/354/876
f 650/344/877 621/353/877 629/354/877
f 653/356/878 630/355/878 650/344/878
f 653/356/879 632/357/879 631/420/879
f 624/358/880 651/343/880 625/359/880
f 626/350/881 651/343/881 648/341/881
f 657/360/882 661/361/882 658/364/882
f 661/361/883 659/363/883 658/364/883
f 663/365/884 661/361/884 660/362/884
f 661/361/885 665/366/885 662/369/885
f 662/369/886 636/368/886 659/363/886
f 662/369/887 638/370/887 637/419/887
f 665/366/888 623/371/888 638/370/888
f 640/373/889 665/366/889 664/367/889
f 663/365/890 640/373/890 664/367/890
f 622/375/891 663/365/891 633/376/891
f 633/376/892 660/362/892 634/377/892
f 635/378/893 660/362/893 657/360/893
f 666/379/894 670/380/894 667/383/894
f 670/380/895 668/382/895 667/383/895
f 672/384/896 670/380/896 669/381/896
f 670/380/897 674/385/897 671/421/897
f 622/375/898 666/387/898 641/374/898
f 641/374/899 667/389/899 640/373/899
f 667/389/900 639/372/900 640/373/900
f 668/390/901 623/371/901 639/372/901
f 671/392/902 645/391/902 668/390/902
f 671/392/903 647/393/903 646/418/903
f 674/394/904 621/353/904 647/393/904
f 673/395/905 629/354/905 674/394/905
f 627/352/906 673/395/906 672/396/906
f 620/349/907 672/396/907 642/397/907
f 642/397/908 669/398/908 643/399/908
f 644/388/909 669/398/909 666/387/909
f 675/400/910 679/401/910 676/404/910
f 679/401/911 677/403/911 676/404/911
f 681/405/912 679/401/912 678/402/912
f 679/401/913 683/406/913 680/408/913
f 680/408/914 635/378/914 677/403/914
f 680/408/915 633/376/915 634/377/915
f 683/406/916 622/375/916 633/376/916
f 643/399/917 683/406/917 682/407/917
f 681/405/918 643/399/918 682/407/918
f 620/349/919 681/405/919 626/350/919
f 626/350/920 678/402/920 625/359/920
f 624/358/921 678/402/921 675/400/921
f 684/409/922 688/410/922 685/413/922
f 688/410/923 686/412/923 685/413/923
f 690/414/924 688/410/924 687/411/924
f 688/410/925 692/415/925 689/417/925
f 689/417/926 632/357/926 686/412/926
f 689/417/927 630/355/927 631/420/927
f 692/415/928 621/353/928 630/355/928
f 646/418/929 692/415/929 691/416/929
f 690/414/930 646/418/930 691/416/930
f 623/371/931 690/414/931 638/370/931
f 638/370/932 687/411/932 637/419/932
f 636/368/933 687/411/933 684/409/933
f 575/341/934 576/345/934 579/342/934
f 577/344/935 580/356/935 579/342/935
f 579/342/936 582/348/936 581/346/936
f 579/342/937 580/356/937 583/347/937
f 547/349/938 554/352/938 575/341/938
f 555/351/939 576/345/939 575/341/939
f 555/351/940 556/354/940 577/344/940
f 548/353/941 557/355/941 577/344/941
f 557/355/942 558/420/942 580/356/942
f 580/356/943 558/420/943 559/357/943
f 578/343/944 581/346/944 551/358/944
f 553/350/945 575/341/945 578/343/945
f 584/360/946 585/364/946 588/361/946
f 586/363/947 589/369/947 588/361/947
f 588/361/948 591/367/948 590/365/948
f 588/361/949 589/369/949 592/366/949
f 563/368/950 564/419/950 589/369/950
f 589/369/951 564/419/951 565/370/951
f 592/366/952 565/370/952 550/371/952
f 592/366/953 566/372/953 567/373/953
f 590/365/954 591/367/954 567/373/954
f 590/365/955 568/374/955 549/375/955
f 587/362/956 590/365/956 560/376/956
f 562/378/957 584/360/957 587/362/957
f 593/379/958 594/383/958 597/380/958
f 595/382/959 598/421/959 597/380/959
f 597/380/960 600/386/960 599/384/960
f 597/380/961 598/421/961 601/385/961
f 549/375/962 568/374/962 593/387/962
f 568/374/963 567/373/963 594/389/963
f 566/372/964 595/390/964 594/389/964
f 550/371/965 572/391/965 595/390/965
f 572/391/966 573/418/966 598/392/966
f 598/392/967 573/418/967 574/393/967
f 601/394/968 574/393/968 548/353/968
f 600/395/969 601/394/969 556/354/969
f 600/395/970 555/351/970 554/352/970
f 599/396/971 554/352/971 547/349/971
f 596/398/972 599/396/972 569/397/972
f 571/388/973 593/387/973 596/398/973
f 602/400/974 603/404/974 606/401/974
f 604/403/975 607/408/975 606/401/975
f 606/401/976 609/407/976 608/405/976
f 606/401/977 607/408/977 610/406/977
f 562/378/978 561/377/978 607/408/978
f 607/408/979 561/377/979 560/376/979
f 610/406/980 560/376/980 549/375/980
f 610/406/981 571/388/981 570/399/981
f 608/405/982 609/407/982 570/399/982
f 608/405/983 569/397/983 547/349/983
f 605/402/984 608/405/984 553/350/984
f 551/358/985 602/400/985 605/402/985
f 611/409/986 612/413/986 615/410/986
f 613/412/987 616/417/987 615/410/987
f 615/410/988 618/416/988 617/414/988
f 615/410/989 616/417/989 619/415/989
f 559/357/990 558/420/990 616/417/990
f 616/417/991 558/420/991 557/355/991
f 619/415/992 557/355/992 548/353/992
f 619/415/993 574/393/993 573/418/993
f 617/414/994 618/416/994 573/418/994
f 617/414/995 572/391/995 550/371/995
f 614/411/996 617/414/996 565/370/996
f 563/368/997 611/409/997 614/411/997
f 648/341/998 651/343/998 652/342/998
f 652/342/999 653/356/999 650/344/999
f 654/346/1000 655/348/1000 652/342/1000
f 652/342/1001 655/348/1001 656/347/1001
f 620/349/1002 626/350/1002 648/341/1002
f 648/341/1003 649/345/1003 628/351/1003
f 628/351/1004 649/345/1004 650/344/1004
f 650/344/1005 630/355/1005 621/353/1005
f 653/356/1006 631/420/1006 630/355/1006
f 653/356/1007 656/347/1007 632/357/1007
f 624/358/1008 654/346/1008 651/343/1008
f 626/350/1009 625/359/1009 651/343/1009
f 657/360/1010 660/362/1010 661/361/1010
f 661/361/1011 662/369/1011 659/363/1011
f 663/365/1012 664/367/1012 661/361/1012
f 661/361/1013 664/367/1013 665/366/1013
f 662/369/1014 637/419/1014 636/368/1014
f 662/369/1015 665/366/1015 638/370/1015
f 665/366/1016 639/372/1016 623/371/1016
f 640/373/1017 639/372/1017 665/366/1017
f 663/365/1018 641/374/1018 640/373/1018
f 622/375/1019 641/374/1019 663/365/1019
f 633/376/1020 663/365/1020 660/362/1020
f 635/378/1021 634/377/1021 660/362/1021
f 666/379/1022 669/381/1022 670/380/1022
f 670/380/1023 671/421/1023 668/382/1023
f 672/384/1024 673/386/1024 670/380/1024
f 670/380/1025 673/386/1025 674/385/1025
f 622/375/1026 644/388/1026 666/387/1026
f 641/374/1027 666/387/1027 667/389/1027
f 667/389/1028 668/390/1028 639/372/1028
f 668/390/1029 645/391/1029 623/371/1029
f 671/392/1030 646/418/1030 645/391/1030
f 671/392/1031 674/394/1031 647/393/1031
f 674/394/1032 629/354/1032 621/353/1032
f 673/395/1033 628/351/1033 629/354/1033
f 627/352/1034 628/351/1034 673/395/1034
f 620/349/1035 627/352/1035 672/396/1035
f 642/397/1036 672/396/1036 669/398/1036
f 644/388/1037 643/399/1037 669/398/1037
f 675/400/1038 678/402/1038 679/401/1038
f 679/401/1039 680/408/1039 677/403/1039
f 681/405/1040 682/407/1040 679/401/1040
f 679/401/1041 682/407/1041 683/406/1041
f 680/408/1042 634/377/1042 635/378/1042
f 680/408/1043 683/406/1043 633/376/1043
f 683/406/1044 644/388/1044 622/375/1044
f 643/399/1045 644/388/1045 683/406/1045
f 681/405/1046 642/397/1046 643/399/1046
f 620/349/1047 642/397/1047 681/405/1047
f 626/350/1048 681/405/1048 678/402/1048
f 624/358/1049 625/359/1049 678/402/1049
f 684/409/1050 687/411/1050 688/410/1050
f 688/410/1051 689/417/1051 686/412/1051
f 690/414/1052 691/416/1052 688/410/1052
f 688/410/1053 691/416/1053 692/415/1053
f 689/417/1054 631/420/1054 632/357/1054
f 689/417/1055 692/415/1055 630/355/1055
f 692/415/1056 647/393/1056 621/353/1056
f 646/418/1057 647/393/1057 692/415/1057
f 690/414/1058 645/391/1058 646/418/1058
f 623/371/1059 645/391/1059 690/414/1059
f 638/370/1060 690/414/1060 687/411/1060
f 636/368/1061 637/419/1061 687/411/1061
o Pant
v 0.128711 0.355903 0.071415
v 0.128711 0.355903 -0.071415
v -0.000000 0.355903 -0.084479
v -0.000000 0.355903 0.081691
v 0.150727 0.355903 0.000000
v 0.128711 0.398032 -0.061249
v 0.128711 0.398032 0.061249
v -0.000000 0.396269 0.081072
v -0.000000 0.396269 -0.071415
v 0.150727 0.398984 0.000000
v 0.076759 0.355903 0.071415
v 0.076759 0.355903 -0.071415
v 0.076759 0.397320 -0.065352
v 0.076759 0.397320 0.069250
v 0.132038 0.398078 -0.065294
v 0.131791 0.355903 -0.075649
v 0.155967 0.355903 0.000000
v 0.132111 0.398068 0.065235
v 0.131873 0.355903 0.075591
v 0.076940 0.355903 0.076651
v 0.076787 0.355903 -0.076655
v -0.000000 0.355903 -0.089718
v -0.000000 0.355903 0.086919
v -0.000000 0.396188 0.086299
v -0.000000 0.396255 -0.076654
v 0.155967 0.398997 0.000000
v 0.076809 0.397348 -0.070592
v 0.076968 0.397307 0.074487
v 0.156464 0.313210 0.000033
v 0.132635 0.313210 -0.077263
v 0.076404 0.313210 0.077330
v 0.132635 0.313210 0.077330
v 0.076404 0.313210 -0.077263
v -0.000000 0.313210 -0.091404
v -0.000000 0.313210 0.088453
v 0.162136 0.313210 0.000033
v 0.135968 0.313210 -0.081847
v 0.076600 0.313210 0.082998
v 0.136057 0.313210 0.081850
v 0.076434 0.313210 -0.082935
v -0.000000 0.313210 -0.097075
v -0.000000 0.313210 0.094111
v 0.169381 0.233308 0.000110
v 0.141363 0.233308 -0.090775
v 0.075248 0.233308 0.090995
v 0.141363 0.233308 0.090995
v 0.075248 0.233308 -0.090775
v -0.000000 0.215131 -0.107401
v -0.000000 0.160093 0.104073
v 0.176051 0.233308 0.000110
v 0.145283 0.233308 -0.096164
v 0.075478 0.233308 0.097659
v 0.145387 0.233308 0.096309
v 0.075283 0.233308 -0.097443
v -0.000000 0.215131 -0.114069
v -0.000000 0.160093 0.110726
v -0.128711 0.355903 0.071415
v -0.128711 0.355903 -0.071415
v -0.150727 0.355903 0.000000
v -0.128711 0.398032 -0.061249
v -0.128711 0.398032 0.061249
v -0.150727 0.398984 0.000000
v -0.076759 0.355903 0.071415
v -0.076759 0.355903 -0.071415
v -0.076759 0.397320 -0.065352
v -0.076759 0.397320 0.069250
v -0.132038 0.398078 -0.065294
v -0.131791 0.355903 -0.075649
v -0.155967 0.355903 0.000000
v -0.132111 0.398068 0.065235
v -0.131873 0.355903 0.075591
v -0.076940 0.355903 0.076651
v -0.076787 0.355903 -0.076655
v -0.155967 0.398997 0.000000
v -0.076809 0.397348 -0.070592
v -0.076968 0.397307 0.074487
v -0.156464 0.313210 0.000033
v -0.132635 0.313210 -0.077263
v -0.076404 0.313210 0.077330
v -0.132635 0.313210 0.077330
v -0.076404 0.313210 -0.077263
v -0.162136 0.313210 0.000033
v -0.135968 0.313210 -0.081847
v -0.076600 0.313210 0.082998
v -0.136057 0.313210 0.081850
v -0.076434 0.313210 -0.082935
v -0.169381 0.233308 0.000110
v -0.141363 0.233308 -0.090775
v -0.075248 0.233308 0.090995
v -0.141363 0.233308 0.090995
v -0.075248 0.233308 -0.090775
v -0.176051 0.233308 0.000110
v -0.145283 0.233308 -0.096164
v -0.075478 0.233308 0.097659
v -0.145387 0.233308 0.096309
v -0.075283 0.233308 -0.097443
vn -0.9532 -0.0709 0.2939
vn -0.0000 -0.1448 0.9895
vn -0.9411 -0.0000 -0.3383
vn -0.1513 -0.0516 -0.9871
vn -0.1449 -0.2321 -0.9618
vn -0.1598 -0.3040 0.9392
vn 0.9503 0.0690 -0.3037
vn 0.0181 0.1447 -0.9893
vn 0.9505 0.0690 0.3030
vn 0.1323 0.0152 0.9911
vn 0.0193 0.0522 0.9985
vn 0.1598 0.3041 -0.9392
vn -0.0026 0.9999 0.0146
vn 0.9438 0.1366 0.3008
vn -0.0132 0.9999 0.0030
vn 0.0181 0.1454 -0.9892
vn -0.0000 -0.1372 -0.9905
vn 0.1309 0.1448 0.9808
vn -0.0140 0.9999 -0.0027
vn -0.9479 -0.1271 0.2922
vn -0.0134 0.9999 0.0023
vn -0.0214 0.9998 -0.0062
vn -0.0141 0.9999 0.0052
vn 0.1794 0.1671 -0.9695
vn -0.9444 -0.1530 -0.2911
vn 0.1413 0.1767 0.9741
vn -0.1796 -0.1615 0.9704
vn 0.9399 0.1640 0.2996
vn -0.0000 -0.1686 -0.9857
vn 0.1737 0.1681 -0.9703
vn -0.1663 -0.1325 0.9771
vn 0.9437 0.1361 -0.3016
vn -0.1423 -0.1548 -0.9776
vn -0.0000 -0.1357 0.9907
vn -0.9478 -0.1276 -0.2922
vn 0.0191 0.1469 0.9890
vn 0.2346 -0.9721 0.0012
vn 0.6963 -0.7178 -0.0000
vn -0.0000 -1.0000 -0.0000
vn 0.0180 0.1784 -0.9838
vn -0.0740 -0.1012 -0.9921
vn -0.0000 -0.1667 0.9860
vn 0.9397 0.1634 -0.3003
vn 0.0190 0.1802 0.9834
vn -0.9445 -0.1524 0.2912
vn 0.9532 -0.0709 0.2939
vn 0.9532 -0.0709 -0.2939
vn 0.1327 -0.0152 -0.9910
vn -0.0000 -0.0522 -0.9986
vn 0.1598 -0.3040 0.9392
vn -0.9503 0.0690 -0.3037
vn -0.0181 0.1447 -0.9893
vn -0.9392 -0.0000 0.3435
vn -0.1508 0.0515 0.9872
vn -0.1577 0.2347 0.9592
vn -0.1598 0.3041 -0.9392
vn 0.0026 0.9999 0.0146
vn -0.9438 0.1366 0.3008
vn 0.0132 0.9999 0.0030
vn -0.0181 0.1454 -0.9892
vn -0.1309 0.1448 0.9808
vn 0.0141 0.9999 0.0052
vn 0.9479 -0.1271 0.2922
vn 0.0026 0.9999 -0.0146
vn -0.1660 0.1422 -0.9758
vn 0.9444 -0.1530 -0.2911
vn -0.1413 0.1767 0.9741
vn 0.1796 -0.1615 0.9704
vn -0.9399 0.1640 0.2996
vn -0.1792 0.1733 -0.9684
vn 0.1663 -0.1325 0.9771
vn -0.9437 0.1361 -0.3016
vn 0.1315 -0.1350 -0.9821
vn 0.9478 -0.1276 -0.2922
vn -0.0191 0.1469 0.9890
vn -0.2346 -0.9721 0.0012
vn -0.6950 -0.7186 -0.0240
vn -0.0180 0.1784 -0.9838
vn 0.1421 -0.1649 -0.9760
vn -0.9397 0.1634 -0.3003
vn -0.0190 0.1802 0.9834
vn 0.9445 -0.1524 0.2912
vn -0.9411 -0.0000 0.3383
vn -0.0734 -0.2339 0.9695
vn -0.9532 -0.0709 -0.2939
vn -0.1327 -0.0152 -0.9910
vn -0.0759 -0.1444 0.9866
vn 0.9389 -0.0000 -0.3441
vn 0.0897 0.2370 -0.9674
vn 0.9392 -0.0000 0.3435
vn 0.1508 0.0515 0.9872
vn 0.1577 0.2347 0.9592
vn 0.0758 0.1443 -0.9866
vn -0.0192 0.9998 0.0072
vn -0.0121 0.9998 0.0156
vn 0.1416 0.1644 0.9762
vn -0.0026 0.9999 -0.0146
vn -0.0133 0.9999 0.0005
vn 0.1660 0.1422 -0.9758
vn 0.0673 0.1076 0.9919
vn -0.1764 -0.1585 0.9715
vn 0.1792 0.1733 -0.9684
vn -0.1797 -0.1575 0.9710
vn -0.1315 -0.1350 -0.9821
vn 0.2347 -0.9721 -0.0000
vn 0.6950 -0.7186 -0.0240
vn -0.1421 -0.1649 -0.9760
vn 0.9411 -0.0000 0.3383
vn 0.0734 -0.2339 0.9695
vn 0.9411 -0.0000 -0.3383
vn 0.1513 -0.0516 -0.9871
vn 0.1449 -0.2321 -0.9618
vn 0.0759 -0.1444 0.9866
vn -0.9389 -0.0000 -0.3441
vn -0.0897 0.2370 -0.9674
vn -0.9505 0.0690 0.3030
vn -0.1323 0.0152 0.9911
vn -0.0193 0.0522 0.9985
vn -0.0758 0.1443 -0.9866
vn 0.0192 0.9998 0.0072
vn 0.0121 0.9998 0.0156
vn -0.1416 0.1644 0.9762
vn 0.0140 0.9999 -0.0027
vn 0.0134 0.9999 0.0023
vn 0.0214 0.9998 -0.0062
vn 0.0132 0.9999 0.0005
vn -0.1794 0.1671 -0.9695
vn -0.0673 0.1076 0.9919
vn 0.1764 -0.1585 0.9715
vn -0.1737 0.1681 -0.9703
vn 0.1797 -0.1575 0.9710
vn 0.1423 -0.1548 -0.9776
vn -0.2347 -0.9721 -0.0000
vn -0.6963 -0.7178 -0.0000
vn 0.0740 -0.1012 -0.9921
vt 0.162881 0.367691
vt 0.237161 0.430562
vt 0.235078 0.365383
vt 0.266302 0.429630
vt 0.264219 0.364452
vt 0.092768 0.435178
vt 0.164965 0.432870
vt 0.061544 0.370931
vt 0.020572 0.437485
vt 0.063628 0.436109
vt 0.090685 0.369999
vt 0.309358 0.428254
vt 0.307084 0.363110
vt 0.019129 0.371947
s 0
usemtl Material
f 697/422/1062 698/423/1062 694/424/1062
f 694/424/1063 705/425/1063 704/426/1063
f 697/422/1064 699/427/1064 702/428/1064
f 703/429/1065 700/430/1065 706/431/1065
f 693/432/1066 706/431/1066 699/427/1066
f 704/426/1067 701/433/1067 695/434/1067
f 707/423/1068 709/422/1068 708/424/1068
f 719/425/1069 708/424/1069 713/426/1069
f 709/422/1070 710/427/1070 711/432/1070
f 712/429/1071 716/430/1071 715/435/1071
f 711/432/1072 720/431/1072 712/429/1072
f 717/433/1073 713/426/1073 714/434/1073
f 699/427/1074 718/428/1074 702/428/1074
f 711/432/1075 728/422/1075 709/422/1075
f 700/430/1076 720/431/1076 706/431/1076
f 708/424/1077 732/426/1077 713/426/1077
f 693/432/1078 723/429/1078 703/429/1078
f 715/435/1079 730/429/1079 712/429/1079
f 701/433/1080 719/425/1080 717/433/1080
f 694/424/1081 721/422/1081 697/422/1081
f 699/427/1082 720/431/1082 710/427/1082
f 698/423/1083 718/428/1083 707/423/1083
f 698/423/1084 719/425/1084 705/425/1084
f 714/434/1085 732/426/1085 733/434/1085
f 724/432/1086 735/422/1086 738/432/1086
f 734/435/1087 744/429/1087 730/429/1087
f 726/434/1088 739/426/1088 725/426/1088
f 731/432/1089 742/422/1089 728/422/1089
f 724/432/1090 737/429/1090 723/429/1090
f 733/434/1091 746/426/1091 747/434/1091
f 695/434/1092 725/426/1092 704/426/1092
f 708/424/1093 728/422/1093 729/424/1093
f 696/435/1094 723/429/1094 727/435/1094
f 694/424/1095 725/426/1095 722/424/1095
f 693/432/1096 721/422/1096 724/432/1096
f 711/432/1097 730/429/1097 731/432/1097
f 740/434/1098 746/426/1098 739/426/1098
f 741/435/1099 744/429/1099 748/435/1099
f 736/424/1100 746/426/1100 743/424/1100
f 738/432/1100 742/422/1100 745/432/1100
f 736/424/1100 742/422/1100 735/422/1100
f 738/432/1100 744/429/1100 737/429/1100
f 729/424/1101 746/426/1101 732/426/1101
f 727/435/1102 737/429/1102 741/435/1102
f 722/424/1103 739/426/1103 736/424/1103
f 729/424/1104 742/422/1104 743/424/1104
f 731/432/1105 744/429/1105 745/432/1105
f 722/424/1106 735/422/1106 721/422/1106
f 752/423/1107 751/422/1107 750/424/1107
f 757/425/1063 750/424/1063 756/426/1063
f 751/422/1108 753/427/1108 749/432/1108
f 755/429/1109 700/430/1109 696/435/1109
f 749/432/1110 758/431/1110 755/429/1110
f 701/433/1111 756/426/1111 695/434/1111
f 761/422/1112 759/423/1112 760/424/1112
f 760/424/1113 767/425/1113 765/426/1113
f 761/422/1114 762/427/1114 766/428/1114
f 764/429/1115 716/430/1115 768/431/1115
f 763/432/1116 768/431/1116 762/427/1116
f 765/426/1117 717/433/1117 714/434/1117
f 766/428/1118 753/427/1118 754/428/1118
f 774/422/1119 763/432/1119 761/422/1119
f 768/431/1120 700/430/1120 758/431/1120
f 778/426/1121 760/424/1121 765/426/1121
f 771/429/1078 749/432/1078 755/429/1078
f 776/429/1122 715/435/1122 764/429/1122
f 701/433/1123 767/425/1123 757/425/1123
f 769/422/1124 750/424/1124 751/422/1124
f 753/427/1120 768/431/1120 758/431/1120
f 752/423/1125 766/428/1125 754/428/1125
f 767/425/1123 752/423/1123 757/425/1123
f 714/434/1126 778/426/1126 765/426/1126
f 772/432/1127 779/422/1127 769/422/1127
f 786/429/1128 734/435/1128 776/429/1128
f 783/426/1129 726/434/1129 773/426/1129
f 784/422/1130 777/432/1130 774/422/1130
f 781/429/1090 772/432/1090 771/429/1090
f 733/434/1131 788/426/1131 778/426/1131
f 773/426/1132 695/434/1132 756/426/1132
f 760/424/1133 774/422/1133 761/422/1133
f 696/435/1134 771/429/1134 755/429/1134
f 750/424/1095 773/426/1095 756/426/1095
f 749/432/1135 769/422/1135 751/422/1135
f 763/432/1136 776/429/1136 764/429/1136
f 788/426/1137 740/434/1137 783/426/1137
f 741/435/1138 786/429/1138 781/429/1138
f 780/424/1100 788/426/1100 783/426/1100
f 782/432/1100 784/422/1100 779/422/1100
f 784/422/1100 780/424/1100 779/422/1100
f 786/429/1100 782/432/1100 781/429/1100
f 788/426/1139 775/424/1139 778/426/1139
f 727/435/1140 781/429/1140 771/429/1140
f 770/424/1103 783/426/1103 773/426/1103
f 775/424/1141 784/422/1141 774/422/1141
f 777/432/1142 786/429/1142 776/429/1142
f 779/422/1143 770/424/1143 769/422/1143
f 697/422/1144 702/428/1144 698/423/1144
f 694/424/1145 698/423/1145 705/425/1145
f 697/422/1146 693/432/1146 699/427/1146
f 703/429/1147 696/435/1147 700/430/1147
f 693/432/1110 703/429/1110 706/431/1110
f 704/426/1148 705/425/1148 701/433/1148
f 707/423/1149 718/428/1149 709/422/1149
f 719/425/1150 707/423/1150 708/424/1150
f 709/422/1151 718/428/1151 710/427/1151
f 712/429/1152 720/431/1152 716/430/1152
f 711/432/1153 710/427/1153 720/431/1153
f 717/433/1154 719/425/1154 713/426/1154
f 699/427/1155 710/427/1155 718/428/1155
f 711/432/1075 731/432/1075 728/422/1075
f 700/430/1156 716/430/1156 720/431/1156
f 708/424/1077 729/424/1077 732/426/1077
f 693/432/1078 724/432/1078 723/429/1078
f 715/435/1157 734/435/1157 730/429/1157
f 701/433/1084 705/425/1084 719/425/1084
f 694/424/1081 722/424/1081 721/422/1081
f 699/427/1076 706/431/1076 720/431/1076
f 698/423/1158 702/428/1158 718/428/1158
f 698/423/1159 707/423/1159 719/425/1159
f 714/434/1160 713/426/1160 732/426/1160
f 724/432/1086 721/422/1086 735/422/1086
f 734/435/1161 748/435/1161 744/429/1161
f 726/434/1162 740/434/1162 739/426/1162
f 731/432/1089 745/432/1089 742/422/1089
f 724/432/1090 738/432/1090 737/429/1090
f 733/434/1163 732/426/1163 746/426/1163
f 695/434/1164 726/434/1164 725/426/1164
f 708/424/1093 709/422/1093 728/422/1093
f 696/435/1165 703/429/1165 723/429/1165
f 694/424/1095 704/426/1095 725/426/1095
f 693/432/1096 697/422/1096 721/422/1096
f 711/432/1097 712/429/1097 730/429/1097
f 740/434/1166 747/434/1166 746/426/1166
f 741/435/1167 737/429/1167 744/429/1167
f 736/424/1100 739/426/1100 746/426/1100
f 738/432/1100 735/422/1100 742/422/1100
f 736/424/1100 743/424/1100 742/422/1100
f 738/432/1100 745/432/1100 744/429/1100
f 729/424/1101 743/424/1101 746/426/1101
f 727/435/1168 723/429/1168 737/429/1168
f 722/424/1103 725/426/1103 739/426/1103
f 729/424/1104 728/422/1104 742/422/1104
f 731/432/1105 730/429/1105 744/429/1105
f 722/424/1106 736/424/1106 735/422/1106
f 752/423/1169 754/428/1169 751/422/1169
f 757/425/1170 752/423/1170 750/424/1170
f 751/422/1171 754/428/1171 753/427/1171
f 755/429/1172 758/431/1172 700/430/1172
f 749/432/1173 753/427/1173 758/431/1173
f 701/433/1174 757/425/1174 756/426/1174
f 761/422/1175 766/428/1175 759/423/1175
f 760/424/1176 759/423/1176 767/425/1176
f 761/422/1177 763/432/1177 762/427/1177
f 764/429/1178 715/435/1178 716/430/1178
f 763/432/1179 764/429/1179 768/431/1179
f 765/426/1180 767/425/1180 717/433/1180
f 766/428/1181 762/427/1181 753/427/1181
f 774/422/1119 777/432/1119 763/432/1119
f 768/431/1182 716/430/1182 700/430/1182
f 778/426/1121 775/424/1121 760/424/1121
f 771/429/1078 772/432/1078 749/432/1078
f 776/429/1183 734/435/1183 715/435/1183
f 701/433/1184 717/433/1184 767/425/1184
f 769/422/1124 770/424/1124 750/424/1124
f 753/427/1185 762/427/1185 768/431/1185
f 752/423/1186 759/423/1186 766/428/1186
f 767/425/1187 759/423/1187 752/423/1187
f 714/434/1188 733/434/1188 778/426/1188
f 772/432/1127 782/432/1127 779/422/1127
f 786/429/1189 748/435/1189 734/435/1189
f 783/426/1190 740/434/1190 726/434/1190
f 784/422/1130 787/432/1130 777/432/1130
f 781/429/1090 782/432/1090 772/432/1090
f 733/434/1191 747/434/1191 788/426/1191
f 773/426/1192 726/434/1192 695/434/1192
f 760/424/1133 775/424/1133 774/422/1133
f 696/435/1193 727/435/1193 771/429/1193
f 750/424/1095 770/424/1095 773/426/1095
f 749/432/1135 772/432/1135 769/422/1135
f 763/432/1136 777/432/1136 776/429/1136
f 788/426/1194 747/434/1194 740/434/1194
f 741/435/1195 748/435/1195 786/429/1195
f 780/424/1100 785/424/1100 788/426/1100
f 782/432/1100 787/432/1100 784/422/1100
f 784/422/1100 785/424/1100 780/424/1100
f 786/429/1100 787/432/1100 782/432/1100
f 788/426/1139 785/424/1139 775/424/1139
f 727/435/1196 741/435/1196 781/429/1196
f 770/424/1103 780/424/1103 783/426/1103
f 775/424/1141 785/424/1141 784/422/1141
f 777/432/1142 787/432/1142 786/429/1142
f 779/422/1143 780/424/1143 770/424/1143
o Blet
v 0.133807 0.398101 -0.066169
v 0.133556 0.355361 -0.076663
v 0.158057 0.355361 0.000000
v 0.133881 0.398091 0.066109
v 0.133640 0.355361 0.076603
v 0.077971 0.355361 0.077678
v 0.077815 0.355361 -0.077681
v -0.000000 0.355361 -0.090920
v -0.000000 0.355361 0.088083
v -0.000000 0.396186 0.087455
v -0.000000 0.396255 -0.077681
v 0.158057 0.399033 0.000000
v 0.077838 0.397362 -0.071537
v 0.077999 0.397320 0.075485
v 0.136104 0.398124 -0.068971
v 0.135713 0.355386 -0.079575
v 0.161682 0.355368 -0.000001
v 0.136230 0.398110 0.068869
v 0.135852 0.355380 0.079475
v 0.078396 0.355377 0.081278
v 0.078138 0.355398 -0.081289
v -0.000000 0.355401 -0.094514
v -0.000000 0.355367 0.091672
v -0.000000 0.396191 0.091044
v -0.000000 0.396294 -0.081275
v 0.161682 0.399040 -0.000002
v 0.078155 0.397398 -0.075145
v 0.078420 0.397336 0.079085
v 0.038229 0.375779 0.091358
v 0.030584 0.375779 0.099004
v 0.022938 0.375779 0.091358
v 0.030584 0.375779 0.083712
v -0.000000 0.414009 0.091358
v -0.000000 0.406363 0.099004
v -0.000000 0.398717 0.091358
v -0.000000 0.406363 0.083712
v -0.038229 0.375779 0.091358
v -0.030584 0.375779 0.099004
v -0.022938 0.375779 0.091358
v -0.030584 0.375779 0.083712
v -0.000000 0.337550 0.091358
v -0.000000 0.345196 0.099004
v -0.000000 0.352842 0.091358
v -0.000000 0.345196 0.083712
v -0.133807 0.398101 -0.066169
v -0.133556 0.355361 -0.076663
v -0.158057 0.355361 0.000000
v -0.133881 0.398091 0.066109
v -0.133640 0.355361 0.076603
v -0.077971 0.355361 0.077678
v -0.077815 0.355361 -0.077681
v -0.158057 0.399033 0.000000
v -0.077838 0.397362 -0.071537
v -0.077999 0.397320 0.075485
v -0.136104 0.398124 -0.068971
v -0.135713 0.355386 -0.079575
v -0.161682 0.355368 -0.000001
v -0.136230 0.398110 0.068869
v -0.135852 0.355380 0.079475
v -0.078396 0.355377 0.081278
v -0.078138 0.355398 -0.081289
v -0.161682 0.399040 -0.000002
v -0.078155 0.397398 -0.075145
v -0.078420 0.397336 0.079085
v -0.038229 0.375779 0.091358
v -0.030584 0.375779 0.099004
v -0.022938 0.375779 0.091358
v -0.030584 0.375779 0.083712
v 0.038229 0.375779 0.091358
v 0.030584 0.375779 0.099004
v 0.022938 0.375779 0.091358
v 0.030584 0.375779 0.083712
vn -0.9503 -0.0690 0.3037
vn -0.0181 -0.1447 0.9893
vn -0.9392 -0.0000 -0.3435
vn -0.1508 -0.0515 -0.9872
vn -0.1577 -0.2347 -0.9592
vn -0.1598 -0.3041 0.9392
vn 0.9485 0.0681 -0.3095
vn 0.0295 0.1447 -0.9890
vn 0.9488 0.0681 0.3084
vn 0.1314 0.0152 0.9912
vn 0.0313 0.0522 0.9981
vn 0.1590 0.3041 -0.9393
vn -0.0141 0.9999 0.0088
vn 0.0001 -1.0000 0.0043
vn -0.0018 0.9999 0.0136
vn 0.0017 -0.9999 -0.0100
vn -0.0150 0.9999 -0.0027
vn 0.0003 -1.0000 0.0016
vn -0.0000 -1.0000 -0.0083
vn 0.0059 -1.0000 0.0021
vn -0.0150 0.9998 0.0110
vn 0.0018 -1.0000 -0.0006
vn -0.0126 0.9999 0.0042
vn -0.0180 0.9998 -0.0066
vn 0.5774 0.5774 0.5773
vn -0.5774 -0.5774 0.5774
vn -0.5773 -0.5774 -0.5773
vn 0.5774 0.5774 -0.5773
vn -0.5774 0.5773 0.5774
vn 0.5774 -0.5774 0.5774
vn 0.5774 -0.5774 -0.5773
vn -0.5773 0.5773 -0.5774
vn -0.5774 -0.5774 0.5773
vn 0.5773 -0.5773 0.5774
vn -0.5774 0.5774 0.5773
vn -0.5773 0.5774 -0.5774
vn 0.5773 -0.5773 -0.5774
vn 0.9503 -0.0690 0.3037
vn 0.0181 -0.1447 0.9893
vn 0.9505 -0.0690 -0.3030
vn 0.1323 -0.0152 -0.9911
vn 0.0193 -0.0522 -0.9985
vn 0.1598 -0.3041 0.9392
vn -0.9485 0.0681 -0.3095
vn -0.0295 0.1447 -0.9890
vn -0.9380 -0.0000 0.3467
vn -0.1498 0.0515 0.9874
vn -0.1660 0.2362 0.9574
vn -0.1590 0.3041 -0.9393
vn 0.0141 0.9999 0.0088
vn -0.0001 -1.0000 0.0043
vn 0.0018 0.9999 0.0136
vn -0.0017 -0.9999 -0.0100
vn 0.0150 0.9999 -0.0027
vn -0.0006 -1.0000 0.0043
vn -0.0002 -0.9999 -0.0101
vn -0.0018 -1.0000 0.0006
vn 0.0149 0.9999 0.0088
vn -0.0018 -1.0000 -0.0006
vn 0.0143 0.9999 -0.0028
vn 0.0018 0.9999 -0.0134
vn 0.5773 -0.5774 0.5773
vn 0.5773 -0.5774 -0.5773
vn -0.5774 0.5774 -0.5773
vn 0.5774 0.5773 0.5774
vn 0.5773 0.5773 -0.5774
vn -0.5773 0.5774 -0.5773
vn -0.5773 -0.5774 0.5773
vn 0.5773 0.5774 0.5773
vn 0.5773 0.5774 -0.5774
vn -0.5773 -0.5773 -0.5774
vn -0.9389 -0.0000 0.3441
vn -0.0897 -0.2370 0.9674
vn -0.9505 -0.0690 -0.3030
vn -0.1323 -0.0152 -0.9911
vn -0.0193 -0.0522 -0.9985
vn -0.0758 -0.1443 0.9866
vn 0.9376 -0.0000 -0.3477
vn 0.0999 0.2387 -0.9659
vn 0.9380 -0.0000 0.3467
vn 0.1498 0.0515 0.9874
vn 0.1660 0.2362 0.9574
vn 0.0753 0.1443 -0.9867
vn -0.0123 0.9999 -0.0019
vn 0.0003 -1.0000 0.0064
vn -0.0165 0.9998 0.0074
vn 0.0018 -0.9999 -0.0110
vn -0.0148 0.9999 -0.0016
vn 0.0006 -1.0000 0.0043
vn 0.0002 -0.9999 -0.0101
vn 0.0018 -1.0000 0.0006
vn -0.0149 0.9999 0.0088
vn 0.0076 -1.0000 -0.0027
vn -0.0143 0.9999 -0.0028
vn -0.0018 0.9999 -0.0134
vn 0.5773 0.5774 0.5774
vn -0.5774 -0.5774 -0.5773
vn 0.5774 0.5773 -0.5774
vn -0.5773 0.5774 0.5773
vn 0.5774 -0.5774 0.5773
vn -0.5773 -0.5773 0.5774
vn 0.5774 -0.5774 -0.5774
vn 0.9389 -0.0000 0.3441
vn 0.0897 -0.2370 0.9674
vn 0.9392 -0.0000 -0.3435
vn 0.1508 -0.0515 -0.9872
vn 0.1577 -0.2347 -0.9592
vn 0.0758 -0.1443 0.9866
vn -0.9376 -0.0000 -0.3477
vn -0.0999 0.2387 -0.9659
vn -0.9488 0.0681 0.3084
vn -0.1314 0.0153 0.9912
vn -0.0313 0.0522 0.9981
vn -0.0753 0.1443 -0.9867
vn 0.0123 0.9999 -0.0019
vn -0.0003 -1.0000 0.0064
vn 0.0165 0.9998 0.0074
vn -0.0018 -0.9999 -0.0110
vn 0.0148 0.9999 -0.0016
vn -0.0003 -1.0000 0.0016
vn -0.0059 -1.0000 0.0021
vn 0.0150 0.9998 0.0110
vn -0.0076 -1.0000 -0.0027
vn 0.0126 0.9999 0.0042
vn 0.0180 0.9998 -0.0066
vn -0.5773 0.5773 0.5774
vn 0.5774 -0.5773 0.5774
vn -0.5774 0.5773 -0.5774
vn 0.5773 0.5774 -0.5773
vn -0.5774 -0.5774 -0.5774
vt 0.052112 0.511607
vt 0.113313 0.443816
vt 0.052112 0.443816
vt 0.113313 0.416454
vt 0.052112 0.416454
vt 0.113313 0.579398
vt 0.113313 0.511607
vt 0.052112 0.606760
vt 0.113313 0.647189
vt 0.113313 0.606760
vt 0.052112 0.579398
vt 0.113313 0.376026
vt 0.052138 0.376205
vt 0.051794 0.646577
vt 0.231976 0.161921
vt 0.161921 0.231976
vt 0.161921 0.161921
vt 0.231976 0.302030
vt 0.161921 0.302030
vt 0.231976 0.021812
vt 0.161921 0.091867
vt 0.161921 0.021812
vt 0.231976 0.091867
vt 0.302030 0.161921
vt 0.231976 0.231976
vt 0.302030 0.302030
vt 0.302030 0.091867
vt 0.021812 0.161921
vt 0.091867 0.231976
vt 0.021812 0.231976
vt 0.021812 0.302030
vt 0.021812 0.021812
vt 0.091867 0.091867
vt 0.021812 0.091867
vt 0.091867 0.161921
vt 0.091867 0.302030
vt 0.091867 0.021812
vt 0.302030 0.231976
vt 0.302030 0.021812
s 0
usemtl Material
f 791/436/1197 789/437/1197 790/438/1197
f 790/438/1198 801/439/1198 795/440/1198
f 791/436/1199 792/441/1199 800/442/1199
f 794/443/1200 798/444/1200 802/445/1200
f 793/446/1201 802/445/1201 792/441/1201
f 795/440/1202 799/447/1202 796/448/1202
f 803/437/1203 805/436/1203 804/438/1203
f 815/439/1204 804/438/1204 809/440/1204
f 805/436/1205 806/441/1205 807/446/1205
f 808/443/1206 812/444/1206 811/449/1206
f 807/446/1207 816/445/1207 808/443/1207
f 813/447/1208 809/440/1208 810/448/1208
f 789/437/1209 815/439/1209 801/439/1209
f 793/446/1210 808/443/1210 794/443/1210
f 792/441/1211 814/442/1211 800/442/1211
f 796/448/1212 809/440/1212 795/440/1212
f 798/444/1213 816/445/1213 802/445/1213
f 797/449/1214 808/443/1214 811/449/1214
f 790/438/1215 809/440/1215 804/438/1215
f 793/446/1216 805/436/1216 807/446/1216
f 799/447/1217 815/439/1217 813/447/1217
f 790/438/1218 805/436/1218 791/436/1218
f 792/441/1219 816/445/1219 806/441/1219
f 789/437/1220 814/442/1220 803/437/1220
f 821/450/1221 818/451/1221 817/452/1221
f 818/451/1222 823/453/1222 819/454/1222
f 823/455/1223 820/456/1223 819/457/1223
f 824/458/1224 817/452/1224 820/456/1224
f 825/459/1225 822/460/1225 821/450/1225
f 822/460/1226 827/461/1226 823/453/1226
f 823/455/1227 828/462/1227 824/458/1227
f 828/462/1228 821/450/1228 824/458/1228
f 825/463/1229 830/464/1229 826/465/1229
f 830/464/1221 827/466/1221 826/465/1221
f 827/467/1224 832/468/1224 828/469/1224
f 832/468/1223 825/463/1223 828/469/1223
f 829/470/1230 818/451/1230 830/464/1230
f 830/464/1231 819/454/1231 831/471/1231
f 831/472/1232 820/456/1232 832/468/1232
f 820/456/1233 829/470/1233 832/468/1233
f 833/437/1234 835/436/1234 834/438/1234
f 841/439/1235 834/438/1235 839/440/1235
f 835/436/1236 836/441/1236 837/446/1236
f 838/443/1237 798/444/1237 797/449/1237
f 837/446/1238 842/445/1238 838/443/1238
f 799/447/1239 839/440/1239 796/448/1239
f 845/436/1240 843/437/1240 844/438/1240
f 844/438/1241 851/439/1241 849/440/1241
f 845/436/1242 846/441/1242 850/442/1242
f 848/443/1243 812/444/1243 852/445/1243
f 847/446/1244 852/445/1244 846/441/1244
f 849/440/1245 813/447/1245 810/448/1245
f 851/439/1246 833/437/1246 841/439/1246
f 848/443/1247 837/446/1247 838/443/1247
f 850/442/1248 836/441/1248 840/442/1248
f 849/440/1249 796/448/1249 839/440/1249
f 852/445/1250 798/444/1250 842/445/1250
f 797/449/1251 848/443/1251 838/443/1251
f 834/438/1252 849/440/1252 839/440/1252
f 837/446/1253 845/436/1253 835/436/1253
f 799/447/1254 851/439/1254 841/439/1254
f 845/436/1255 834/438/1255 835/436/1255
f 836/441/1256 852/445/1256 842/445/1256
f 833/437/1257 850/442/1257 840/442/1257
f 854/451/1231 821/450/1231 853/452/1231
f 855/454/1258 822/460/1258 854/451/1258
f 856/456/1259 823/455/1259 855/457/1259
f 853/452/1260 824/458/1260 856/456/1260
f 822/460/1261 857/459/1261 821/450/1261
f 822/460/1229 859/461/1229 858/473/1229
f 823/455/1223 860/462/1223 859/474/1223
f 821/450/1262 860/462/1262 824/458/1262
f 857/463/1230 830/464/1230 829/470/1230
f 859/466/1231 830/464/1231 858/465/1231
f 860/469/1263 831/472/1263 859/467/1263
f 857/463/1227 832/468/1227 860/469/1227
f 829/470/1264 854/451/1264 853/452/1264
f 830/464/1265 855/454/1265 854/451/1265
f 832/468/1266 855/457/1266 831/472/1266
f 829/470/1267 856/456/1267 832/468/1267
f 791/436/1268 800/442/1268 789/437/1268
f 790/438/1269 789/437/1269 801/439/1269
f 791/436/1270 793/446/1270 792/441/1270
f 794/443/1271 797/449/1271 798/444/1271
f 793/446/1272 794/443/1272 802/445/1272
f 795/440/1273 801/439/1273 799/447/1273
f 803/437/1274 814/442/1274 805/436/1274
f 815/439/1275 803/437/1275 804/438/1275
f 805/436/1276 814/442/1276 806/441/1276
f 808/443/1277 816/445/1277 812/444/1277
f 807/446/1278 806/441/1278 816/445/1278
f 813/447/1279 815/439/1279 809/440/1279
f 789/437/1280 803/437/1280 815/439/1280
f 793/446/1281 807/446/1281 808/443/1281
f 792/441/1282 806/441/1282 814/442/1282
f 796/448/1283 810/448/1283 809/440/1283
f 798/444/1284 812/444/1284 816/445/1284
f 797/449/1285 794/443/1285 808/443/1285
f 790/438/1286 795/440/1286 809/440/1286
f 793/446/1287 791/436/1287 805/436/1287
f 799/447/1288 801/439/1288 815/439/1288
f 790/438/1289 804/438/1289 805/436/1289
f 792/441/1290 802/445/1290 816/445/1290
f 789/437/1291 800/442/1291 814/442/1291
f 821/450/1292 822/460/1292 818/451/1292
f 818/451/1229 822/460/1229 823/453/1229
f 823/455/1293 824/458/1293 820/456/1293
f 824/458/1294 821/450/1294 817/452/1294
f 825/459/1295 826/473/1295 822/460/1295
f 822/460/1296 826/473/1296 827/461/1296
f 823/455/1259 827/474/1259 828/462/1259
f 828/462/1260 825/459/1260 821/450/1260
f 825/463/1297 829/470/1297 830/464/1297
f 830/464/1221 831/471/1221 827/466/1221
f 827/467/1266 831/472/1266 832/468/1266
f 832/468/1267 829/470/1267 825/463/1267
f 829/470/1258 817/452/1258 818/451/1258
f 830/464/1295 818/451/1295 819/454/1295
f 831/472/1260 819/457/1260 820/456/1260
f 820/456/1298 817/452/1298 829/470/1298
f 833/437/1299 840/442/1299 835/436/1299
f 841/439/1300 833/437/1300 834/438/1300
f 835/436/1301 840/442/1301 836/441/1301
f 838/443/1302 842/445/1302 798/444/1302
f 837/446/1303 836/441/1303 842/445/1303
f 799/447/1304 841/439/1304 839/440/1304
f 845/436/1305 850/442/1305 843/437/1305
f 844/438/1306 843/437/1306 851/439/1306
f 845/436/1307 847/446/1307 846/441/1307
f 848/443/1308 811/449/1308 812/444/1308
f 847/446/1309 848/443/1309 852/445/1309
f 849/440/1310 851/439/1310 813/447/1310
f 851/439/1311 843/437/1311 833/437/1311
f 848/443/1312 847/446/1312 837/446/1312
f 850/442/1313 846/441/1313 836/441/1313
f 849/440/1314 810/448/1314 796/448/1314
f 852/445/1315 812/444/1315 798/444/1315
f 797/449/1316 811/449/1316 848/443/1316
f 834/438/1215 844/438/1215 849/440/1215
f 837/446/1317 847/446/1317 845/436/1317
f 799/447/1318 813/447/1318 851/439/1318
f 845/436/1319 844/438/1319 834/438/1319
f 836/441/1320 846/441/1320 852/445/1320
f 833/437/1321 843/437/1321 850/442/1321
f 854/451/1322 822/460/1322 821/450/1322
f 855/454/1323 823/453/1323 822/460/1323
f 856/456/1227 824/458/1227 823/455/1227
f 853/452/1324 821/450/1324 824/458/1324
f 822/460/1265 858/473/1265 857/459/1265
f 822/460/1222 823/453/1222 859/461/1222
f 823/455/1293 824/458/1293 860/462/1293
f 821/450/1224 857/459/1224 860/462/1224
f 857/463/1296 858/465/1296 830/464/1296
f 859/466/1231 831/471/1231 830/464/1231
f 860/469/1232 832/468/1232 831/472/1232
f 857/463/1233 829/470/1233 832/468/1233
f 829/470/1297 830/464/1297 854/451/1297
f 830/464/1221 831/471/1221 855/454/1221
f 832/468/1325 856/456/1325 855/457/1325
f 829/470/1326 853/452/1326 856/456/1326
