# Blender 5.0.1
# www.blender.org
mtllib CH_Goblin_Archer.mtl
o Goblin
v 0.137118 0.669684 0.089463
v 0.174102 0.904432 0.066288
v 0.137118 0.669684 -0.058875
v 0.167326 0.904432 -0.099283
v 0.000000 0.601537 -0.088102
v 0.000000 0.980462 -0.133326
v 0.000000 0.601537 0.175092
v 0.000000 0.965684 0.141725
v 0.052669 0.969081 -0.128564
v 0.039090 0.617899 0.175092
v 0.039090 0.617899 -0.085548
v 0.052669 0.962062 0.141725
v 0.156547 0.695733 -0.088343
v 0.156547 0.695733 0.108206
v 0.000000 0.723576 0.180335
v 0.000000 0.675319 -0.127346
v 0.048703 0.728547 0.180335
v 0.050925 0.677567 -0.123041
v 0.137118 0.669684 0.014966
v 0.174102 0.921371 0.009123
v 0.000000 0.997401 0.009123
v 0.000000 0.595485 0.023943
v 0.052669 0.986020 0.009123
v 0.039090 0.611846 0.023943
v 0.166421 0.706738 0.011437
v 0.171490 0.782142 -0.108332
v 0.171490 0.782142 0.108206
v 0.000000 0.788617 0.175092
v 0.000000 0.775527 -0.160138
v 0.030415 0.776211 0.175092
v 0.056380 0.778281 -0.152550
v 0.180704 0.776717 0.006083
v 0.000000 0.788617 0.182129
v 0.000000 0.689421 0.234980
v 0.030415 0.776211 0.182129
v 0.048703 0.719054 0.194083
v 0.137503 0.942394 -0.114863
v 0.108944 0.650312 0.128315
v 0.108944 0.650312 -0.079647
v 0.140199 0.942394 0.100549
v 0.115975 0.688552 0.139905
v 0.126502 0.690415 -0.105757
v 0.140199 0.959333 0.009123
v 0.108944 0.650312 0.019043
v 0.136042 0.730535 0.139905
v 0.136042 0.784632 -0.122576
v 0.180294 0.866228 -0.114853
v 0.182888 0.866228 0.098771
v 0.000000 0.841893 0.175092
v 0.000000 0.841893 -0.171024
v 0.041617 0.849716 0.175092
v 0.056345 0.846981 -0.166271
v 0.182888 0.866228 -0.000839
v 0.138134 0.879973 0.134071
v 0.140628 0.872226 -0.135742
v 0.137118 0.669684 -0.035756
v 0.171092 0.921371 -0.050798
v 0.000000 0.997401 -0.061510
v 0.000000 0.595485 -0.048273
v 0.052669 0.986020 -0.061323
v 0.039090 0.611846 -0.048273
v 0.156547 0.695733 -0.027879
v 0.171490 0.782142 -0.039104
v 0.108944 0.650312 -0.038794
v 0.138429 0.959333 -0.058628
v 0.181831 0.866228 -0.025582
v 0.236968 0.718810 -0.021790
v 0.233168 0.725890 0.011354
v 0.251911 0.844509 0.009123
v 0.263309 0.889305 -0.000839
v 0.251911 0.844509 -0.039104
v 0.263309 0.889305 -0.026257
v 0.279633 0.755163 -0.021790
v 0.273813 0.760519 0.011309
v 0.285583 0.861801 0.009123
v 0.295860 0.892592 -0.000839
v 0.285583 0.861801 -0.039104
v 0.295860 0.892592 -0.026257
v 0.326526 0.820493 -0.021790
v 0.319827 0.824622 0.011267
v 0.349783 0.881677 0.009208
v 0.365720 0.904146 -0.000839
v 0.367206 0.898002 -0.039104
v 0.365720 0.904146 -0.026257
v 0.171490 0.782142 0.009123
v 0.156547 0.695733 0.011582
v 0.236968 0.718810 0.005492
v 0.279633 0.755163 0.005492
v 0.256148 0.837857 0.009342
v 0.288971 0.854714 0.009392
v 0.367206 0.898002 0.009123
v 0.326526 0.820493 0.005492
v 0.256295 0.837642 0.001440
v 0.233316 0.725675 0.003453
v 0.289118 0.854499 0.001490
v 0.273960 0.760304 0.003407
v 0.180851 0.776502 -0.001819
v 0.166568 0.706524 0.003535
v 0.349930 0.881462 0.001306
v 0.319975 0.824408 0.003365
v 0.057406 0.776189 0.167367
v 0.117538 0.775969 0.150094
v 0.117081 0.828185 0.141851
v 0.054630 0.821511 0.169490
v 0.074017 0.634105 -0.082597
v 0.096434 0.955737 0.121137
v 0.082339 0.703809 0.157499
v 0.074017 0.631079 0.021493
v 0.083229 0.753373 0.157499
v 0.095086 0.955737 -0.121713
v 0.074017 0.634105 0.151703
v 0.088714 0.683991 -0.114399
v 0.096434 0.972676 0.009123
v 0.096211 0.781457 -0.137563
v 0.098487 0.859604 -0.151007
v 0.089876 0.864844 0.154581
v 0.074017 0.631079 -0.043534
v 0.095549 0.972676 -0.059976
v 0.085871 0.763977 0.159007
v 0.081673 0.830450 0.155670
v 0.175892 0.824185 -0.111592
v 0.177189 0.824185 0.103489
v 0.000000 0.815255 0.175092
v 0.000000 0.808710 -0.165581
v 0.036016 0.809390 0.175092
v 0.056362 0.812631 -0.159411
v 0.177189 0.824185 0.009123
v 0.137088 0.801681 0.136988
v 0.138335 0.828429 -0.129159
v 0.176660 0.824185 -0.037124
v 0.257610 0.866907 0.009123
v 0.257610 0.866907 -0.037728
v 0.290721 0.877196 0.009123
v 0.290721 0.877196 -0.037728
v 0.366463 0.901074 0.009123
v 0.366463 0.901074 -0.037728
v 0.126198 0.798576 0.145972
v 0.049716 0.797917 0.168428
v 0.097349 0.820530 -0.144285
v 0.099217 0.863944 0.178043
v 0.050958 0.848816 0.188504
v 0.091015 0.829549 0.179132
v 0.063971 0.820611 0.182902
v 0.126422 0.827285 0.161438
v 0.147476 0.879072 0.153658
v 0.000000 0.665055 0.176783
v 0.042025 0.667296 0.171604
v 0.064860 0.667731 0.165110
v 0.043452 0.667364 0.171244
v 0.000000 0.676486 0.175092
v 0.044201 0.674738 0.170343
v 0.064156 0.670352 0.164546
v 0.000000 0.673436 0.175092
v 0.044026 0.673022 0.170159
v 0.061648 0.669648 0.165152
v 0.000000 0.670569 0.176783
v 0.043794 0.670738 0.171606
v 0.061648 0.668349 0.166241
v 0.128711 0.263564 0.071415
v 0.128711 0.580281 0.056075
v 0.128711 0.263564 -0.071415
v 0.128711 0.580281 -0.056075
v -0.000000 0.234386 -0.061692
v 0.000000 0.592544 -0.071415
v -0.000000 0.234386 0.057320
v 0.000000 0.582971 0.071415
v 0.128711 0.490620 -0.056075
v 0.128711 0.490620 0.056075
v 0.000000 0.478357 0.071415
v 0.000000 0.478357 -0.071415
v 0.150727 0.263564 0.000000
v 0.150727 0.598845 0.000000
v 0.000000 0.592544 0.031390
v -0.000000 0.234386 0.000000
v 0.150727 0.472056 0.000000
v 0.128711 0.535450 -0.064798
v 0.128711 0.535450 0.064798
v 0.000000 0.535450 0.081791
v 0.000000 0.535451 -0.072342
v 0.267390 0.565608 0.000000
v 0.163547 0.594720 0.000000
v 0.142964 0.577364 0.052426
v 0.142964 0.535451 -0.060581
v 0.142964 0.493537 -0.052426
v 0.142964 0.535450 0.060581
v 0.142964 0.493537 0.052426
v 0.163547 0.476182 0.000000
v 0.142964 0.577364 -0.052426
v 0.277070 0.565608 0.000000
v 0.251875 0.552525 0.039519
v 0.251875 0.520931 -0.045666
v 0.251875 0.489337 -0.039519
v 0.251875 0.520931 0.045666
v 0.251875 0.489337 0.039519
v 0.267390 0.476254 0.000000
v 0.251875 0.552525 -0.039519
v 0.354508 0.559799 0.000000
v 0.261554 0.552525 0.039519
v 0.261554 0.520931 -0.045666
v 0.261554 0.489337 -0.039519
v 0.261554 0.520931 0.045666
v 0.261554 0.489337 0.039519
v 0.277070 0.476254 0.000000
v 0.261554 0.552525 -0.039519
v 0.338993 0.548417 0.039519
v 0.338993 0.520931 -0.045666
v 0.338993 0.493444 -0.039519
v 0.338993 0.520931 0.045666
v 0.338993 0.493444 0.039519
v 0.354508 0.482062 0.000000
v 0.338993 0.548417 -0.039519
v 0.363377 0.553166 0.000000
v 0.350509 0.543727 0.032775
v 0.350509 0.520931 -0.037873
v 0.350509 0.498135 -0.032775
v 0.350509 0.520931 0.037873
v 0.350509 0.498135 0.032775
v 0.363377 0.488695 0.000000
v 0.350509 0.543727 -0.032775
v 0.404733 0.475172 0.000000
v 0.128711 0.404184 -0.061249
v 0.128711 0.404184 0.061249
v -0.000000 0.396058 0.081072
v -0.000000 0.396058 -0.071415
v 0.150727 0.408575 0.000000
v 0.437992 0.553166 0.000000
v 0.425124 0.543727 0.032775
v 0.425124 0.520931 -0.037873
v 0.425124 0.498135 -0.032775
v 0.425124 0.520931 0.037873
v 0.425124 0.498135 0.032775
v 0.437992 0.488695 0.000000
v 0.425124 0.543727 -0.032775
v 0.437992 0.520931 0.000000
v 0.386467 0.488571 -0.046525
v 0.386467 0.520931 -0.053762
v 0.386467 0.553290 -0.046525
v 0.386467 0.488571 0.046525
v 0.386467 0.520931 0.053762
v 0.386467 0.553290 0.046525
v 0.404733 0.566690 0.000000
v 0.076759 0.585231 -0.062266
v 0.076759 0.263550 0.071415
v 0.076759 0.263550 -0.071415
v 0.076759 0.580274 0.062266
v 0.076759 0.485670 0.062266
v 0.076759 0.485670 -0.062266
v 0.089889 0.596302 0.031390
v 0.062666 0.251787 0.000000
v 0.076759 0.535450 0.071656
v 0.076759 0.535450 -0.067843
v 0.076759 0.400904 -0.065352
v 0.076759 0.400904 0.069250
v 0.158358 0.189855 0.000000
v 0.134946 0.190716 -0.051992
v 0.085825 0.191921 0.051992
v 0.134946 0.190716 0.051992
v 0.085825 0.191921 -0.051992
v 0.070837 0.191061 0.000000
v 0.157724 0.182756 0.000000
v 0.134312 0.183618 -0.051992
v 0.085190 0.184822 0.051992
v 0.134312 0.183618 0.051992
v 0.085190 0.184822 -0.051992
v 0.070203 0.183963 0.000000
v 0.162085 0.054412 -0.000000
v 0.138346 0.057153 -0.051992
v 0.086948 0.055102 0.051992
v 0.138346 0.057153 0.051992
v 0.086948 0.055102 -0.051992
v 0.071752 0.056856 0.000000
v 0.079166 0.253556 0.068339
v 0.131685 0.253767 0.068339
v 0.153986 0.254067 0.000000
v 0.131685 0.253767 -0.068339
v 0.079166 0.253556 -0.068339
v 0.064890 0.241600 0.000000
v 0.158938 -0.003581 -0.000000
v 0.135200 -0.000841 -0.051992
v 0.078201 -0.002892 0.051992
v 0.135200 -0.000841 0.051992
v 0.078201 -0.002892 -0.051992
v 0.063004 -0.001137 0.000000
v 0.079698 0.031795 0.134341
v 0.136698 0.033846 0.134341
v 0.160469 0.031714 0.082350
v 0.064535 0.034158 0.082350
v 0.077817 -0.002871 0.134341
v 0.134817 -0.000820 0.134341
v 0.158555 -0.003560 0.082350
v 0.062621 -0.001117 0.082350
v -0.137118 0.669684 0.089463
v -0.174102 0.904432 0.066288
v -0.137118 0.669684 -0.058875
v -0.167326 0.904432 -0.099283
v -0.052669 0.969081 -0.128564
v -0.039090 0.617899 0.175092
v -0.039090 0.617899 -0.085548
v -0.052669 0.962062 0.141725
v -0.156547 0.695733 -0.088343
v -0.156547 0.695733 0.108206
v -0.048703 0.728547 0.180335
v -0.050925 0.677567 -0.123041
v -0.137118 0.669684 0.014966
v -0.174102 0.921371 0.009123
v -0.052669 0.986020 0.009123
v -0.039090 0.611846 0.023943
v -0.166421 0.706738 0.011437
v -0.171490 0.782142 -0.108332
v -0.171490 0.782142 0.108206
v -0.030415 0.776211 0.175092
v -0.056380 0.778281 -0.152550
v -0.180704 0.776717 0.006083
v -0.030415 0.776211 0.182129
v -0.048703 0.719054 0.194083
v -0.137503 0.942394 -0.114863
v -0.108944 0.650312 0.128315
v -0.108944 0.650312 -0.079647
v -0.140199 0.942394 0.100549
v -0.115975 0.688552 0.139905
v -0.126502 0.690415 -0.105757
v -0.140199 0.959333 0.009123
v -0.108944 0.650312 0.019043
v -0.136042 0.730535 0.139905
v -0.136042 0.784632 -0.122576
v -0.180294 0.866228 -0.114853
v -0.182888 0.866228 0.098771
v -0.041617 0.849716 0.175092
v -0.056345 0.846981 -0.166271
v -0.182888 0.866228 -0.000839
v -0.138134 0.879973 0.134071
v -0.140628 0.872226 -0.135742
v -0.137118 0.669684 -0.035756
v -0.171092 0.921371 -0.050798
v -0.052669 0.986020 -0.061323
v -0.039090 0.611846 -0.048273
v -0.156547 0.695733 -0.027879
v -0.171490 0.782142 -0.039104
v -0.108944 0.650312 -0.038794
v -0.138429 0.959333 -0.058628
v -0.181831 0.866228 -0.025582
v -0.236968 0.718810 -0.021790
v -0.233168 0.725890 0.011354
v -0.251911 0.844509 0.009123
v -0.263309 0.889305 -0.000839
v -0.251911 0.844509 -0.039104
v -0.263309 0.889305 -0.026257
v -0.279633 0.755163 -0.021790
v -0.273813 0.760519 0.011309
v -0.285583 0.861801 0.009123
v -0.295860 0.892592 -0.000839
v -0.285583 0.861801 -0.039104
v -0.295860 0.892592 -0.026257
v -0.326526 0.820493 -0.021790
v -0.319827 0.824622 0.011267
v -0.349783 0.881677 0.009208
v -0.365720 0.904146 -0.000839
v -0.367206 0.898002 -0.039104
v -0.365720 0.904146 -0.026257
v -0.171490 0.782142 0.009123
v -0.156547 0.695733 0.011582
v -0.236968 0.718810 0.005492
v -0.279633 0.755163 0.005492
v -0.256148 0.837857 0.009342
v -0.288971 0.854714 0.009392
v -0.367206 0.898002 0.009123
v -0.326526 0.820493 0.005492
v -0.256295 0.837642 0.001440
v -0.233316 0.725675 0.003453
v -0.289118 0.854499 0.001490
v -0.273960 0.760304 0.003407
v -0.180851 0.776502 -0.001819
v -0.166568 0.706524 0.003535
v -0.349930 0.881462 0.001306
v -0.319975 0.824408 0.003365
v -0.057406 0.776189 0.167367
v -0.117538 0.775969 0.150094
v -0.117081 0.828185 0.141851
v -0.054630 0.821511 0.169490
v -0.074017 0.634105 -0.082597
v -0.096434 0.955737 0.121137
v -0.082339 0.703809 0.157499
v -0.074017 0.631079 0.021493
v -0.083229 0.753373 0.157499
v -0.095086 0.955737 -0.121713
v -0.074017 0.634105 0.151703
v -0.088714 0.683991 -0.114399
v -0.096434 0.972676 0.009123
v -0.096211 0.781457 -0.137563
v -0.098487 0.859604 -0.151007
v -0.089876 0.864844 0.154581
v -0.074017 0.631079 -0.043534
v -0.095549 0.972676 -0.059976
v -0.085871 0.763977 0.159007
v -0.081673 0.830450 0.155670
v -0.175892 0.824185 -0.111592
v -0.177189 0.824185 0.103489
v -0.036016 0.809390 0.175092
v -0.056362 0.812631 -0.159411
v -0.177189 0.824185 0.009123
v -0.137088 0.801681 0.136988
v -0.138335 0.828429 -0.129159
v -0.176660 0.824185 -0.037124
v -0.257610 0.866907 0.009123
v -0.257610 0.866907 -0.037728
v -0.290721 0.877196 0.009123
v -0.290721 0.877196 -0.037728
v -0.366463 0.901074 0.009123
v -0.366463 0.901074 -0.037728
v -0.126198 0.798576 0.145972
v -0.049716 0.797917 0.168428
v -0.097349 0.820530 -0.144285
v -0.099217 0.863944 0.178043
v -0.050958 0.848816 0.188504
v -0.091015 0.829549 0.179132
v -0.063971 0.820611 0.182902
v -0.126422 0.827285 0.161438
v -0.147476 0.879072 0.153658
v -0.042025 0.667296 0.171604
v -0.064860 0.667731 0.165110
v -0.043452 0.667364 0.171244
v -0.044201 0.674738 0.170343
v -0.064156 0.670352 0.164546
v -0.044026 0.673022 0.170159
v -0.061648 0.669648 0.165152
v -0.043794 0.670738 0.171606
v -0.061648 0.668349 0.166241
v -0.128711 0.263564 0.071415
v -0.128711 0.580281 0.056075
v -0.128711 0.263564 -0.071415
v -0.128711 0.580281 -0.056075
v -0.128711 0.490620 -0.056075
v -0.128711 0.490620 0.056075
v -0.150727 0.263564 0.000000
v -0.150727 0.598845 0.000000
v -0.150727 0.472056 0.000000
v -0.128711 0.535450 -0.064798
v -0.128711 0.535450 0.064798
v -0.267390 0.565608 0.000000
v -0.163547 0.594720 0.000000
v -0.142964 0.577364 0.052426
v -0.142964 0.535451 -0.060581
v -0.142964 0.493537 -0.052426
v -0.142964 0.535450 0.060581
v -0.142964 0.493537 0.052426
v -0.163547 0.476182 0.000000
v -0.142964 0.577364 -0.052426
v -0.277070 0.565608 0.000000
v -0.251875 0.552525 0.039519
v -0.251875 0.520931 -0.045666
v -0.251875 0.489337 -0.039519
v -0.251875 0.520931 0.045666
v -0.251875 0.489337 0.039519
v -0.267390 0.476254 0.000000
v -0.251875 0.552525 -0.039519
v -0.354508 0.559799 0.000000
v -0.261554 0.552525 0.039519
v -0.261554 0.520931 -0.045666
v -0.261554 0.489337 -0.039519
v -0.261554 0.520931 0.045666
v -0.261554 0.489337 0.039519
v -0.277070 0.476254 0.000000
v -0.261554 0.552525 -0.039519
v -0.338993 0.548417 0.039519
v -0.338993 0.520931 -0.045666
v -0.338993 0.493444 -0.039519
v -0.338993 0.520931 0.045666
v -0.338993 0.493444 0.039519
v -0.354508 0.482062 0.000000
v -0.338993 0.548417 -0.039519
v -0.363377 0.553166 0.000000
v -0.350509 0.543727 0.032775
v -0.350509 0.520931 -0.037873
v -0.350509 0.498135 -0.032775
v -0.350509 0.520931 0.037873
v -0.350509 0.498135 0.032775
v -0.363377 0.488695 0.000000
v -0.350509 0.543727 -0.032775
v -0.404733 0.475172 0.000000
v -0.128711 0.404184 -0.061249
v -0.128711 0.404184 0.061249
v -0.150727 0.408575 0.000000
v -0.437992 0.553166 0.000000
v -0.425124 0.543727 0.032775
v -0.425124 0.520931 -0.037873
v -0.425124 0.498135 -0.032775
v -0.425124 0.520931 0.037873
v -0.425124 0.498135 0.032775
v -0.437992 0.488695 0.000000
v -0.425124 0.543727 -0.032775
v -0.437992 0.520931 0.000000
v -0.386467 0.488571 -0.046525
v -0.386467 0.520931 -0.053762
v -0.386467 0.553290 -0.046525
v -0.386467 0.488571 0.046525
v -0.386467 0.520931 0.053762
v -0.386467 0.553290 0.046525
v -0.404733 0.566690 0.000000
v -0.076759 0.585231 -0.062266
v -0.076759 0.263550 0.071415
v -0.076759 0.263550 -0.071415
v -0.076759 0.580274 0.062266
v -0.076759 0.485670 0.062266
v -0.076759 0.485670 -0.062266
v -0.089889 0.596302 0.031390
v -0.062666 0.251787 0.000000
v -0.076759 0.535450 0.071656
v -0.076759 0.535450 -0.067843
v -0.076759 0.400904 -0.065352
v -0.076759 0.400904 0.069250
v -0.158358 0.189855 0.000000
v -0.134946 0.190716 -0.051992
v -0.085825 0.191921 0.051992
v -0.134946 0.190716 0.051992
v -0.085825 0.191921 -0.051992
v -0.070837 0.191061 0.000000
v -0.157724 0.182756 0.000000
v -0.134312 0.183618 -0.051992
v -0.085190 0.184822 0.051992
v -0.134312 0.183618 0.051992
v -0.085190 0.184822 -0.051992
v -0.070203 0.183963 0.000000
v -0.162085 0.054412 0.000000
v -0.138346 0.057153 -0.051992
v -0.086948 0.055102 0.051992
v -0.138346 0.057153 0.051992
v -0.086948 0.055102 -0.051992
v -0.071752 0.056856 0.000000
v -0.079166 0.253556 0.068339
v -0.131685 0.253767 0.068339
v -0.153986 0.254067 0.000000
v -0.131685 0.253767 -0.068339
v -0.079166 0.253556 -0.068339
v -0.064890 0.241600 0.000000
v -0.158938 -0.003581 -0.000000
v -0.135200 -0.000841 -0.051992
v -0.078201 -0.002892 0.051992
v -0.135200 -0.000841 0.051992
v -0.078201 -0.002892 -0.051992
v -0.063004 -0.001137 0.000000
v -0.079698 0.031795 0.134341
v -0.136698 0.033846 0.134341
v -0.160469 0.031714 0.082350
v -0.064535 0.034158 0.082350
v -0.077817 -0.002871 0.134341
v -0.134817 -0.000820 0.134341
v -0.158555 -0.003560 0.082350
v -0.062621 -0.001117 0.082350
vn 0.4666 0.4650 -0.7524
vn 0.9746 0.2241 -0.0000
vn 0.5666 -0.8240 -0.0000
vn 0.0675 0.9818 0.1774
vn -0.0489 0.2599 0.9644
vn 0.3144 0.2417 0.9180
vn 0.2886 0.9467 0.1432
vn 0.3858 -0.9218 0.0369
vn 0.0537 0.2961 -0.9536
vn 0.2464 -0.4551 -0.8557
vn 0.1188 0.0629 0.9909
vn 0.8016 -0.5979 -0.0000
vn 0.7030 -0.5778 -0.4147
vn 0.2916 0.9565 -0.0037
vn 0.2112 0.9774 -0.0000
vn 0.9855 0.1646 -0.0421
vn 0.4052 -0.9137 0.0323
vn 0.0937 -0.3096 -0.9462
vn 0.5566 -0.0100 0.8307
vn 0.9104 0.3405 0.2351
vn 0.9854 -0.1704 -0.0000
vn 0.5176 -0.2009 -0.8317
vn 0.4844 0.3249 0.8123
vn 0.3777 0.9259 -0.0000
vn 0.0707 -0.8459 -0.5287
vn 0.2552 -0.2421 -0.9361
vn 0.6200 -0.2964 0.7264
vn 0.4824 -0.8760 -0.0000
vn 0.7453 0.6656 -0.0374
vn 0.3299 -0.5746 -0.7490
vn 0.8375 -0.2937 0.4609
vn 0.7317 0.6535 0.1936
vn 0.6031 0.5926 0.5339
vn 0.4323 -0.9015 0.0210
vn 0.2478 0.2904 -0.9243
vn 0.3696 -0.1680 -0.9139
vn 0.6342 0.0203 0.7729
vn 0.1168 -0.1478 -0.9821
vn 0.1185 -0.1607 -0.9799
vn 0.5617 0.2813 0.7781
vn -0.0000 -0.0000 1.0000
vn 0.9909 -0.1343 -0.0000
vn 0.4104 -0.1131 -0.9048
vn 0.9944 -0.1049 -0.0103
vn 0.7570 0.5963 -0.2671
vn 0.4247 -0.9026 -0.0699
vn 0.9448 0.3273 -0.0163
vn 0.2257 0.9447 -0.2380
vn 0.2946 0.9210 -0.2549
vn 0.3824 -0.9135 -0.1388
vn 0.1280 -0.1503 -0.9803
vn 0.9799 -0.1982 0.0236
vn 0.2758 -0.9612 -0.0000
vn -0.1544 0.2792 -0.9477
vn -0.2724 0.9621 0.0116
vn -0.1977 0.6272 -0.7533
vn 0.8124 -0.5831 -0.0000
vn -0.1005 0.9949 -0.0000
vn 0.6486 -0.7612 -0.0000
vn -0.1493 0.4806 -0.8642
vn 0.8855 -0.4647 -0.0000
vn 0.9720 0.2351 -0.0000
vn -0.2757 0.9607 -0.0312
vn 0.2348 -0.1685 -0.9573
vn -0.1632 0.9866 -0.0000
vn -0.0212 0.0321 0.9993
vn 0.3866 -0.4527 0.8035
vn 0.1659 -0.5746 0.8014
vn 0.1793 -0.2312 0.9562
vn -0.0127 0.0248 0.9996
vn 0.0951 -0.0963 0.9908
vn 0.4817 -0.3452 0.8055
vn -0.0114 0.0325 0.9994
vn -0.0691 0.0321 0.9971
vn -0.0131 0.0224 0.9997
vn -0.0169 0.0449 0.9988
vn -0.8854 0.4638 -0.0291
vn 0.6284 -0.7772 0.0328
vn -0.6482 0.7608 -0.0327
vn -0.8120 0.5828 -0.0310
vn 0.4566 -0.8891 0.0326
vn 0.3138 -0.0436 0.9485
vn -0.7492 -0.4434 0.4920
vn 0.2020 -0.1871 0.9613
vn 0.2741 -0.1028 0.9562
vn -0.2677 0.9528 0.1431
vn 0.2932 0.9141 -0.2802
vn 0.4265 -0.8928 -0.1450
vn 0.3711 -0.1817 -0.9106
vn 0.2469 0.2927 -0.9238
vn 0.4403 -0.8971 0.0359
vn 0.3199 -0.5488 -0.7724
vn 0.2594 -0.2845 -0.9229
vn 0.3881 -0.1855 0.9028
vn 0.2916 0.9565 -0.0076
vn 0.5942 -0.1368 0.7926
vn 0.2872 0.9419 0.1745
vn 0.2869 0.3125 0.9056
vn 0.3590 -0.1826 -0.9153
vn 0.3912 -0.0660 0.9179
vn -0.1556 0.9406 0.3017
vn -0.0362 0.0704 -0.9969
vn -0.0561 0.5555 0.8296
vn -0.0462 0.1042 -0.9935
vn -0.0403 0.0519 -0.9978
vn -0.1232 0.4293 0.8947
vn 0.9925 -0.1221 -0.0000
vn 0.3639 -0.1098 -0.9249
vn 0.5320 0.0269 0.8463
vn 0.1394 -0.1603 -0.9772
vn 0.6487 0.0216 0.7607
vn 0.3589 -0.1684 -0.9181
vn 0.4642 -0.0559 0.8840
vn 0.2181 -0.0211 0.9757
vn 0.2087 -0.9553 -0.2095
vn 0.8217 -0.3957 -0.4101
vn -0.0692 -0.9975 -0.0107
vn -0.2345 0.9595 0.1560
vn 0.1174 -0.0607 0.9912
vn 0.2680 -0.2929 0.9178
vn 0.4458 -0.1994 0.8726
vn 0.3660 0.5979 0.7131
vn 0.1019 -0.1101 0.9887
vn 0.6213 -0.1383 0.7713
vn 0.1113 -0.0000 0.9938
vn 0.2483 -0.1281 0.9602
vn 0.0994 0.5057 0.8569
vn 0.2684 -0.2882 0.9192
vn 0.3105 0.4860 0.8169
vn 0.0574 0.1907 -0.9800
vn 0.2808 0.8728 -0.3992
vn 0.9104 0.0620 0.4090
vn -0.0373 0.8933 0.4478
vn 0.1279 0.2116 0.9690
vn 0.1441 0.1153 0.9828
vn 0.9411 -0.0000 0.3383
vn 0.0764 0.0363 -0.9964
vn 0.9411 -0.0000 -0.3383
vn -0.0062 -0.2513 0.9679
vn 0.2789 -0.1834 0.9427
vn 0.2808 -0.8728 0.3992
vn 0.1331 -0.1772 0.9751
vn 0.2789 0.1834 -0.9427
vn 0.1280 -0.1104 -0.9856
vn 0.0007 -0.9493 -0.3145
vn 0.1579 0.1886 -0.9693
vn 0.2485 0.8862 0.3909
vn 0.1083 -0.1899 0.9758
vn 0.2789 0.1834 0.9427
vn 0.2808 0.8728 0.3992
vn 0.2808 -0.8728 -0.3992
vn 0.2789 -0.1834 -0.9427
vn -0.0000 0.9493 0.3143
vn -0.0000 -0.1910 0.9816
vn -0.0000 0.9493 -0.3143
vn -0.0000 0.1910 0.9816
vn 0.0007 -0.9493 0.3145
vn 0.1083 -0.1899 -0.9758
vn 0.1579 0.1886 0.9693
vn 0.2485 0.8862 -0.3909
vn 0.0500 0.9421 -0.3315
vn 0.0101 0.1910 0.9815
vn 0.0101 -0.1910 -0.9815
vn 0.0500 -0.9421 0.3315
vn -0.0000 0.1910 -0.9816
vn -0.0000 -0.9493 -0.3143
vn -0.0000 -0.9493 0.3143
vn -0.0000 -0.1910 -0.9816
vn 0.5511 0.1821 0.8143
vn 0.5511 -0.1821 -0.8143
vn 0.5429 -0.7259 0.4222
vn 0.5429 -0.7259 -0.4222
vn -0.0000 -0.2183 0.9759
vn 0.0713 0.9507 0.3018
vn -0.0000 0.2183 -0.9759
vn 0.0713 -0.9507 -0.3018
vn 0.3723 -0.2026 -0.9057
vn 0.5429 0.7259 -0.4222
vn 0.5511 -0.1821 0.8143
vn 0.5429 0.7259 0.4222
vn 0.5511 0.1821 -0.8144
vn 0.3479 -0.8557 0.3831
vn 0.3479 -0.8557 -0.3831
vn 0.9554 0.0213 -0.2945
vn -0.0000 0.0441 -0.9990
vn 0.9554 0.0213 0.2945
vn -0.1254 -0.1442 0.9816
vn 0.3723 0.2026 -0.9057
vn 0.9308 -0.0000 -0.3655
vn 0.9308 -0.0000 0.3655
vn 0.9444 -0.0718 0.3209
vn 0.3723 0.2026 0.9057
vn 0.3479 0.8557 -0.3831
vn 0.3723 -0.2026 0.9057
vn 0.3479 0.8557 0.3831
vn -0.3073 0.9397 0.1500
vn -0.3960 -0.2004 0.8961
vn -0.3073 0.9397 -0.1500
vn -0.3960 0.2004 0.8961
vn -0.3960 0.2004 -0.8961
vn -0.3073 -0.9397 -0.1500
vn -0.3073 -0.9397 0.1500
vn -0.3960 -0.2004 -0.8961
vn -0.0000 0.0158 0.9999
vn -0.1031 -0.0597 -0.9929
vn 0.1198 -0.0161 -0.9927
vn 0.1336 -0.1837 0.9739
vn 0.2676 -0.9635 -0.0000
vn -0.1686 0.9536 -0.2495
vn 0.0787 -0.0000 -0.9969
vn 0.1467 0.0812 0.9858
vn 0.1282 0.2033 0.9707
vn 0.1488 0.9198 0.3629
vn 0.0581 0.1111 -0.9921
vn -0.9577 0.0856 0.2747
vn 0.0010 -0.2563 -0.9666
vn -0.9594 -0.1644 0.2292
vn 0.9502 -0.0312 -0.3100
vn -0.9543 -0.1123 -0.2770
vn -0.9608 -0.0117 -0.2771
vn 0.9116 0.0291 -0.4100
vn 0.9083 -0.0812 0.4104
vn 0.9083 -0.0812 -0.4104
vn -0.9577 0.0856 -0.2747
vn -0.0000 -0.0000 -1.0000
vn -0.0384 0.9617 0.2714
vn -0.9599 -0.0130 0.2801
vn 0.9098 0.0309 0.4138
vn -0.9497 -0.2074 -0.2347
vn 0.9375 0.1938 -0.2890
vn -0.9272 -0.2945 0.2315
vn 0.0001 -0.2941 -0.9558
vn 0.0012 -0.2992 0.9542
vn 0.9034 0.3101 0.2962
vn 0.0359 -0.9984 -0.0442
vn 0.0359 -0.9984 0.0442
vn -0.9878 0.1490 -0.0455
vn 0.0360 -0.9994 0.0004
vn 0.9076 -0.0492 -0.4170
vn -0.9487 0.1431 -0.2821
vn -0.9581 0.0520 0.2818
vn 0.9076 -0.0492 0.4170
vn -0.1137 -0.9935 -0.0003
vn -0.5208 0.8323 0.1897
vn -0.1153 -0.9933 -0.0003
vn 0.9985 -0.0542 0.0047
vn 0.5852 0.7787 0.2261
vn -0.3628 0.8667 0.3422
vn 0.2926 0.9562 -0.0000
vn 0.1508 0.6188 -0.7709
vn -0.6708 0.2388 -0.7022
vn -0.9878 0.1494 0.0443
vn -0.5666 -0.8240 -0.0000
vn -0.2057 0.9518 0.2277
vn -0.0195 0.2829 0.9590
vn -0.4415 0.2816 0.8519
vn -0.2886 0.9467 0.1432
vn -0.3858 -0.9218 0.0369
vn -0.1425 0.2598 -0.9551
vn -0.2464 -0.4551 -0.8557
vn -0.1227 0.0662 0.9902
vn -0.8016 -0.5979 -0.0000
vn -0.7030 -0.5778 -0.4147
vn -0.2971 0.9548 -0.0000
vn -0.2112 0.9774 -0.0000
vn -0.9844 0.1691 -0.0495
vn -0.4052 -0.9137 0.0323
vn -0.0937 -0.3096 -0.9462
vn -0.5566 -0.0100 0.8307
vn -0.9336 0.3582 -0.0000
vn -0.9854 -0.1704 -0.0000
vn -0.5176 -0.2009 -0.8317
vn -0.4844 0.3249 0.8123
vn -0.3777 0.9259 -0.0000
vn -0.0837 -0.8200 -0.5662
vn -0.2552 -0.2421 -0.9361
vn -0.7603 -0.1315 0.6361
vn -0.4824 -0.8760 -0.0000
vn -0.7599 0.6497 -0.0199
vn -0.3299 -0.5746 -0.7490
vn -0.5021 -0.7196 0.4796
vn -0.7317 0.6535 0.1936
vn -0.6031 0.5926 0.5339
vn -0.2478 0.2904 -0.9243
vn -0.3696 -0.1680 -0.9139
vn -0.6200 0.0040 0.7846
vn -0.1168 -0.1478 -0.9821
vn -0.1185 -0.1607 -0.9799
vn -0.2760 0.0321 0.9606
vn -0.9909 -0.1343 -0.0000
vn -0.4417 -0.1559 -0.8835
vn -0.9944 -0.1049 -0.0103
vn -0.8081 0.5602 -0.1820
vn -0.4247 -0.9026 -0.0699
vn -0.9448 0.3273 -0.0163
vn -0.2257 0.9447 -0.2380
vn -0.3257 0.9168 -0.2310
vn -0.3901 -0.9089 -0.1476
vn -0.1280 -0.1503 -0.9803
vn -0.9799 -0.1982 0.0236
vn -0.2758 -0.9612 -0.0000
vn 0.1544 0.2792 -0.9477
vn 0.2724 0.9621 0.0116
vn 0.1977 0.6272 -0.7533
vn -0.8124 -0.5831 -0.0000
vn 0.1005 0.9949 -0.0000
vn -0.6486 -0.7612 -0.0000
vn 0.1493 0.4806 -0.8642
vn -0.8855 -0.4647 -0.0000
vn -0.9720 0.2351 -0.0000
vn 0.2757 0.9607 -0.0312
vn -0.2348 -0.1685 -0.9573
vn 0.1632 0.9866 -0.0000
vn -0.3174 0.0078 0.9483
vn -0.3866 -0.4527 0.8035
vn -0.1659 -0.5746 0.8014
vn 0.0460 0.0036 0.9989
vn 0.0169 0.0299 0.9994
vn -0.5374 -0.2531 0.8044
vn -0.4817 -0.3452 0.8055
vn 0.0114 0.0325 0.9994
vn 0.0219 0.0807 0.9965
vn 0.0172 0.0215 0.9996
vn 0.0353 0.0260 0.9990
vn 0.8854 0.4638 -0.0291
vn -0.6284 -0.7772 0.0328
vn 0.6482 0.7608 -0.0327
vn 0.8120 0.5828 -0.0310
vn -0.4566 -0.8891 0.0326
vn -0.3545 -0.1156 0.9279
vn 0.7492 -0.4434 0.4920
vn -0.2020 -0.1871 0.9613
vn -0.3392 -0.2148 0.9159
vn 0.2099 0.9548 0.2103
vn -0.3272 0.9106 -0.2523
vn -0.4265 -0.8928 -0.1450
vn -0.3711 -0.1817 -0.9106
vn -0.2469 0.2927 -0.9238
vn -0.4834 -0.8752 0.0203
vn -0.3199 -0.5488 -0.7724
vn -0.2594 -0.2845 -0.9229
vn -0.3881 -0.1855 0.9028
vn -0.2972 0.9548 -0.0038
vn -0.3167 -0.3280 0.8900
vn -0.2872 0.9419 0.1745
vn -0.4872 0.4006 0.7760
vn -0.3590 -0.1826 -0.9153
vn -0.2749 0.0504 0.9602
vn 0.1817 0.5762 0.7969
vn 0.0362 0.0704 -0.9969
vn 0.1339 0.4310 0.8924
vn 0.0462 0.1042 -0.9935
vn 0.0403 0.0519 -0.9978
vn 0.1303 0.2453 0.9607
vn -0.4039 -0.1566 -0.9013
vn -0.5320 0.0269 0.8463
vn -0.1394 -0.1603 -0.9772
vn -0.6414 -0.0009 0.7672
vn -0.3589 -0.1684 -0.9181
vn -0.4417 -0.0770 0.8938
vn -0.1740 -0.1140 0.9781
vn -0.2087 -0.9553 -0.2095
vn -0.8217 -0.3957 -0.4101
vn 0.0689 -0.9975 -0.0130
vn 0.2345 0.9595 0.1560
vn -0.1404 0.7100 0.6901
vn -0.5511 0.0163 0.8343
vn -0.4458 -0.1994 0.8726
vn -0.1608 0.2487 0.9551
vn -0.1019 -0.1101 0.9887
vn 0.0054 0.2089 0.9779
vn -0.1113 -0.0000 0.9938
vn -0.2483 -0.1281 0.9602
vn -0.0994 0.5057 0.8569
vn -0.2694 -0.1296 0.9543
vn -0.3225 0.6081 0.7254
vn -0.1280 0.1104 -0.9856
vn -0.2808 0.8728 -0.3992
vn -0.9502 -0.0312 0.3100
vn 0.0373 0.8933 0.4478
vn -0.1229 0.2035 0.9713
vn -0.1103 0.0816 0.9905
vn -0.9411 -0.0000 0.3383
vn -0.0764 0.0363 -0.9964
vn -0.9330 0.0215 -0.3592
vn -0.0010 -0.2563 0.9666
vn -0.2789 -0.1834 0.9427
vn -0.2808 -0.8728 0.3992
vn -0.1287 -0.1838 0.9745
vn -0.2789 0.1834 -0.9427
vn -0.1280 -0.1104 -0.9856
vn -0.0007 -0.9493 -0.3145
vn -0.1579 0.1886 -0.9693
vn -0.2485 0.8862 0.3909
vn -0.1083 -0.1899 0.9758
vn -0.2789 0.1834 0.9427
vn -0.2808 0.8728 0.3992
vn -0.2808 -0.8728 -0.3992
vn -0.2789 -0.1834 -0.9427
vn -0.0007 -0.9493 0.3145
vn -0.1083 -0.1899 -0.9758
vn -0.1579 0.1886 0.9693
vn -0.2485 0.8862 -0.3909
vn -0.0500 0.9421 -0.3315
vn -0.0101 0.1910 0.9815
vn -0.0101 -0.1910 -0.9815
vn -0.0500 -0.9421 0.3315
vn -0.5511 0.1821 0.8143
vn -0.5511 -0.1821 -0.8143
vn -0.5429 -0.7259 0.4222
vn -0.5429 -0.7259 -0.4222
vn -0.0101 -0.1910 0.9815
vn -0.0500 0.9421 0.3315
vn -0.0101 0.1910 -0.9815
vn -0.0500 -0.9421 -0.3315
vn -0.3723 -0.2026 -0.9057
vn -0.5429 0.7259 -0.4222
vn -0.5511 -0.1821 0.8143
vn -0.5429 0.7259 0.4222
vn -0.5511 0.1821 -0.8143
vn -0.3479 -0.8557 0.3831
vn -0.3479 -0.8557 -0.3831
vn -0.9554 0.0213 -0.2945
vn -0.1512 0.0156 0.9884
vn -0.3723 0.2026 -0.9057
vn -0.9444 -0.0718 -0.3209
vn -0.9308 -0.0000 -0.3655
vn -0.9444 0.0718 0.3209
vn -0.9308 -0.0000 0.3655
vn -0.3723 0.2026 0.9057
vn -0.3479 0.8557 -0.3831
vn -0.3723 -0.2026 0.9057
vn -0.3479 0.8557 0.3831
vn 0.3073 0.9397 0.1500
vn 0.3960 -0.2004 0.8961
vn 0.3073 0.9397 -0.1500
vn 0.3960 0.2004 0.8961
vn 0.3960 0.2004 -0.8961
vn 0.3073 -0.9397 -0.1500
vn 0.3073 -0.9397 0.1500
vn 0.3960 -0.2004 -0.8961
vn -0.1474 0.0713 0.9865
vn 0.1031 -0.0597 -0.9929
vn -0.1198 -0.0161 -0.9927
vn -0.1285 -0.1894 0.9735
vn -0.3443 -0.9349 -0.0861
vn -0.1096 0.9852 -0.1318
vn -0.0787 -0.0000 -0.9969
vn -0.1126 0.0594 0.9919
vn -0.1162 0.1897 0.9749
vn -0.1488 0.9198 0.3629
vn -0.2676 -0.9635 -0.0000
vn -0.1198 0.0161 -0.9927
vn 0.9577 0.0856 0.2747
vn -0.0010 -0.2563 -0.9666
vn 0.9594 -0.1644 0.2292
vn -0.9502 -0.0312 -0.3100
vn 0.9594 -0.1644 -0.2292
vn 0.9608 -0.0117 -0.2772
vn -0.9116 0.0291 -0.4100
vn -0.9083 -0.0812 0.4104
vn -0.9083 -0.0812 -0.4104
vn 0.9577 0.0856 -0.2747
vn 0.0384 0.9617 0.2714
vn 0.9608 -0.0117 0.2772
vn -0.9116 0.0291 0.4100
vn 0.9272 -0.2946 -0.2315
vn -0.9375 0.1938 -0.2890
vn 0.9272 -0.2946 0.2315
vn -0.0001 -0.2941 -0.9558
vn -0.0001 -0.2941 0.9558
vn -0.9375 0.1938 0.2890
vn 0.0254 -0.9988 0.0410
vn -0.0359 -0.9984 0.0442
vn 0.9878 0.1490 -0.0455
vn -0.0360 -0.9994 0.0004
vn -0.9076 -0.0492 -0.4170
vn 0.9487 0.1431 -0.2821
vn 0.9581 0.0520 0.2818
vn -0.9076 -0.0492 0.4170
vn 0.1137 -0.9935 -0.0003
vn 0.5281 0.8294 0.1823
vn 0.1153 -0.9933 -0.0003
vn -0.9985 -0.0542 0.0047
vn -0.5852 0.7787 0.2261
vn 0.0162 0.3884 0.9214
vn -0.5250 0.8335 -0.1721
vn -0.1508 0.6188 -0.7709
vn 0.6708 0.2388 -0.7022
vn 0.9878 0.1494 0.0443
vn 0.2057 0.9518 0.2277
vn 0.0195 0.2829 0.9590
vn 0.4415 0.2816 0.8519
vn 0.2203 0.9599 0.1734
vn 0.1425 0.2598 -0.9551
vn 0.0945 -0.5430 -0.8344
vn 0.0111 -0.0266 0.9996
vn 0.2420 0.0540 0.9688
vn 0.3997 -0.8014 -0.4449
vn 0.2971 0.9548 -0.0000
vn 0.9844 0.1691 -0.0495
vn 0.1415 -0.2854 -0.9479
vn 0.4019 0.2511 0.8806
vn 0.9336 0.3582 -0.0000
vn 0.3430 -0.2676 -0.9004
vn 0.1884 0.4618 0.8668
vn 0.0837 -0.8200 -0.5662
vn 0.3590 -0.1991 -0.9119
vn 0.7603 -0.1315 0.6361
vn 0.7599 0.6497 -0.0199
vn 0.2738 -0.6061 -0.7468
vn 0.5021 -0.7196 0.4796
vn 0.7892 0.6039 0.1119
vn 0.8134 0.2541 0.5233
vn 0.2400 0.2867 -0.9275
vn 0.3776 -0.1569 -0.9126
vn 0.6200 0.0040 0.7846
vn 0.1156 -0.1490 -0.9821
vn 0.0999 -0.1948 -0.9757
vn 0.2760 0.0321 0.9606
vn 0.4417 -0.1559 -0.8835
vn 0.9929 -0.1174 -0.0171
vn 0.8081 0.5602 -0.1820
vn 0.9831 0.1350 -0.1235
vn 0.2066 0.9523 -0.2246
vn 0.3257 0.9168 -0.2310
vn 0.3901 -0.9089 -0.1476
vn 0.0844 -0.1643 -0.9828
vn -0.1431 0.4797 -0.8657
vn -0.2758 0.9612 -0.0000
vn -0.1573 0.9513 -0.2650
vn -0.0615 0.6095 -0.7904
vn 0.1230 -0.2774 -0.9528
vn 0.3174 0.0078 0.9483
vn 0.3880 -0.4554 0.8013
vn 0.0962 -0.0733 0.9927
vn -0.0460 0.0036 0.9989
vn -0.0169 0.0299 0.9994
vn 0.5374 -0.2531 0.8044
vn 0.4836 -0.3471 0.8035
vn -0.0044 0.0099 0.9999
vn -0.0219 0.0807 0.9965
vn -0.0172 0.0215 0.9996
vn -0.0353 0.0260 0.9990
vn 0.3545 -0.1156 0.9279
vn 0.2736 -0.1039 0.9562
vn 0.3392 -0.2148 0.9159
vn -0.2099 0.9548 0.2103
vn 0.3272 0.9106 -0.2523
vn 0.4883 -0.8701 -0.0674
vn 0.3797 -0.1676 -0.9098
vn 0.2410 0.2907 -0.9260
vn 0.4834 -0.8752 0.0203
vn 0.2741 -0.5731 -0.7723
vn 0.3585 -0.2419 -0.9016
vn 0.3138 -0.0056 0.9495
vn 0.2972 0.9548 -0.0038
vn 0.3167 -0.3280 0.8900
vn 0.3485 0.9268 0.1401
vn 0.4872 0.4006 0.7760
vn 0.2749 0.0504 0.9602
vn -0.1817 0.5762 0.7969
vn -0.0308 0.0992 -0.9946
vn -0.1339 0.4310 0.8924
vn -0.1202 0.3814 -0.9166
vn -0.0459 0.0729 -0.9963
vn -0.1303 0.2453 0.9607
vn 0.4039 -0.1566 -0.9013
vn 0.6512 -0.1127 0.7505
vn 0.1201 -0.1944 -0.9735
vn 0.6414 -0.0009 0.7672
vn 0.3684 -0.1570 -0.9163
vn 0.4417 -0.0770 0.8938
vn 0.1740 -0.1140 0.9781
vn 0.2910 -0.9446 -0.1521
vn -0.0689 -0.9975 -0.0130
vn -0.2358 0.9630 0.1308
vn 0.1223 -0.0000 0.9925
vn 0.2485 -0.1281 0.9601
vn 0.5511 0.0163 0.8343
vn 0.2878 0.0451 0.9566
vn 0.1608 0.2487 0.9551
vn 0.0188 -0.1841 0.9827
vn -0.0054 0.2089 0.9779
vn 0.1016 -0.1162 0.9880
vn 0.2585 -0.0942 0.9614
vn 0.0996 0.5253 0.8451
vn 0.2694 -0.1296 0.9543
vn 0.3225 0.6081 0.7254
vn 0.1280 0.1104 -0.9856
vn 0.9502 -0.0312 0.3100
vn 0.0618 0.9707 0.2322
vn 0.1229 0.2035 0.9713
vn 0.1103 0.0816 0.9905
vn 0.9330 0.0215 0.3592
vn 0.1126 0.0594 -0.9919
vn 0.9330 0.0215 -0.3592
vn 0.0010 -0.2563 0.9666
vn 0.1287 -0.1838 0.9745
vn 0.0574 -0.1907 -0.9800
vn 0.0713 0.9507 -0.3018
vn -0.0000 0.2183 0.9759
vn -0.0000 -0.2183 -0.9759
vn 0.0713 -0.9507 0.3018
vn 0.5511 0.1821 0.8144
vn 0.0101 -0.1910 0.9815
vn 0.0500 0.9421 0.3315
vn 0.0101 0.1910 -0.9815
vn 0.0500 -0.9421 -0.3315
vn 0.5511 0.1821 -0.8143
vn 0.0740 0.0719 -0.9947
vn 0.1512 0.0156 0.9884
vn 0.9444 -0.0718 -0.3209
vn 0.9444 0.0718 -0.3209
vn 0.9444 0.0718 0.3209
vn 0.1474 0.0713 0.9865
vn 0.0759 0.0440 -0.9961
vn 0.0581 -0.1111 -0.9921
vn 0.1285 -0.1894 0.9735
vn 0.3443 -0.9349 -0.0861
vn 0.1096 0.9852 -0.1318
vn 0.1149 0.0361 -0.9927
vn 0.1126 0.0594 0.9919
vn 0.1162 0.1897 0.9749
vn 0.0570 0.8760 0.4789
vn 0.3398 -0.9365 0.0872
vn 0.1198 0.0161 -0.9927
vn -0.0062 -0.2513 -0.9679
vn -0.9543 -0.1123 0.2770
vn 0.9104 0.0620 -0.4090
vn -0.9594 -0.1644 -0.2292
vn -0.9599 -0.0130 -0.2801
vn 0.9098 0.0309 -0.4138
vn -0.0346 0.9624 0.2693
vn -0.9608 -0.0117 0.2771
vn 0.9116 0.0291 0.4100
vn -0.9272 -0.2945 -0.2315
vn 0.9034 0.3101 -0.2962
vn -0.9497 -0.2074 0.2347
vn 0.0012 -0.2992 -0.9542
vn 0.0001 -0.2941 0.9558
vn 0.9375 0.1938 0.2890
vn -0.0254 -0.9988 0.0410
vn -0.0254 -0.9988 -0.0410
vn -0.9985 0.0542 -0.0047
vn -0.5281 0.8294 0.1823
vn 0.5791 0.7813 0.2327
vn -0.0162 0.3884 0.9214
vn 0.5250 0.8335 -0.1721
vn -0.3835 0.9162 -0.1164
vn -0.4666 0.4650 -0.7524
vn -0.9746 0.2241 -0.0000
vn -0.0675 0.9818 0.1774
vn 0.0489 0.2599 0.9644
vn -0.3144 0.2417 0.9180
vn -0.2203 0.9599 0.1734
vn -0.0537 0.2961 -0.9536
vn -0.0945 -0.5430 -0.8344
vn -0.0111 -0.0266 0.9996
vn -0.0586 -0.9973 0.0437
vn -0.3997 -0.8014 -0.4449
vn -0.2916 0.9565 -0.0037
vn -0.9855 0.1646 -0.0421
vn -0.1415 -0.2854 -0.9479
vn -0.4019 0.2511 0.8806
vn -0.9104 0.3405 0.2351
vn -0.3430 -0.2676 -0.9004
vn -0.1884 0.4618 0.8668
vn -0.0707 -0.8459 -0.5287
vn -0.3590 -0.1991 -0.9119
vn -0.6200 -0.2964 0.7264
vn -0.7453 0.6656 -0.0374
vn -0.2738 -0.6061 -0.7468
vn -0.8375 -0.2937 0.4609
vn -0.7892 0.6039 0.1119
vn -0.8134 0.2541 0.5233
vn -0.4323 -0.9015 0.0210
vn -0.2400 0.2867 -0.9275
vn -0.3776 -0.1569 -0.9126
vn -0.6342 0.0203 0.7729
vn -0.1156 -0.1490 -0.9821
vn -0.0999 -0.1948 -0.9757
vn -0.5617 0.2813 0.7781
vn -0.4104 -0.1131 -0.9048
vn -0.9929 -0.1174 -0.0171
vn -0.7570 0.5963 -0.2671
vn -0.9831 0.1350 -0.1235
vn -0.2066 0.9523 -0.2246
vn -0.2946 0.9210 -0.2549
vn -0.3824 -0.9135 -0.1388
vn -0.0844 -0.1643 -0.9828
vn 0.1431 0.4797 -0.8657
vn 0.2758 0.9612 -0.0000
vn 0.1573 0.9513 -0.2650
vn 0.0615 0.6095 -0.7904
vn -0.1230 -0.2774 -0.9528
vn 0.0212 0.0321 0.9993
vn -0.3880 -0.4554 0.8013
vn -0.0962 -0.0733 0.9927
vn -0.1793 -0.2312 0.9562
vn 0.0127 0.0248 0.9996
vn -0.0951 -0.0963 0.9908
vn -0.4836 -0.3471 0.8035
vn 0.0044 0.0099 0.9999
vn 0.0691 0.0321 0.9971
vn 0.0131 0.0224 0.9997
vn 0.0169 0.0449 0.9988
vn -0.3138 -0.0436 0.9485
vn -0.2736 -0.1039 0.9562
vn -0.2741 -0.1028 0.9562
vn 0.2677 0.9528 0.1431
vn -0.2932 0.9141 -0.2802
vn -0.4883 -0.8701 -0.0674
vn -0.3797 -0.1676 -0.9098
vn -0.2410 0.2907 -0.9260
vn -0.4403 -0.8971 0.0359
vn -0.2741 -0.5731 -0.7723
vn -0.3585 -0.2419 -0.9016
vn -0.3138 -0.0056 0.9495
vn -0.2916 0.9565 -0.0076
vn -0.5942 -0.1368 0.7926
vn -0.3485 0.9268 0.1401
vn -0.2869 0.3125 0.9056
vn -0.3912 -0.0660 0.9179
vn 0.1556 0.9406 0.3017
vn 0.0308 0.0992 -0.9946
vn 0.0561 0.5555 0.8296
vn 0.1202 0.3814 -0.9166
vn 0.0459 0.0729 -0.9963
vn 0.1232 0.4293 0.8947
vn -0.9925 -0.1221 -0.0000
vn -0.3639 -0.1098 -0.9249
vn -0.6512 -0.1127 0.7505
vn -0.1201 -0.1944 -0.9735
vn -0.6487 0.0216 0.7607
vn -0.3684 -0.1570 -0.9163
vn -0.4642 -0.0559 0.8840
vn -0.2181 -0.0211 0.9757
vn -0.2910 -0.9446 -0.1521
vn 0.0692 -0.9975 -0.0107
vn 0.2358 0.9630 0.1308
vn -0.1223 -0.0000 0.9925
vn -0.1170 -0.1175 0.9861
vn -0.2680 -0.2929 0.9178
vn -0.2878 0.0451 0.9566
vn -0.3660 0.5979 0.7131
vn -0.0188 -0.1841 0.9827
vn -0.6213 -0.1383 0.7713
vn -0.1016 -0.1162 0.9880
vn -0.2585 -0.0942 0.9614
vn -0.0996 0.5253 0.8451
vn -0.2684 -0.2882 0.9192
vn -0.3105 0.4860 0.8169
vn -0.0574 0.1907 -0.9800
vn -0.9104 0.0620 0.4090
vn -0.0618 0.9707 0.2322
vn -0.1279 0.2116 0.9690
vn -0.1441 0.1153 0.9828
vn -0.9330 0.0215 0.3592
vn -0.1126 0.0594 -0.9919
vn -0.9411 -0.0000 -0.3383
vn 0.0062 -0.2513 0.9679
vn -0.1331 -0.1772 0.9751
vn -0.0574 -0.1907 -0.9800
vn -0.0713 0.9507 -0.3018
vn -0.0713 -0.9507 0.3018
vn -0.5511 0.1821 0.8144
vn -0.5511 -0.1821 -0.8144
vn -0.0713 0.9507 0.3018
vn -0.0713 -0.9507 -0.3018
vn -0.5511 0.1821 -0.8144
vn -0.0740 0.0719 -0.9947
vn -0.9554 0.0213 0.2945
vn 0.1255 -0.1442 0.9816
vn -0.9444 0.0718 -0.3209
vn -0.9444 -0.0718 0.3209
vn -0.0759 0.0440 -0.9961
vn -0.0581 -0.1111 -0.9921
vn -0.1336 -0.1837 0.9739
vn 0.1686 0.9536 -0.2495
vn -0.1149 0.0361 -0.9927
vn -0.1467 0.0812 0.9858
vn -0.1282 0.2033 0.9707
vn -0.0570 0.8760 0.4789
vn -0.3398 -0.9365 0.0872
vn -0.0581 0.1111 -0.9921
vn 0.0062 -0.2513 -0.9679
vn 0.9543 -0.1123 0.2770
vn -0.9104 0.0620 -0.4090
vn 0.9543 -0.1123 -0.2770
vn 0.9599 -0.0130 -0.2801
vn -0.9098 0.0309 -0.4138
vn 0.0346 0.9624 0.2693
vn 0.9599 -0.0130 0.2801
vn -0.9098 0.0309 0.4138
vn 0.9497 -0.2074 -0.2347
vn -0.9034 0.3101 -0.2962
vn 0.9497 -0.2074 0.2347
vn -0.0012 -0.2992 -0.9542
vn -0.0012 -0.2992 0.9542
vn -0.9034 0.3101 0.2962
vn -0.0359 -0.9984 -0.0442
vn 0.0254 -0.9988 -0.0410
vn 0.9985 0.0542 -0.0047
vn 0.5208 0.8323 0.1897
vn -0.5791 0.7813 0.2327
vn 0.3628 0.8667 0.3422
vn -0.2926 0.9562 -0.0000
vn 0.3835 0.9162 -0.1164
vt 0.076499 0.853562
vt 0.068612 0.851220
vt 0.073426 0.848109
vt 0.060250 0.835775
vt 0.046534 0.836050
vt 0.045388 0.828675
vt 0.079784 0.804117
vt 0.063346 0.801393
vt 0.060441 0.791132
vt 0.038991 0.865033
vt 0.009506 0.851633
vt 0.020459 0.845425
vt 0.019182 0.818190
vt 0.008471 0.816913
vt 0.026368 0.825670
vt 0.029747 0.842806
vt 0.044219 0.857121
vt 0.091486 0.788080
vt 0.063412 0.761140
vt 0.096594 0.778862
vt 0.101204 0.873533
vt 0.067592 0.874635
vt 0.090618 0.863396
vt 0.121463 0.830458
vt 0.110739 0.811451
vt 0.121463 0.807043
vt 0.059880 0.770962
vt 0.048624 0.775386
vt 0.046575 0.763859
vt 0.072108 0.816375
vt 0.075636 0.810460
vt 0.092279 0.828350
vt 0.087147 0.820373
vt 0.094719 0.819205
vt 0.078373 0.820830
vt 0.083910 0.817303
vt 0.055678 0.863429
vt 0.052692 0.872164
vt 0.031876 0.875614
vt 0.089309 0.812680
vt 0.063756 0.838031
vt 0.053438 0.842943
vt 0.067399 0.830165
vt 0.066716 0.829780
vt 0.067351 0.830058
vt 0.113152 0.858114
vt 0.108425 0.828930
vt 0.035698 0.799452
vt 0.032667 0.783276
vt 0.044696 0.790022
vt 0.017685 0.797000
vt 0.026183 0.781002
vt 0.049283 0.816148
vt 0.057529 0.804645
vt 0.085868 0.843269
vt 0.086556 0.827821
vt 0.010431 0.765553
vt 0.009520 0.802287
vt 0.018804 0.798683
vt 0.032541 0.765748
vt 0.092477 0.846759
vt 0.099793 0.828529
vt 0.048464 0.803987
vt 0.053119 0.795763
vt 0.085433 0.796436
vt 0.096994 0.807551
vt 0.061416 0.848498
vt 0.048938 0.850074
vt 0.102102 0.815451
vt 0.035572 0.826861
vt 0.059793 0.780970
vt 0.067241 0.865700
vt 0.082931 0.858139
vt 0.081558 0.848858
vt 0.088102 0.852883
vt 0.046907 0.822475
vt 0.041051 0.814956
vt 0.075209 0.834769
vt 0.071276 0.827228
vt 0.095896 0.857694
vt 0.107808 0.866236
vt 0.035557 0.817851
vt 0.039273 0.813307
vt 0.018998 0.808828
vt 0.008995 0.809657
vt 0.059780 0.828139
vt 0.077387 0.844349
vt 0.070945 0.837115
vt 0.058442 0.855926
vt 0.067528 0.887827
vt 0.106105 0.802054
vt 0.116835 0.796555
vt 0.068390 0.831675
vt 0.069073 0.828782
vt 0.062579 0.823641
vt 0.069578 0.820267
vt 0.063646 0.824241
vt 0.065706 0.829501
vt 0.065958 0.830275
vt 0.069953 0.825944
vt 0.067538 0.831605
vt 0.066974 0.831192
vt 0.067273 0.830692
vt 0.067500 0.830323
vt 0.067479 0.830866
vt 0.067612 0.829615
vt 0.068462 0.828303
vt 0.066509 0.830793
vt 0.066619 0.829948
vt 0.066799 0.830202
vt 0.067934 0.829834
vt 0.067448 0.830260
vt 0.067480 0.830312
vt 0.067445 0.830267
vt 0.069401 0.825713
vt 0.070547 0.818692
vt 0.067661 0.830973
vt 0.067013 0.830446
vt 0.061268 0.823274
vt 0.068246 0.828183
vt 0.536154 0.814381
vt 0.539280 0.820241
vt 0.534842 0.814015
vt 0.539473 0.820055
vt 0.540193 0.820688
vt 0.067535 0.829583
vt 0.540973 0.820905
vt 0.540237 0.820601
vt 0.068834 0.825602
vt 0.066087 0.829159
vt 0.068064 0.828105
vt 0.067468 0.829558
vt 0.065898 0.829315
vt 0.066663 0.829861
vt 0.023471 0.812663
vt 0.012971 0.670922
vt 0.012304 0.676549
vt 0.008683 0.676448
vt 0.739627 0.615260
vt 0.748705 0.612933
vt 0.747835 0.615630
vt 0.752961 0.622033
vt 0.761471 0.617468
vt 0.015868 0.683929
vt 0.017773 0.680193
vt 0.066917 0.858320
vt 0.100292 0.851068
vt 0.037653 0.840092
vt 0.023290 0.806538
vt 0.067451 0.830282
vt 0.067508 0.830321
vt 0.080946 0.840092
vt 0.039953 0.808553
vt 0.022380 0.678034
vt 0.022095 0.682235
vt 0.017878 0.676415
vt 0.019397 0.672823
vt 0.014695 0.674320
vt 0.025058 0.676110
vt 0.025072 0.685120
vt 0.280004 0.687103
vt 0.281787 0.690285
vt 0.240340 0.692281
vt 0.048724 0.775767
vt 0.050492 0.781471
vt 0.046779 0.777048
vt 0.302591 0.687333
vt 0.299550 0.692415
vt 0.298889 0.690002
vt 0.043878 0.763740
vt 0.282383 0.692777
vt 0.240849 0.698259
vt 0.240696 0.695440
vt 0.282581 0.694391
vt 0.732955 0.314915
vt 0.691864 0.320070
vt 0.691507 0.316911
vt 0.281411 0.687094
vt 0.750057 0.314632
vt 0.733551 0.317407
vt 0.074987 0.965409
vt 0.064746 0.966166
vt 0.067907 0.961371
vt 0.058457 0.965380
vt 0.063767 0.964731
vt 0.294741 0.772202
vt 0.240488 0.837184
vt 0.243023 0.816996
vt 0.044184 0.987538
vt 0.047314 0.970673
vt 0.053640 0.972246
vt 0.042626 0.964161
vt 0.036106 0.981664
vt 0.029278 0.972352
vt 0.034704 0.938666
vt 0.023994 0.960303
vt 0.018023 0.942960
vt 0.059611 0.950266
vt 0.046239 0.936756
vt 0.060057 0.937742
vt 0.078788 0.957078
vt 0.073505 0.937982
vt 0.084558 0.940678
vt 0.282869 0.854522
vt 0.225390 0.849968
vt 0.049755 0.960743
vt 0.051494 0.954622
vt 0.051705 0.960209
vt 0.049186 0.953537
vt 0.039403 0.955519
vt 0.066019 0.960697
vt 0.069035 0.954426
vt 0.113136 0.936797
vt 0.144224 0.945048
vt 0.142787 0.948191
vt 0.162033 0.913906
vt 0.149800 0.946583
vt 0.147146 0.944778
vt 0.179646 0.962427
vt 0.146854 0.954046
vt 0.148801 0.950554
vt 0.114960 0.973852
vt 0.143740 0.953695
vt 0.134185 0.986579
vt 0.053691 0.964260
vt 0.052691 0.965481
vt 0.058504 0.964181
vt 0.066682 0.955240
vt 0.059553 0.952615
vt 0.146549 0.953160
vt 0.148103 0.950280
vt 0.141670 0.951536
vt 0.144109 0.952915
vt 0.148916 0.947086
vt 0.139218 0.910541
vt 0.156297 0.988220
vt 0.179646 0.927507
vt 0.146019 0.949041
vt 0.145732 0.949757
vt 0.146929 0.945610
vt 0.145492 0.948850
vt 0.144592 0.945789
vt 0.143383 0.948424
vt 0.145211 0.949552
vt 0.142487 0.951199
vt 0.145448 0.949719
vt 0.145691 0.949623
vt 0.145774 0.948878
vt 0.145535 0.948980
vt 0.145334 0.949185
vt 0.145334 0.949486
vt 0.145415 0.949216
vt 0.145897 0.949417
vt 0.234954 0.958607
vt 0.229669 0.962471
vt 0.229515 0.957064
vt 0.145895 0.949111
vt 0.145496 0.949596
vt 0.145814 0.949385
vt 0.145729 0.949003
vt 0.224302 0.962692
vt 0.226204 0.967716
vt 0.221169 0.969695
vt 0.227667 0.964916
vt 0.882713 0.272603
vt 0.849053 0.270875
vt 0.852875 0.261901
vt 0.885512 0.256992
vt 0.849542 0.252980
vt 0.859382 0.303394
vt 0.841861 0.277551
vt 0.831945 0.275516
vt 0.821783 0.315528
vt 0.810927 0.264661
vt 0.233471 0.964983
vt 0.231827 0.963339
vt 0.229837 0.966350
vt 0.232008 0.967784
vt 0.230006 0.970228
vt 0.227848 0.969360
vt 0.224721 0.974092
vt 0.230160 0.975636
vt 0.235373 0.970007
vt 0.238506 0.963005
vt 0.256941 0.984259
vt 0.202734 0.979076
vt 0.214891 0.988970
vt 0.256941 0.953623
vt 0.228759 0.996273
vt 0.244784 0.943730
vt 0.202734 0.948441
vt 0.230916 0.936427
vt 0.844537 0.310080
vt 0.885698 0.234533
vt 0.835266 0.234533
vt 0.088157 0.974295
vt 0.094090 0.962733
vt 0.835329 0.259782
vt 0.821057 0.248687
vt 0.100714 0.945882
vt 0.069123 0.972561
vt 0.207285 0.847817
vt 0.220821 0.849583
vt 0.231642 0.841088
vt 0.211459 0.772202
vt 0.207683 0.829746
vt 0.177732 0.811723
vt 0.190969 0.862005
vt 0.238942 0.882265
vt 0.222537 0.816699
vt 0.207375 0.834355
vt 0.187294 0.864394
vt 0.207772 0.847375
vt 0.230926 0.827444
vt 0.185740 0.864057
vt 0.217354 0.824943
vt 0.189480 0.865403
vt 0.183242 0.870287
vt 0.189685 0.866459
vt 0.186306 0.863701
vt 0.176522 0.873400
vt 0.180791 0.868197
vt 0.183692 0.868356
vt 0.848493 0.255326
vt 0.837394 0.261378
vt 0.851328 0.262387
vt 0.834055 0.273949
vt 0.841973 0.275833
vt 0.847798 0.269992
vt 0.181300 0.868831
vt 0.174474 0.874725
vt 0.179619 0.871508
vt 0.184642 0.867784
vt 0.182182 0.870794
vt 0.183140 0.870522
vt 0.183872 0.870053
vt 0.182725 0.869621
vt 0.184341 0.872109
vt 0.180679 0.873178
vt 0.163784 0.885418
vt 0.052323 0.982189
vt 0.045569 0.988629
vt 0.068693 0.982355
vt 0.079686 0.984758
vt 0.048305 0.884058
vt 0.026619 0.801779
vt 0.301573 0.695038
vt 0.048468 0.782061
vt 0.750718 0.317044
vt 0.873786 0.289953
vt 0.008709 0.800169
vt 0.541023 0.821000
vt 0.731812 0.612164
vt 0.240066 0.687094
vt 0.076039 0.988629
s 0
usemtl Material
f 55/1/1 4/2/1 47/3/1
f 53/4/2 2/5/2 48/6/2
f 44/7/3 1/8/3 38/9/3
f 23/10/4 8/11/4 12/12/4
f 51/13/5 8/11/5 49/14/5
f 116/15/6 12/12/6 51/13/6
f 23/10/7 106/16/7 113/17/7
f 24/18/8 7/19/8 22/20/8
f 50/21/9 9/22/9 52/23/9
f 16/24/10 11/25/10 5/26/10
f 10/27/11 147/28/11 146/29/11
f 86/30/12 1/8/12 19/31/12
f 42/32/13 3/33/13 39/34/13
f 62/35/12 19/31/12 56/36/12
f 118/37/14 23/10/14 113/17/14
f 60/38/15 21/39/15 23/10/15
f 64/40/3 19/31/3 44/7/3
f 66/41/16 20/42/16 53/4/16
f 81/43/17 95/44/17 99/45/17
f 29/46/18 18/47/18 16/24/18
f 109/48/19 17/49/19 107/50/19
f 17/49/20 35/51/20 36/52/20
f 86/30/21 27/53/21 14/54/21
f 46/55/22 13/56/22 42/32/22
f 35/51/23 34/57/23 36/52/23
f 28/58/24 35/51/24 30/59/24
f 15/60/25 36/52/25 34/57/25
f 114/61/26 42/32/26 112/62/26
f 14/54/27 45/63/27 41/64/27
f 64/40/28 108/65/28 117/66/28
f 57/67/29 43/68/29 20/42/29
f 112/62/30 39/34/30 105/69/30
f 1/8/31 41/64/31 38/9/31
f 43/68/32 2/5/32 20/42/32
f 2/5/33 54/70/33 48/6/33
f 108/65/34 38/9/34 111/71/34
f 110/72/35 55/1/35 115/73/35
f 115/73/36 129/74/36 139/75/36
f 122/76/37 54/70/37 128/77/37
f 63/78/38 67/79/38 62/35/38
f 50/21/39 126/80/39 124/81/39
f 128/77/40 103/82/40 137/83/40
f 125/84/41 49/14/41 123/85/41
f 127/86/42 48/6/42 122/76/42
f 129/74/43 47/3/43 121/87/43
f 47/3/44 130/88/44 121/87/44
f 4/2/45 65/89/45 57/67/45
f 39/34/46 117/66/46 105/69/46
f 13/56/21 63/78/21 62/35/21
f 4/2/47 66/41/47 47/3/47
f 3/33/3 64/40/3 39/34/3
f 6/90/48 60/38/48 9/22/48
f 110/72/49 60/38/49 118/37/49
f 5/26/50 61/91/50 59/92/50
f 3/33/12 62/35/12 56/36/12
f 71/93/51 73/94/51 67/79/51
f 32/95/52 98/96/52 97/97/52
f 127/86/41 69/98/41 131/99/41
f 62/35/53 87/100/53 86/30/53
f 66/41/54 132/101/54 130/88/54
f 53/4/55 72/102/55 66/41/55
f 78/103/56 136/104/56 134/105/56
f 73/94/57 92/106/57 88/107/57
f 70/108/58 78/103/58 72/102/58
f 131/99/41 75/109/41 133/110/41
f 87/100/59 73/94/59 88/107/59
f 72/102/60 134/105/60 132/101/60
f 79/111/61 91/112/61 92/106/61
f 84/113/62 135/114/62 136/104/62
f 68/115/63 98/96/63 25/116/63
f 77/117/64 79/111/64 73/94/64
f 76/118/65 84/113/65 78/103/65
f 133/110/41 91/112/41 135/114/41
f 25/116/66 85/119/66 86/30/66
f 68/115/67 88/107/67 74/120/67
f 25/116/68 87/100/68 68/115/68
f 32/121/69 69/122/69 85/123/69
f 89/124/70 75/125/70 69/122/70
f 81/43/71 92/106/71 91/112/71
f 74/120/72 92/106/72 80/126/72
f 81/127/73 75/125/73 90/128/73
f 97/97/74 94/129/74 93/130/74
f 93/130/75 96/131/75 95/44/75
f 95/44/76 100/132/76 99/45/76
f 81/43/77 100/132/77 80/126/77
f 32/95/78 93/130/78 89/133/78
f 68/115/79 96/131/79 94/129/79
f 74/120/80 100/132/80 96/131/80
f 90/134/81 93/130/81 95/44/81
f 125/84/82 104/135/82 51/13/82
f 104/136/83 141/137/83 51/138/83
f 101/139/84 109/140/84 119/141/84
f 102/142/85 109/140/85 45/143/85
f 116/144/86 141/137/86 140/145/86
f 37/146/87 118/37/87 65/89/87
f 105/69/88 61/91/88 11/25/88
f 52/23/89 139/75/89 126/80/89
f 9/22/90 115/73/90 52/23/90
f 24/18/91 111/71/91 10/27/91
f 18/47/92 105/69/92 11/25/92
f 117/66/28 24/18/28 61/91/28
f 31/147/93 112/62/93 18/47/93
f 45/63/94 107/50/94 41/64/94
f 65/89/95 113/17/95 43/68/95
f 38/9/96 107/50/96 111/71/96
f 113/17/97 40/148/97 43/68/97
f 54/70/98 106/16/98 116/15/98
f 126/80/99 114/61/99 31/147/99
f 30/59/100 138/149/100 125/84/100
f 76/118/101 135/114/101 82/150/101
f 136/104/62 91/112/62 83/151/62
f 132/101/102 77/117/102 71/93/102
f 70/108/103 133/110/103 76/118/103
f 134/105/104 83/151/104 77/117/104
f 130/88/105 71/93/105 63/78/105
f 53/4/106 131/99/106 70/108/106
f 26/152/107 130/88/107 63/78/107
f 46/55/108 121/87/108 26/152/108
f 85/119/42 122/76/42 27/53/42
f 125/84/41 28/58/41 30/59/41
f 128/77/109 102/153/109 45/63/109
f 124/81/110 31/147/110 29/46/110
f 27/53/111 128/77/111 45/63/111
f 139/75/112 46/55/112 114/61/112
f 140/145/113 144/154/113 145/155/113
f 141/137/114 142/156/114 140/145/114
f 120/157/115 143/158/115 104/136/115
f 103/159/116 145/155/116 144/154/116
f 120/157/117 144/154/117 142/156/117
f 116/144/118 145/155/118 54/160/118
f 147/161/119 157/162/119 156/163/119
f 149/164/120 111/71/120 148/165/120
f 151/166/121 107/50/121 17/49/121
f 148/167/122 155/168/122 158/169/122
f 151/166/123 15/60/123 150/170/123
f 107/50/124 148/165/124 111/71/124
f 154/171/125 150/172/125 153/173/125
f 155/168/126 151/174/126 154/171/126
f 157/175/127 153/176/127 156/177/127
f 158/169/128 149/178/128 148/167/128
f 158/179/129 154/180/129 157/175/129
f 251/181/130 162/182/130 176/183/130
f 172/184/131 188/185/131 162/182/131
f 274/186/132 257/187/132 254/188/132
f 173/189/133 245/190/133 248/191/133
f 250/192/134 166/193/134 178/194/134
f 253/195/135 169/196/135 223/197/135
f 175/198/136 222/199/136 225/200/136
f 247/201/137 221/202/137 252/203/137
f 221/202/138 175/198/138 225/200/138
f 273/204/139 256/205/139 257/187/139
f 177/206/140 186/207/140 185/208/140
f 175/198/141 186/207/141 168/209/141
f 246/210/142 178/194/142 169/196/142
f 176/183/143 188/185/143 183/211/143
f 251/181/144 167/212/144 247/201/144
f 187/213/145 192/214/145 195/215/145
f 183/216/146 196/217/146 191/218/146
f 181/219/147 190/220/147 180/221/147
f 186/222/148 193/223/148 185/224/148
f 177/206/149 182/225/149 160/226/149
f 172/184/150 182/225/150 181/227/150
f 175/198/151 184/228/151 187/229/151
f 176/183/152 184/228/152 167/212/152
f 180/221/153 198/230/153 189/231/153
f 194/232/154 201/233/154 193/223/154
f 180/221/155 204/234/155 196/217/155
f 193/223/156 198/230/156 190/220/156
f 187/213/157 194/232/157 186/222/157
f 184/235/158 191/218/158 192/214/158
f 185/224/159 190/220/159 182/236/159
f 181/219/160 196/217/160 188/237/160
f 189/231/161 211/238/161 204/234/161
f 201/233/162 205/239/162 198/230/162
f 199/240/163 207/241/163 200/242/163
f 203/243/164 209/244/164 202/245/164
f 196/217/165 199/240/165 191/218/165
f 195/215/166 200/242/166 203/243/166
f 195/215/167 202/245/167 194/232/167
f 191/218/168 200/242/168 192/214/168
f 208/246/169 213/247/169 205/239/169
f 206/248/170 215/249/170 207/241/170
f 210/250/171 217/251/171 209/244/171
f 210/250/172 215/249/172 218/252/172
f 201/233/173 209/244/173 208/246/173
f 189/231/174 205/239/174 197/253/174
f 199/240/175 211/238/175 206/248/175
f 203/243/176 207/241/176 210/250/176
f 236/254/177 229/255/177 235/256/177
f 197/253/178 219/257/178 211/238/178
f 208/246/179 217/251/179 216/258/179
f 197/253/180 213/247/180 212/259/180
f 206/248/181 219/257/181 214/260/181
f 220/261/182 231/262/182 238/263/182
f 220/261/183 229/255/183 232/264/183
f 221/265/184 171/266/184 161/267/184
f 252/268/185 161/267/185 244/269/185
f 171/266/186 222/270/186 159/271/186
f 243/272/187 223/273/187 165/274/187
f 236/254/188 233/275/188 228/276/188
f 229/255/189 234/277/189 232/264/189
f 234/277/189 233/275/189 226/278/189
f 227/279/190 234/277/190 226/278/190
f 231/262/191 234/277/191 230/280/191
f 239/281/192 227/279/192 240/282/192
f 241/283/193 233/275/193 237/284/193
f 239/281/194 231/262/194 230/280/194
f 241/283/195 227/279/195 226/278/195
f 212/285/196 240/282/196 241/283/196
f 217/286/197 239/281/197 216/287/197
f 212/285/198 237/284/198 219/288/198
f 213/289/199 239/281/199 240/282/199
f 219/288/200 236/254/200 214/290/200
f 218/291/201 235/256/201 220/261/201
f 218/291/202 238/263/202 217/286/202
f 215/292/203 236/254/203 235/256/203
f 159/271/204 253/293/204 243/272/204
f 224/294/205 244/269/205 163/295/205
f 179/296/206 247/201/206 170/297/206
f 168/209/207 250/192/207 246/210/207
f 163/295/208 249/298/208 174/299/208
f 162/182/209 248/191/209 172/184/209
f 170/297/210 252/203/210 224/300/210
f 222/199/211 246/210/211 253/195/211
f 177/206/212 245/190/212 250/192/212
f 248/191/213 160/226/213 172/184/213
f 249/298/208 165/274/208 174/299/208
f 179/296/214 242/301/214 251/181/214
f 259/302/215 262/303/215 256/205/215
f 256/205/41 263/304/41 257/187/41
f 275/305/216 258/306/216 276/307/216
f 277/308/217 256/205/217 272/309/217
f 274/186/218 255/310/218 275/305/218
f 277/308/219 258/306/219 259/302/219
f 264/311/220 271/312/220 265/313/220
f 260/314/221 267/315/221 261/316/221
f 257/187/222 260/314/222 254/188/222
f 255/310/223 260/314/223 261/316/223
f 259/302/224 264/311/224 265/313/224
f 258/306/225 261/316/225 264/311/225
f 268/317/226 285/318/226 269/319/226
f 270/320/225 279/321/225 282/322/225
f 261/316/225 270/320/225 264/311/225
f 263/304/41 268/317/41 269/319/41
f 262/303/227 271/312/227 268/317/227
f 260/314/228 269/319/228 266/323/228
f 249/298/229 276/324/229 277/325/229
f 171/266/230 275/326/230 161/267/230
f 249/298/231 272/327/231 243/272/231
f 161/267/232 276/324/232 244/269/232
f 159/271/233 272/327/233 273/328/233
f 171/266/234 273/328/234 274/329/234
f 283/330/235 281/331/235 280/332/235
f 279/321/236 283/330/236 282/322/236
f 283/330/237 287/333/237 271/312/237
f 280/332/238 289/334/238 288/335/238
f 266/323/239 279/321/239 267/315/239
f 271/312/240 282/322/240 283/330/240
f 284/336/41 289/334/41 285/318/41
f 284/336/241 291/337/241 288/335/241
f 286/338/242 289/334/242 290/339/242
f 280/332/243 291/337/243 283/330/243
f 268/317/244 287/333/244 284/336/244
f 281/331/245 290/339/245 289/334/245
f 278/340/246 286/338/246 290/339/246
f 269/319/247 286/338/247 266/323/247
f 173/189/248 24/341/248 22/342/248
f 248/191/249 61/343/249 24/341/249
f 164/344/250 61/343/250 242/301/250
f 332/1/251 295/2/251 316/146/251
f 330/4/252 293/5/252 305/42/252
f 323/7/253 292/8/253 304/31/253
f 306/10/254 8/11/254 21/39/254
f 328/13/255 8/11/255 299/12/255
f 391/15/256 299/12/256 381/16/256
f 381/16/257 306/10/257 388/17/257
f 7/19/258 307/18/258 22/20/258
f 50/21/259 296/22/259 6/90/259
f 298/25/260 16/24/260 5/26/260
f 146/29/261 421/164/261 297/27/261
f 292/8/262 361/30/262 304/31/262
f 294/33/263 321/32/263 318/34/263
f 304/31/262 337/35/262 333/36/262
f 393/37/264 306/10/264 335/38/264
f 335/38/265 21/39/265 58/345/265
f 339/40/253 304/31/253 333/36/253
f 341/41/266 305/42/266 334/67/266
f 356/43/267 370/44/267 365/134/267
f 303/47/268 29/46/268 16/24/268
f 302/49/269 384/48/269 382/50/269
f 302/49/270 314/51/270 311/59/270
f 361/30/271 310/53/271 360/119/271
f 300/56/272 325/55/272 321/32/272
f 34/57/273 314/51/273 315/52/273
f 314/51/274 28/58/274 311/59/274
f 15/60/275 315/52/275 302/49/275
f 321/32/276 389/61/276 387/62/276
f 301/54/277 324/63/277 310/53/277
f 383/65/278 339/40/278 392/66/278
f 334/67/279 322/68/279 340/89/279
f 318/34/280 387/62/280 380/69/280
f 292/8/281 320/64/281 301/54/281
f 293/5/282 322/68/282 305/42/282
f 331/70/283 293/5/283 327/6/283
f 383/65/278 317/9/278 323/7/278
f 332/1/284 385/72/284 390/73/284
f 402/74/285 390/73/285 412/75/285
f 397/76/286 331/70/286 327/6/286
f 342/79/287 338/78/287 337/35/287
f 399/80/288 50/21/288 124/81/288
f 401/77/289 378/82/289 331/70/289
f 398/84/41 49/14/41 328/13/41
f 400/86/290 327/6/290 330/4/290
f 402/74/291 326/3/291 332/1/291
f 403/88/292 326/3/292 396/87/292
f 295/2/293 340/89/293 316/146/293
f 392/66/294 318/34/294 380/69/294
f 300/56/271 338/78/271 309/152/271
f 341/41/295 295/2/295 326/3/295
f 339/40/253 294/33/253 318/34/253
f 335/38/296 6/90/296 296/22/296
f 385/72/297 335/38/297 296/22/297
f 5/26/298 336/91/298 298/25/298
f 294/33/262 337/35/262 300/56/262
f 348/94/299 346/93/299 342/79/299
f 313/95/300 373/96/300 308/116/300
f 400/86/41 344/98/41 360/119/41
f 362/100/301 337/35/301 361/30/301
f 405/101/302 341/41/302 403/88/302
f 347/102/303 330/4/303 341/41/303
f 409/104/304 353/103/304 407/105/304
f 367/106/305 348/94/305 363/107/305
f 353/103/306 345/108/306 347/102/306
f 404/99/41 350/109/41 344/98/41
f 363/107/307 342/79/307 362/100/307
f 407/105/308 347/102/308 405/101/308
f 354/111/309 366/112/309 358/151/309
f 408/114/310 359/113/310 409/104/310
f 373/96/311 343/115/311 308/116/311
f 354/111/312 352/117/312 348/94/312
f 359/113/313 351/118/313 353/103/313
f 406/110/41 366/112/41 350/109/41
f 308/116/314 360/119/314 313/95/314
f 363/107/315 343/115/315 349/120/315
f 362/100/316 308/116/316 343/115/316
f 313/121/317 344/122/317 364/124/317
f 364/124/318 350/125/318 365/128/318
f 356/43/319 367/106/319 355/126/319
f 367/106/320 349/120/320 355/126/320
f 350/125/321 356/127/321 365/128/321
f 372/97/322 369/129/322 373/96/322
f 368/130/323 371/131/323 369/129/323
f 370/44/324 375/132/324 371/131/324
f 375/132/325 356/43/325 355/126/325
f 368/130/326 313/95/326 364/133/326
f 343/115/327 371/131/327 349/120/327
f 349/120/328 375/132/328 355/126/328
f 365/134/329 368/130/329 364/133/329
f 398/84/330 379/135/330 411/149/330
f 414/137/331 379/136/331 328/138/331
f 384/140/332 376/139/332 394/141/332
f 377/142/333 384/140/333 394/141/333
f 391/144/334 414/137/334 328/138/334
f 316/146/335 393/37/335 385/72/335
f 336/91/336 380/69/336 298/25/336
f 412/75/337 329/23/337 399/80/337
f 390/73/338 296/22/338 329/23/338
f 307/18/339 386/71/339 383/65/339
f 380/69/340 303/47/340 298/25/340
f 307/18/278 392/66/278 336/91/278
f 387/62/341 312/147/341 303/47/341
f 382/50/342 324/63/342 320/64/342
f 340/89/343 388/17/343 393/37/343
f 317/9/344 382/50/344 320/64/344
f 319/148/345 388/17/345 322/68/345
f 331/70/346 381/16/346 319/148/346
f 389/61/347 399/80/347 312/147/347
f 311/59/348 411/149/348 376/346/348
f 351/118/349 408/114/349 406/110/349
f 366/112/310 409/104/310 358/151/310
f 352/117/350 405/101/350 346/93/350
f 345/108/351 406/110/351 404/99/351
f 358/151/352 407/105/352 352/117/352
f 346/93/353 403/88/353 338/78/353
f 330/4/354 404/99/354 400/86/354
f 309/152/292 403/88/292 396/87/292
f 325/55/355 396/87/355 402/74/355
f 360/119/290 397/76/290 400/86/290
f 28/58/41 398/84/41 311/59/41
f 377/153/356 401/77/356 324/63/356
f 312/147/357 124/81/357 29/46/357
f 310/53/358 401/77/358 397/76/358
f 325/55/359 412/75/359 389/61/359
f 413/145/360 417/154/360 415/156/360
f 414/137/361 415/156/361 416/158/361
f 416/158/362 395/157/362 379/136/362
f 378/159/363 418/155/363 331/160/363
f 395/157/364 417/154/364 378/159/364
f 418/155/365 391/144/365 331/160/365
f 156/163/366 421/178/366 419/161/366
f 421/164/367 386/71/367 297/27/367
f 382/50/368 422/166/368 302/49/368
f 420/167/369 425/168/369 423/347/369
f 15/60/370 422/166/370 150/170/370
f 382/50/371 420/165/371 423/348/371
f 150/172/372 424/171/372 153/173/372
f 422/174/373 425/168/373 424/171/373
f 153/176/374 426/175/374 156/177/374
f 427/169/375 421/178/375 426/162/375
f 427/179/376 424/180/376 425/349/376
f 508/181/377 431/182/377 499/301/377
f 447/185/378 435/184/378 431/182/378
f 531/186/379 514/187/379 530/204/379
f 502/190/380 173/189/380 505/191/380
f 507/192/381 166/193/381 502/190/381
f 510/195/382 169/196/382 503/210/382
f 481/199/383 436/198/383 482/200/383
f 480/202/384 504/201/384 509/203/384
f 480/202/385 436/198/385 432/212/385
f 530/204/386 513/205/386 529/309/386
f 438/206/387 445/207/387 433/209/387
f 445/207/388 436/198/388 433/209/388
f 503/210/389 178/194/389 507/192/389
f 437/183/390 447/185/390 431/182/390
f 432/212/391 508/181/391 504/201/391
f 446/213/392 451/214/392 443/235/392
f 442/216/393 455/217/393 447/237/393
f 440/219/394 449/220/394 441/236/394
f 452/223/395 445/222/395 444/224/395
f 441/225/396 438/206/396 429/226/396
f 435/184/397 441/225/397 429/226/397
f 436/198/398 443/228/398 432/212/398
f 443/228/399 437/183/399 432/212/399
f 439/221/153 457/230/153 449/220/153
f 460/233/154 453/232/154 452/223/154
f 463/234/155 439/221/155 455/217/155
f 457/230/156 452/223/156 449/220/156
f 453/232/400 446/213/400 445/222/400
f 443/235/401 450/218/401 442/216/401
f 449/220/402 444/224/402 441/236/402
f 455/217/403 440/219/403 447/237/403
f 470/238/404 448/231/404 463/234/404
f 464/239/405 460/233/405 457/230/405
f 466/241/406 458/240/406 459/242/406
f 468/244/407 462/243/407 461/245/407
f 458/240/165 455/217/165 450/218/165
f 454/215/166 459/242/166 451/214/166
f 461/245/167 454/215/167 453/232/167
f 459/242/168 450/218/168 451/214/168
f 472/247/408 467/246/408 464/239/408
f 474/249/409 465/248/409 466/241/409
f 476/251/410 469/250/410 468/244/410
f 469/250/411 474/249/411 466/241/411
f 460/233/412 468/244/412 461/245/412
f 448/231/413 464/239/413 457/230/413
f 458/240/414 470/238/414 463/234/414
f 462/243/415 466/241/415 459/242/415
f 486/255/416 493/254/416 492/256/416
f 478/257/417 456/253/417 470/238/417
f 467/246/418 476/251/418 468/244/418
f 456/253/419 472/247/419 464/239/419
f 465/248/420 478/257/420 470/238/420
f 488/262/421 479/261/421 495/263/421
f 479/261/422 486/255/422 492/256/422
f 434/266/423 480/265/423 430/267/423
f 430/267/185 509/268/185 501/269/185
f 434/266/383 481/270/383 482/350/383
f 500/272/424 223/273/424 510/293/424
f 493/254/425 490/275/425 494/284/425
f 486/255/426 491/277/426 485/276/426
f 490/275/427 491/277/427 483/278/427
f 484/279/428 491/277/428 487/280/428
f 488/262/429 491/277/429 489/264/429
f 484/279/430 496/281/430 497/282/430
f 490/275/431 498/283/431 494/284/431
f 496/281/432 488/262/432 495/263/432
f 498/283/433 484/279/433 497/282/433
f 471/285/434 497/282/434 472/289/434
f 496/281/435 476/286/435 475/287/435
f 494/284/436 471/285/436 478/288/436
f 472/289/437 496/281/437 475/287/437
f 493/254/438 478/288/438 473/290/438
f 477/291/439 492/256/439 474/292/439
f 495/263/440 477/291/440 476/286/440
f 474/292/441 493/254/441 473/290/441
f 428/271/442 510/293/442 481/270/442
f 501/269/443 224/294/443 163/295/443
f 504/201/444 179/296/444 170/297/444
f 433/209/445 507/192/445 438/206/445
f 163/295/446 506/298/446 501/269/446
f 431/182/447 505/191/447 499/301/447
f 509/203/448 170/297/448 224/300/448
f 481/199/449 503/210/449 433/209/449
f 438/206/450 502/190/450 429/226/450
f 429/226/451 505/191/451 435/184/451
f 165/274/452 506/298/452 174/299/452
f 179/296/453 499/301/453 164/344/453
f 519/303/454 516/302/454 513/205/454
f 520/304/41 513/205/41 514/187/41
f 515/306/455 532/305/455 533/307/455
f 513/205/456 534/308/456 529/309/456
f 512/310/457 531/186/457 532/305/457
f 534/308/458 515/306/458 533/307/458
f 528/312/459 521/311/459 522/313/459
f 524/315/460 517/314/460 518/316/460
f 517/314/461 514/187/461 511/188/461
f 512/310/462 517/314/462 511/188/462
f 516/302/463 521/311/463 515/306/463
f 515/306/225 518/316/225 512/310/225
f 542/318/464 525/317/464 526/319/464
f 527/320/225 536/321/225 524/315/225
f 527/320/225 518/316/225 521/311/225
f 520/304/41 525/317/41 519/303/41
f 519/303/465 528/312/465 522/313/465
f 517/314/466 526/319/466 520/304/466
f 506/298/467 533/324/467 501/269/467
f 532/326/468 434/266/468 430/267/468
f 529/327/469 506/298/469 500/272/469
f 533/324/470 430/267/470 501/269/470
f 428/271/471 529/327/471 500/272/471
f 434/266/472 530/328/472 428/271/472
f 540/330/473 538/331/473 535/340/473
f 540/330/474 536/321/474 539/322/474
f 544/333/475 540/330/475 528/312/475
f 537/332/476 546/334/476 538/331/476
f 536/321/477 523/323/477 524/315/477
f 528/312/478 539/322/478 527/320/478
f 546/334/41 541/336/41 542/318/41
f 541/336/479 548/337/479 544/333/479
f 543/338/480 546/334/480 542/318/480
f 548/337/481 537/332/481 540/330/481
f 525/317/482 544/333/482 528/312/482
f 538/331/483 547/339/483 535/340/483
f 535/340/484 543/338/484 523/323/484
f 543/338/485 526/319/485 523/323/485
f 173/189/486 307/341/486 505/191/486
f 505/191/487 336/343/487 499/301/487
f 336/343/488 164/344/488 499/301/488
f 55/1/489 37/146/489 4/2/489
f 53/4/490 20/42/490 2/5/490
f 44/7/3 19/31/3 1/8/3
f 23/10/491 21/39/491 8/11/491
f 51/13/492 12/12/492 8/11/492
f 116/15/493 106/16/493 12/12/493
f 23/10/494 12/12/494 106/16/494
f 24/18/8 10/27/8 7/19/8
f 50/21/495 6/90/495 9/22/495
f 16/24/496 18/47/496 11/25/496
f 146/29/497 7/19/497 10/27/497
f 10/27/498 149/164/498 147/28/498
f 86/30/12 14/54/12 1/8/12
f 42/32/499 13/56/499 3/33/499
f 62/35/12 86/30/12 19/31/12
f 118/37/500 60/38/500 23/10/500
f 60/38/15 58/345/15 21/39/15
f 64/40/3 56/36/3 19/31/3
f 66/41/501 57/67/501 20/42/501
f 81/43/17 90/134/17 95/44/17
f 29/46/502 31/147/502 18/47/502
f 109/48/503 30/59/503 17/49/503
f 17/49/504 30/59/504 35/51/504
f 86/30/21 85/119/21 27/53/21
f 46/55/505 26/152/505 13/56/505
f 35/51/506 33/351/506 34/57/506
f 28/58/24 33/351/24 35/51/24
f 15/60/507 17/49/507 36/52/507
f 114/61/508 46/55/508 42/32/508
f 14/54/509 27/53/509 45/63/509
f 64/40/28 44/7/28 108/65/28
f 57/67/510 65/89/510 43/68/510
f 112/62/511 42/32/511 39/34/511
f 1/8/512 14/54/512 41/64/512
f 43/68/513 40/148/513 2/5/513
f 2/5/514 40/148/514 54/70/514
f 108/65/28 44/7/28 38/9/28
f 110/72/515 37/146/515 55/1/515
f 115/73/516 55/1/516 129/74/516
f 122/76/517 48/6/517 54/70/517
f 63/78/518 71/93/518 67/79/518
f 50/21/519 52/23/519 126/80/519
f 128/77/520 54/70/520 103/82/520
f 125/84/41 51/13/41 49/14/41
f 127/86/42 53/4/42 48/6/42
f 129/74/521 55/1/521 47/3/521
f 47/3/522 66/41/522 130/88/522
f 4/2/523 37/146/523 65/89/523
f 39/34/28 64/40/28 117/66/28
f 13/56/21 26/152/21 63/78/21
f 4/2/524 57/67/524 66/41/524
f 3/33/3 56/36/3 64/40/3
f 6/90/525 58/345/525 60/38/525
f 110/72/526 9/22/526 60/38/526
f 5/26/527 11/25/527 61/91/527
f 3/33/12 13/56/12 62/35/12
f 71/93/528 77/117/528 73/94/528
f 32/95/52 25/116/52 98/96/52
f 127/86/41 85/119/41 69/98/41
f 62/35/53 67/79/53 87/100/53
f 66/41/529 72/102/529 132/101/529
f 53/4/530 70/108/530 72/102/530
f 78/103/531 84/113/531 136/104/531
f 73/94/57 79/111/57 92/106/57
f 70/108/58 76/118/58 78/103/58
f 131/99/41 69/98/41 75/109/41
f 87/100/59 67/79/59 73/94/59
f 72/102/532 78/103/532 134/105/532
f 79/111/61 83/151/61 91/112/61
f 84/113/62 82/150/62 135/114/62
f 68/115/63 94/129/63 98/96/63
f 77/117/533 83/151/533 79/111/533
f 76/118/65 82/150/65 84/113/65
f 133/110/41 75/109/41 91/112/41
f 25/116/534 32/95/534 85/119/534
f 68/115/535 87/100/535 88/107/535
f 25/116/536 86/30/536 87/100/536
f 32/121/537 89/124/537 69/122/537
f 89/124/538 90/128/538 75/125/538
f 81/43/539 80/126/539 92/106/539
f 74/120/540 88/107/540 92/106/540
f 81/127/541 91/352/541 75/125/541
f 97/97/542 98/96/542 94/129/542
f 93/130/543 94/129/543 96/131/543
f 95/44/544 96/131/544 100/132/544
f 81/43/77 99/45/77 100/132/77
f 32/95/78 97/97/78 93/130/78
f 68/115/79 74/120/79 96/131/79
f 74/120/80 80/126/80 100/132/80
f 90/134/81 89/133/81 93/130/81
f 125/84/545 138/149/545 104/135/545
f 104/136/83 143/158/83 141/137/83
f 101/139/546 30/353/546 109/140/546
f 102/142/547 119/141/547 109/140/547
f 116/144/548 51/138/548 141/137/548
f 37/146/549 110/72/549 118/37/549
f 105/69/550 117/66/550 61/91/550
f 52/23/551 115/73/551 139/75/551
f 9/22/552 110/72/552 115/73/552
f 24/18/553 108/65/553 111/71/553
f 18/47/554 112/62/554 105/69/554
f 117/66/28 108/65/28 24/18/28
f 31/147/555 114/61/555 112/62/555
f 45/63/556 109/48/556 107/50/556
f 65/89/557 118/37/557 113/17/557
f 38/9/558 41/64/558 107/50/558
f 113/17/559 106/16/559 40/148/559
f 54/70/560 40/148/560 106/16/560
f 126/80/36 139/75/36 114/61/36
f 30/59/561 101/346/561 138/149/561
f 76/118/562 133/110/562 135/114/562
f 136/104/62 135/114/62 91/112/62
f 132/101/563 134/105/563 77/117/563
f 70/108/564 131/99/564 133/110/564
f 134/105/565 136/104/565 83/151/565
f 130/88/566 132/101/566 71/93/566
f 53/4/567 127/86/567 131/99/567
f 26/152/44 121/87/44 130/88/44
f 46/55/568 129/74/568 121/87/568
f 85/119/42 127/86/42 122/76/42
f 125/84/41 123/85/41 28/58/41
f 128/77/569 137/83/569 102/153/569
f 124/81/570 126/80/570 31/147/570
f 27/53/571 122/76/571 128/77/571
f 139/75/572 129/74/572 46/55/572
f 140/145/573 142/156/573 144/154/573
f 141/137/574 143/158/574 142/156/574
f 120/157/575 142/156/575 143/158/575
f 103/159/116 54/160/116 145/155/116
f 120/157/576 103/159/576 144/154/576
f 116/144/577 140/145/577 145/155/577
f 156/163/578 146/354/578 147/161/578
f 147/161/579 149/178/579 157/162/579
f 149/164/580 10/27/580 111/71/580
f 151/166/581 152/348/581 107/50/581
f 148/167/582 152/347/582 155/168/582
f 151/166/583 17/49/583 15/60/583
f 107/50/584 152/348/584 148/165/584
f 154/171/585 151/174/585 150/172/585
f 155/168/586 152/347/586 151/174/586
f 157/175/587 154/180/587 153/176/587
f 158/169/588 157/162/588 149/178/588
f 158/179/589 155/349/589 154/180/589
f 251/181/590 242/301/590 162/182/590
f 172/184/131 181/227/131 188/185/131
f 274/186/591 273/204/591 257/187/591
f 173/189/592 166/193/592 245/190/592
f 250/192/593 245/190/593 166/193/593
f 253/195/594 246/210/594 169/196/594
f 175/198/595 168/209/595 222/199/595
f 247/201/596 167/212/596 221/202/596
f 221/202/597 167/212/597 175/198/597
f 273/204/598 272/309/598 256/205/598
f 177/206/140 168/209/140 186/207/140
f 175/198/141 187/229/141 186/207/141
f 246/210/599 250/192/599 178/194/599
f 176/183/143 162/182/143 188/185/143
f 251/181/600 176/183/600 167/212/600
f 187/213/145 184/235/145 192/214/145
f 183/216/146 188/237/146 196/217/146
f 181/219/147 182/236/147 190/220/147
f 186/222/148 194/232/148 193/223/148
f 177/206/149 185/208/149 182/225/149
f 172/184/150 160/226/150 182/225/150
f 175/198/151 167/212/151 184/228/151
f 176/183/152 183/211/152 184/228/152
f 180/221/153 190/220/153 198/230/153
f 194/232/154 202/245/154 201/233/154
f 180/221/155 189/231/155 204/234/155
f 193/223/156 201/233/156 198/230/156
f 187/213/157 195/215/157 194/232/157
f 184/235/158 183/216/158 191/218/158
f 185/224/159 193/223/159 190/220/159
f 181/219/160 180/221/160 196/217/160
f 189/231/601 197/253/601 211/238/601
f 201/233/602 208/246/602 205/239/602
f 199/240/603 206/248/603 207/241/603
f 203/243/604 210/250/604 209/244/604
f 196/217/165 204/234/165 199/240/165
f 195/215/166 192/214/166 200/242/166
f 195/215/167 203/243/167 202/245/167
f 191/218/168 199/240/168 200/242/168
f 208/246/605 216/258/605 213/247/605
f 206/248/170 214/260/170 215/249/170
f 210/250/171 218/252/171 217/251/171
f 210/250/172 207/241/172 215/249/172
f 201/233/606 202/245/606 209/244/606
f 189/231/607 198/230/607 205/239/607
f 199/240/608 204/234/608 211/238/608
f 203/243/609 200/242/609 207/241/609
f 236/254/177 228/276/177 229/255/177
f 197/253/178 212/259/178 219/257/178
f 208/246/179 209/244/179 217/251/179
f 197/253/180 205/239/180 213/247/180
f 206/248/610 211/238/610 219/257/610
f 220/261/182 232/264/182 231/262/182
f 220/261/183 235/256/183 229/255/183
f 221/265/138 225/350/138 171/266/138
f 252/268/611 221/265/611 161/267/611
f 171/266/136 225/350/136 222/270/136
f 243/272/612 253/293/612 223/273/612
f 236/254/188 237/284/188 233/275/188
f 229/255/613 228/276/613 234/277/613
f 234/277/614 228/276/614 233/275/614
f 227/279/615 230/280/615 234/277/615
f 231/262/190 232/264/190 234/277/190
f 239/281/192 230/280/192 227/279/192
f 241/283/193 226/278/193 233/275/193
f 239/281/194 238/263/194 231/262/194
f 241/283/195 240/282/195 227/279/195
f 212/285/196 213/289/196 240/282/196
f 217/286/197 238/263/197 239/281/197
f 212/285/198 241/283/198 237/284/198
f 213/289/199 216/287/199 239/281/199
f 219/288/200 237/284/200 236/254/200
f 218/291/201 215/292/201 235/256/201
f 218/291/202 220/261/202 238/263/202
f 215/292/203 214/290/203 236/254/203
f 159/271/616 222/270/616 253/293/616
f 224/294/617 252/268/617 244/269/617
f 179/296/618 251/181/618 247/201/618
f 168/209/619 177/206/619 250/192/619
f 163/295/620 244/269/620 249/298/620
f 162/182/621 242/301/621 248/191/621
f 170/297/622 247/201/622 252/203/622
f 222/199/623 168/209/623 246/210/623
f 177/206/624 160/226/624 245/190/624
f 248/191/625 245/190/625 160/226/625
f 249/298/626 243/272/626 165/274/626
f 179/296/627 164/344/627 242/301/627
f 259/302/215 265/313/215 262/303/215
f 256/205/41 262/303/41 263/304/41
f 275/305/628 255/310/628 258/306/628
f 277/308/629 259/302/629 256/205/629
f 274/186/630 254/188/630 255/310/630
f 277/308/631 276/307/631 258/306/631
f 264/311/632 270/320/632 271/312/632
f 260/314/633 266/323/633 267/315/633
f 257/187/222 263/304/222 260/314/222
f 255/310/223 254/188/223 260/314/223
f 259/302/224 258/306/224 264/311/224
f 258/306/225 255/310/225 261/316/225
f 268/317/634 284/336/634 285/318/634
f 270/320/225 267/315/225 279/321/225
f 261/316/225 267/315/225 270/320/225
f 263/304/41 262/303/41 268/317/41
f 262/303/635 265/313/635 271/312/635
f 260/314/636 263/304/636 269/319/636
f 249/298/637 244/269/637 276/324/637
f 171/266/638 274/329/638 275/326/638
f 249/298/639 277/325/639 272/327/639
f 161/267/640 275/326/640 276/324/640
f 159/271/641 243/272/641 272/327/641
f 171/266/642 159/271/642 273/328/642
f 283/330/643 278/340/643 281/331/643
f 279/321/644 278/340/644 283/330/644
f 283/330/645 291/337/645 287/333/645
f 280/332/238 281/331/238 289/334/238
f 266/323/239 278/340/239 279/321/239
f 271/312/240 270/320/240 282/322/240
f 284/336/41 288/335/41 289/334/41
f 284/336/241 287/333/241 291/337/241
f 286/338/242 285/318/242 289/334/242
f 280/332/243 288/335/243 291/337/243
f 268/317/646 271/312/646 287/333/646
f 281/331/245 278/340/245 290/339/245
f 278/340/246 266/323/246 286/338/246
f 269/319/647 285/318/647 286/338/647
f 173/189/648 248/191/648 24/341/648
f 248/191/649 242/301/649 61/343/649
f 164/344/650 59/355/650 61/343/650
f 332/1/651 326/3/651 295/2/651
f 330/4/652 327/6/652 293/5/652
f 323/7/253 317/9/253 292/8/253
f 306/10/653 299/12/653 8/11/653
f 328/13/654 49/14/654 8/11/654
f 391/15/655 328/13/655 299/12/655
f 381/16/656 299/12/656 306/10/656
f 7/19/258 297/27/258 307/18/258
f 50/21/657 329/23/657 296/22/657
f 298/25/658 303/47/658 16/24/658
f 297/27/659 7/19/659 146/29/659
f 146/29/660 419/28/660 421/164/660
f 292/8/262 301/54/262 361/30/262
f 294/33/661 300/56/661 321/32/661
f 304/31/262 361/30/262 337/35/262
f 393/37/662 388/17/662 306/10/662
f 335/38/265 306/10/265 21/39/265
f 339/40/253 323/7/253 304/31/253
f 341/41/663 330/4/663 305/42/663
f 356/43/267 374/45/267 370/44/267
f 303/47/664 312/147/664 29/46/664
f 302/49/665 311/59/665 384/48/665
f 302/49/666 315/52/666 314/51/666
f 361/30/271 301/54/271 310/53/271
f 300/56/667 309/152/667 325/55/667
f 34/57/668 33/351/668 314/51/668
f 314/51/274 33/351/274 28/58/274
f 15/60/669 34/57/669 315/52/669
f 321/32/670 325/55/670 389/61/670
f 301/54/671 320/64/671 324/63/671
f 383/65/278 323/7/278 339/40/278
f 334/67/672 305/42/672 322/68/672
f 318/34/673 321/32/673 387/62/673
f 292/8/674 317/9/674 320/64/674
f 293/5/675 319/148/675 322/68/675
f 331/70/676 319/148/676 293/5/676
f 383/65/677 386/71/677 317/9/677
f 332/1/678 316/146/678 385/72/678
f 402/74/679 332/1/679 390/73/679
f 397/76/680 401/77/680 331/70/680
f 342/79/681 346/93/681 338/78/681
f 399/80/682 329/23/682 50/21/682
f 401/77/683 410/83/683 378/82/683
f 398/84/41 123/85/41 49/14/41
f 400/86/290 397/76/290 327/6/290
f 402/74/684 396/87/684 326/3/684
f 403/88/685 341/41/685 326/3/685
f 295/2/686 334/67/686 340/89/686
f 392/66/278 339/40/278 318/34/278
f 300/56/271 337/35/271 338/78/271
f 341/41/687 334/67/687 295/2/687
f 339/40/253 333/36/253 294/33/253
f 335/38/688 58/345/688 6/90/688
f 385/72/689 393/37/689 335/38/689
f 5/26/690 59/92/690 336/91/690
f 294/33/262 333/36/262 337/35/262
f 348/94/691 352/117/691 346/93/691
f 313/95/300 372/97/300 373/96/300
f 400/86/41 404/99/41 344/98/41
f 362/100/301 342/79/301 337/35/301
f 405/101/692 347/102/692 341/41/692
f 347/102/693 345/108/693 330/4/693
f 409/104/694 359/113/694 353/103/694
f 367/106/305 354/111/305 348/94/305
f 353/103/306 351/118/306 345/108/306
f 404/99/41 406/110/41 350/109/41
f 363/107/307 348/94/307 342/79/307
f 407/105/695 353/103/695 347/102/695
f 354/111/309 367/106/309 366/112/309
f 408/114/310 357/150/310 359/113/310
f 373/96/311 369/129/311 343/115/311
f 354/111/696 358/151/696 352/117/696
f 359/113/313 357/150/313 351/118/313
f 406/110/41 408/114/41 366/112/41
f 308/116/697 361/30/697 360/119/697
f 363/107/698 362/100/698 343/115/698
f 362/100/699 361/30/699 308/116/699
f 313/121/700 360/123/700 344/122/700
f 364/124/701 344/122/701 350/125/701
f 356/43/702 366/112/702 367/106/702
f 367/106/703 363/107/703 349/120/703
f 350/125/704 366/352/704 356/127/704
f 372/97/705 368/130/705 369/129/705
f 368/130/706 370/44/706 371/131/706
f 370/44/707 374/45/707 375/132/707
f 375/132/325 374/45/325 356/43/325
f 368/130/326 372/97/326 313/95/326
f 343/115/327 369/129/327 371/131/327
f 349/120/328 371/131/328 375/132/328
f 365/134/329 370/44/329 368/130/329
f 398/84/708 328/13/708 379/135/708
f 414/137/331 416/158/331 379/136/331
f 384/140/709 311/353/709 376/139/709
f 377/142/710 324/143/710 384/140/710
f 391/144/711 413/145/711 414/137/711
f 316/146/712 340/89/712 393/37/712
f 336/91/713 392/66/713 380/69/713
f 412/75/714 390/73/714 329/23/714
f 390/73/715 385/72/715 296/22/715
f 307/18/716 297/27/716 386/71/716
f 380/69/717 387/62/717 303/47/717
f 307/18/278 383/65/278 392/66/278
f 387/62/718 389/61/718 312/147/718
f 382/50/719 384/48/719 324/63/719
f 340/89/720 322/68/720 388/17/720
f 317/9/721 386/71/721 382/50/721
f 319/148/722 381/16/722 388/17/722
f 331/70/723 391/15/723 381/16/723
f 389/61/285 412/75/285 399/80/285
f 311/59/724 398/84/724 411/149/724
f 351/118/725 357/150/725 408/114/725
f 366/112/310 408/114/310 409/104/310
f 352/117/726 407/105/726 405/101/726
f 345/108/727 351/118/727 406/110/727
f 358/151/728 409/104/728 407/105/728
f 346/93/729 405/101/729 403/88/729
f 330/4/730 345/108/730 404/99/730
f 309/152/731 338/78/731 403/88/731
f 325/55/732 309/152/732 396/87/732
f 360/119/290 310/53/290 397/76/290
f 28/58/41 123/85/41 398/84/41
f 377/153/733 410/83/733 401/77/733
f 312/147/734 399/80/734 124/81/734
f 310/53/735 324/63/735 401/77/735
f 325/55/736 402/74/736 412/75/736
f 413/145/737 418/155/737 417/154/737
f 414/137/738 413/145/738 415/156/738
f 416/158/739 415/156/739 395/157/739
f 378/159/363 417/154/363 418/155/363
f 395/157/740 415/156/740 417/154/740
f 418/155/741 413/145/741 391/144/741
f 419/161/742 146/354/742 156/163/742
f 156/163/743 426/162/743 421/178/743
f 421/164/744 420/165/744 386/71/744
f 382/50/745 423/348/745 422/166/745
f 420/167/746 427/169/746 425/168/746
f 15/60/747 302/49/747 422/166/747
f 382/50/748 386/71/748 420/165/748
f 150/172/749 422/174/749 424/171/749
f 422/174/750 423/347/750 425/168/750
f 153/176/751 424/180/751 426/175/751
f 427/169/752 420/167/752 421/178/752
f 427/179/753 426/175/753 424/180/753
f 508/181/754 437/183/754 431/182/754
f 447/185/378 440/227/378 435/184/378
f 531/186/755 511/188/755 514/187/755
f 502/190/756 166/193/756 173/189/756
f 507/192/757 178/194/757 166/193/757
f 510/195/758 223/197/758 169/196/758
f 481/199/759 433/209/759 436/198/759
f 480/202/760 432/212/760 504/201/760
f 480/202/761 482/200/761 436/198/761
f 530/204/762 514/187/762 513/205/762
f 438/206/387 444/208/387 445/207/387
f 445/207/388 446/229/388 436/198/388
f 503/210/763 169/196/763 178/194/763
f 437/183/390 442/211/390 447/185/390
f 432/212/764 437/183/764 508/181/764
f 446/213/392 454/215/392 451/214/392
f 442/216/393 450/218/393 455/217/393
f 440/219/394 439/221/394 449/220/394
f 452/223/395 453/232/395 445/222/395
f 441/225/396 444/208/396 438/206/396
f 435/184/397 440/227/397 441/225/397
f 436/198/398 446/229/398 443/228/398
f 443/228/399 442/211/399 437/183/399
f 439/221/153 448/231/153 457/230/153
f 460/233/154 461/245/154 453/232/154
f 463/234/155 448/231/155 439/221/155
f 457/230/156 460/233/156 452/223/156
f 453/232/400 454/215/400 446/213/400
f 443/235/401 451/214/401 450/218/401
f 449/220/402 452/223/402 444/224/402
f 455/217/403 439/221/403 440/219/403
f 470/238/765 456/253/765 448/231/765
f 464/239/602 467/246/602 460/233/602
f 466/241/603 465/248/603 458/240/603
f 468/244/766 469/250/766 462/243/766
f 458/240/165 463/234/165 455/217/165
f 454/215/166 462/243/166 459/242/166
f 461/245/167 462/243/167 454/215/167
f 459/242/168 458/240/168 450/218/168
f 472/247/767 475/258/767 467/246/767
f 474/249/768 473/260/768 465/248/768
f 476/251/410 477/252/410 469/250/410
f 469/250/411 477/252/411 474/249/411
f 460/233/173 467/246/173 468/244/173
f 448/231/769 456/253/769 464/239/769
f 458/240/175 465/248/175 470/238/175
f 462/243/770 469/250/770 466/241/770
f 486/255/416 485/276/416 493/254/416
f 478/257/417 471/259/417 456/253/417
f 467/246/418 475/258/418 476/251/418
f 456/253/419 471/259/419 472/247/419
f 465/248/771 473/260/771 478/257/771
f 488/262/421 489/264/421 479/261/421
f 479/261/422 489/264/422 486/255/422
f 434/266/761 482/350/761 480/265/761
f 430/267/772 480/265/772 509/268/772
f 434/266/773 428/271/773 481/270/773
f 500/272/774 165/274/774 223/273/774
f 493/254/425 485/276/425 490/275/425
f 486/255/427 489/264/427 491/277/427
f 490/275/775 485/276/775 491/277/775
f 484/279/429 483/278/429 491/277/429
f 488/262/776 487/280/776 491/277/776
f 484/279/430 487/280/430 496/281/430
f 490/275/431 483/278/431 498/283/431
f 496/281/432 487/280/432 488/262/432
f 498/283/433 483/278/433 484/279/433
f 471/285/434 498/283/434 497/282/434
f 496/281/435 495/263/435 476/286/435
f 494/284/436 498/283/436 471/285/436
f 472/289/437 497/282/437 496/281/437
f 493/254/438 494/284/438 478/288/438
f 477/291/439 479/261/439 492/256/439
f 495/263/440 479/261/440 477/291/440
f 474/292/441 492/256/441 493/254/441
f 428/271/204 500/272/204 510/293/204
f 501/269/777 509/268/777 224/294/777
f 504/201/778 508/181/778 179/296/778
f 433/209/779 503/210/779 507/192/779
f 163/295/452 174/299/452 506/298/452
f 431/182/780 435/184/780 505/191/780
f 509/203/781 504/201/781 170/297/781
f 481/199/782 510/195/782 503/210/782
f 438/206/783 507/192/783 502/190/783
f 429/226/784 502/190/784 505/191/784
f 165/274/785 500/272/785 506/298/785
f 179/296/786 508/181/786 499/301/786
f 519/303/454 522/313/454 516/302/454
f 520/304/41 519/303/41 513/205/41
f 515/306/787 512/310/787 532/305/787
f 513/205/788 516/302/788 534/308/788
f 512/310/789 511/188/789 531/186/789
f 534/308/790 516/302/790 515/306/790
f 528/312/791 527/320/791 521/311/791
f 524/315/792 523/323/792 517/314/792
f 517/314/461 520/304/461 514/187/461
f 512/310/462 518/316/462 517/314/462
f 516/302/463 522/313/463 521/311/463
f 515/306/225 521/311/225 518/316/225
f 542/318/793 541/336/793 525/317/793
f 527/320/225 539/322/225 536/321/225
f 527/320/225 524/315/225 518/316/225
f 520/304/41 526/319/41 525/317/41
f 519/303/794 525/317/794 528/312/794
f 517/314/795 523/323/795 526/319/795
f 506/298/796 534/325/796 533/324/796
f 532/326/797 531/329/797 434/266/797
f 529/327/798 534/325/798 506/298/798
f 533/324/799 532/326/799 430/267/799
f 428/271/800 530/328/800 529/327/800
f 434/266/801 531/329/801 530/328/801
f 540/330/802 537/332/802 538/331/802
f 540/330/803 535/340/803 536/321/803
f 544/333/804 548/337/804 540/330/804
f 537/332/476 545/335/476 546/334/476
f 536/321/477 535/340/477 523/323/477
f 528/312/478 540/330/478 539/322/478
f 546/334/41 545/335/41 541/336/41
f 541/336/479 545/335/479 548/337/479
f 543/338/480 547/339/480 546/334/480
f 548/337/481 545/335/481 537/332/481
f 525/317/805 541/336/805 544/333/805
f 538/331/483 546/334/483 547/339/483
f 535/340/484 547/339/484 543/338/484
f 543/338/806 542/318/806 526/319/806
f 173/189/807 22/342/807 307/341/807
f 505/191/808 307/341/808 336/343/808
f 336/343/809 59/355/809 164/344/809
o Eyes
v 0.063341 0.779598 0.173757
v 0.063341 0.834048 0.173757
v 0.116651 0.779598 0.162675
v 0.116651 0.834048 0.162675
v 0.054023 0.775627 0.148443
v 0.054092 0.773632 0.158576
v 0.058067 0.775627 0.167897
v 0.059950 0.790670 0.176956
v 0.058247 0.806823 0.178564
v 0.059950 0.822975 0.176956
v 0.058067 0.838019 0.167897
v 0.054092 0.840014 0.158576
v 0.054023 0.838019 0.148443
v 0.119153 0.775627 0.155199
v 0.119084 0.773632 0.145066
v 0.115109 0.775627 0.135745
v 0.115109 0.838019 0.135745
v 0.119084 0.840014 0.145066
v 0.119153 0.838019 0.155199
v 0.121036 0.822975 0.164258
v 0.123239 0.806823 0.165053
v 0.121036 0.790670 0.164258
v 0.074679 0.775627 0.173895
v 0.090743 0.773632 0.171808
v 0.106308 0.775627 0.167320
v 0.106308 0.838019 0.167320
v 0.090743 0.840014 0.171808
v 0.074679 0.838019 0.173895
v 0.049881 0.789608 0.170266
v 0.047179 0.806823 0.171409
v 0.049881 0.824038 0.170266
v 0.044909 0.788683 0.160485
v 0.041834 0.806823 0.161124
v 0.044909 0.824962 0.160485
v 0.045571 0.789608 0.149533
v 0.042638 0.806823 0.149562
v 0.045571 0.824038 0.149533
v 0.123295 0.789608 0.133376
v 0.125997 0.806823 0.132233
v 0.123295 0.824038 0.133376
v 0.128267 0.788683 0.143157
v 0.131342 0.806823 0.142517
v 0.128267 0.824962 0.143157
v 0.127605 0.789608 0.154109
v 0.130538 0.806823 0.154080
v 0.127605 0.824038 0.154109
v 0.106452 0.791631 0.172734
v 0.112502 0.806823 0.173320
v 0.106452 0.822015 0.172734
v 0.091945 0.785827 0.177593
v 0.092310 0.806823 0.179348
v 0.091945 0.827819 0.177593
v 0.076704 0.791631 0.178918
v 0.071389 0.806823 0.181866
v 0.076704 0.822015 0.178918
v 0.067579 0.767130 0.144958
v 0.084317 0.764252 0.140898
v 0.101287 0.767130 0.137951
v 0.068828 0.764252 0.155513
v 0.086588 0.761112 0.151821
v 0.104348 0.764252 0.148129
v 0.071889 0.767130 0.165691
v 0.088859 0.764252 0.162744
v 0.105597 0.767130 0.158684
v 0.101287 0.846516 0.137951
v 0.084317 0.849393 0.140898
v 0.067579 0.846516 0.144958
v 0.104348 0.849393 0.148129
v 0.086588 0.852534 0.151821
v 0.068828 0.849393 0.155513
v 0.105597 0.846516 0.158684
v 0.088859 0.849393 0.162744
v 0.071889 0.846516 0.165691
v -0.063341 0.779598 0.173757
v -0.063341 0.834048 0.173757
v -0.116651 0.779598 0.162675
v -0.116651 0.834048 0.162675
v -0.054023 0.775627 0.148443
v -0.054092 0.773632 0.158576
v -0.058067 0.775627 0.167897
v -0.059950 0.790670 0.176956
v -0.058247 0.806823 0.178564
v -0.059950 0.822975 0.176956
v -0.058067 0.838019 0.167897
v -0.054092 0.840014 0.158576
v -0.054023 0.838019 0.148443
v -0.119153 0.775627 0.155199
v -0.119084 0.773632 0.145066
v -0.115109 0.775627 0.135745
v -0.115109 0.838019 0.135745
v -0.119084 0.840014 0.145066
v -0.119153 0.838019 0.155199
v -0.121036 0.822975 0.164258
v -0.123239 0.806823 0.165053
v -0.121036 0.790670 0.164258
v -0.074679 0.775627 0.173895
v -0.090743 0.773632 0.171808
v -0.106308 0.775627 0.167320
v -0.106308 0.838019 0.167320
v -0.090743 0.840014 0.171808
v -0.074679 0.838019 0.173895
v -0.049881 0.789608 0.170266
v -0.047179 0.806823 0.171409
v -0.049881 0.824038 0.170266
v -0.044909 0.788683 0.160485
v -0.041834 0.806823 0.161124
v -0.044909 0.824962 0.160485
v -0.045571 0.789608 0.149533
v -0.042638 0.806823 0.149562
v -0.045571 0.824038 0.149533
v -0.123295 0.789608 0.133376
v -0.125997 0.806823 0.132233
v -0.123295 0.824038 0.133376
v -0.128267 0.788683 0.143157
v -0.131342 0.806823 0.142517
v -0.128267 0.824962 0.143157
v -0.127605 0.789608 0.154109
v -0.130538 0.806823 0.154080
v -0.127605 0.824038 0.154109
v -0.106452 0.791631 0.172734
v -0.112502 0.806823 0.173320
v -0.106452 0.822015 0.172734
v -0.091945 0.785827 0.177593
v -0.092310 0.806823 0.179348
v -0.091945 0.827819 0.177593
v -0.076704 0.791631 0.178918
v -0.071389 0.806823 0.181866
v -0.076704 0.822015 0.178918
v -0.067579 0.767130 0.144958
v -0.084317 0.764252 0.140898
v -0.101287 0.767130 0.137951
v -0.068828 0.764252 0.155513
v -0.086588 0.761112 0.151821
v -0.104348 0.764252 0.148129
v -0.071889 0.767130 0.165691
v -0.088859 0.764252 0.162744
v -0.105597 0.767130 0.158684
v -0.101287 0.846516 0.137951
v -0.084317 0.849393 0.140898
v -0.067579 0.846516 0.144958
v -0.104348 0.849393 0.148129
v -0.086588 0.852534 0.151821
v -0.068828 0.849393 0.155513
v -0.105597 0.846516 0.158684
v -0.088859 0.849393 0.162744
v -0.071889 0.846516 0.165691
vn -0.8730 -0.1642 0.4593
vn -0.8748 0.1674 0.4547
vn -0.9837 -0.1642 -0.0733
vn -0.9835 0.1674 -0.0684
vn -0.5102 -0.4254 0.7475
vn -0.5377 -0.1394 0.8315
vn -0.5376 0.1395 0.8316
vn -0.4848 0.3766 0.7894
vn -0.7466 0.5096 0.4277
vn -0.8552 0.5096 -0.0947
vn -0.8551 -0.5097 -0.0945
vn -0.7466 -0.5097 0.4275
vn 0.8730 -0.1642 -0.4593
vn 0.8748 0.1674 -0.4547
vn 0.9837 -0.1642 0.0733
vn 0.9835 0.1674 0.0684
vn 0.7466 0.5096 -0.4277
vn 0.8552 0.5096 0.0947
vn 0.7592 0.3766 0.5308
vn 0.8245 0.1395 0.5484
vn 0.8246 -0.1394 0.5483
vn 0.7658 -0.4254 0.4823
vn 0.8551 -0.5097 0.0945
vn 0.7466 -0.5097 -0.4275
vn 0.3466 -0.0841 0.9342
vn 0.2829 0.1492 0.9475
vn 0.0545 -0.0841 0.9950
vn 0.1182 0.1492 0.9817
vn 0.4816 -0.2848 0.8289
vn 0.4787 -0.2234 0.8491
vn 0.6055 0.1213 0.7865
vn 0.4639 0.3028 0.8325
vn 0.4077 0.2959 0.8638
vn -0.0297 0.2959 0.9548
vn -0.0937 0.3028 0.9484
vn -0.2419 0.1213 0.9627
vn -0.1007 -0.2234 0.9695
vn -0.1113 -0.2848 0.9521
vn 0.0631 -0.4328 0.8993
vn 0.3006 -0.4328 0.8499
vn -0.2161 -0.9482 -0.2329
vn 0.1096 -0.9490 -0.2956
vn -0.1054 -0.9482 0.2997
vn 0.2183 -0.9490 0.2275
vn 0.4446 -0.8180 -0.3649
vn 0.5532 -0.8180 0.1575
vn 0.5059 -0.6353 0.5835
vn 0.2801 -0.6956 0.6616
vn 0.0069 -0.6957 0.7183
vn -0.2887 -0.6516 0.7015
vn -0.4448 -0.8180 0.3648
vn -0.5533 -0.8180 -0.1573
vn 0.1054 0.9482 -0.2997
vn -0.2183 0.9490 -0.2275
vn 0.2161 0.9482 0.2329
vn -0.1096 0.9490 0.2956
vn -0.5532 0.8180 -0.1575
vn -0.4447 0.8180 0.3649
vn -0.2315 0.6353 0.7368
vn 0.0068 0.6956 0.7184
vn 0.2799 0.6957 0.6615
vn 0.5443 0.6516 0.5283
vn 0.5533 0.8180 0.1573
vn 0.4448 0.8180 -0.3648
vn 0.8748 -0.1674 0.4547
vn 0.8748 0.1674 0.4547
vn 0.9837 -0.1642 -0.0733
vn 0.9837 0.1642 -0.0733
vn 0.4848 -0.3766 0.7894
vn 0.5377 -0.1394 0.8315
vn 0.5377 0.1394 0.8315
vn 0.4848 0.3766 0.7894
vn 0.7466 0.5096 0.4277
vn 0.8551 0.5097 -0.0945
vn 0.8551 -0.5097 -0.0945
vn 0.7466 -0.5096 0.4277
vn -0.8748 -0.1674 -0.4547
vn -0.8748 0.1674 -0.4547
vn -0.9837 -0.1642 0.0733
vn -0.9837 0.1642 0.0733
vn -0.7466 0.5096 -0.4277
vn -0.8551 0.5097 0.0945
vn -0.7658 0.4254 0.4823
vn -0.8245 0.1395 0.5484
vn -0.8245 -0.1395 0.5484
vn -0.7658 -0.4254 0.4823
vn -0.8551 -0.5097 0.0945
vn -0.7466 -0.5096 -0.4277
vn -0.2829 -0.1492 0.9475
vn -0.2829 0.1492 0.9475
vn -0.0545 -0.0841 0.9950
vn -0.0545 0.0841 0.9950
vn -0.4639 -0.3028 0.8325
vn -0.6055 -0.1213 0.7865
vn -0.6055 0.1213 0.7865
vn -0.4639 0.3028 0.8325
vn -0.4077 0.2959 0.8638
vn -0.0631 0.4328 0.8993
vn 0.1113 0.2848 0.9521
vn 0.1007 0.2234 0.9695
vn 0.1007 -0.2234 0.9695
vn 0.1113 -0.2848 0.9521
vn -0.0631 -0.4328 0.8993
vn -0.4077 -0.2959 0.8638
vn 0.2183 -0.9490 -0.2275
vn -0.1096 -0.9490 -0.2956
vn 0.1054 -0.9482 0.2997
vn -0.2161 -0.9482 0.2329
vn -0.4446 -0.8180 -0.3649
vn -0.5533 -0.8180 0.1573
vn -0.5443 -0.6516 0.5283
vn -0.2801 -0.6956 0.6616
vn -0.0068 -0.6956 0.7184
vn 0.2887 -0.6516 0.7015
vn 0.4448 -0.8180 0.3648
vn 0.5532 -0.8180 -0.1575
vn -0.1096 0.9490 -0.2956
vn 0.2183 0.9490 -0.2275
vn -0.2161 0.9482 0.2329
vn 0.1054 0.9482 0.2997
vn 0.5532 0.8180 -0.1575
vn 0.4448 0.8180 0.3648
vn 0.2887 0.6516 0.7015
vn -0.0068 0.6956 0.7184
vn -0.2801 0.6956 0.6616
vn -0.5443 0.6516 0.5283
vn -0.5533 0.8180 0.1573
vn -0.4447 0.8180 -0.3649
vn -0.8748 -0.1674 0.4547
vn -0.8730 0.1642 0.4593
vn -0.9835 -0.1674 -0.0684
vn -0.9837 0.1642 -0.0733
vn -0.4848 -0.3766 0.7894
vn -0.5376 -0.1395 0.8316
vn -0.5377 0.1394 0.8315
vn -0.5102 0.4254 0.7475
vn -0.7466 0.5097 0.4275
vn -0.8551 0.5097 -0.0945
vn -0.8552 -0.5096 -0.0947
vn -0.7466 -0.5096 0.4277
vn 0.8748 -0.1674 -0.4547
vn 0.8730 0.1642 -0.4593
vn 0.9835 -0.1674 0.0684
vn 0.9837 0.1642 0.0733
vn 0.7466 0.5097 -0.4275
vn 0.8551 0.5097 0.0945
vn 0.7658 0.4254 0.4823
vn 0.8246 0.1394 0.5483
vn 0.8245 -0.1395 0.5484
vn 0.7592 -0.3766 0.5308
vn 0.8552 -0.5096 0.0947
vn 0.7466 -0.5096 -0.4277
vn 0.2829 -0.1492 0.9475
vn 0.3466 0.0841 0.9342
vn 0.1182 -0.1492 0.9817
vn 0.0545 0.0841 0.9950
vn 0.4639 -0.3028 0.8325
vn 0.6055 -0.1213 0.7865
vn 0.4787 0.2234 0.8491
vn 0.4816 0.2848 0.8289
vn 0.3006 0.4328 0.8499
vn 0.0631 0.4328 0.8993
vn -0.1113 0.2848 0.9521
vn -0.1007 0.2234 0.9695
vn -0.2419 -0.1213 0.9627
vn -0.0937 -0.3028 0.9484
vn -0.0297 -0.2959 0.9548
vn 0.4077 -0.2959 0.8638
vn -0.2183 -0.9490 -0.2275
vn 0.1054 -0.9482 -0.2997
vn -0.1096 -0.9490 0.2956
vn 0.2161 -0.9482 0.2329
vn 0.4448 -0.8180 -0.3648
vn 0.5533 -0.8180 0.1573
vn 0.5443 -0.6516 0.5283
vn 0.2799 -0.6957 0.6615
vn 0.0068 -0.6956 0.7184
vn -0.2315 -0.6353 0.7368
vn -0.4446 -0.8180 0.3649
vn -0.5532 -0.8180 -0.1575
vn 0.1096 0.9490 -0.2956
vn -0.2161 0.9482 -0.2329
vn 0.2183 0.9490 0.2275
vn -0.1054 0.9482 0.2997
vn -0.5533 0.8180 -0.1573
vn -0.4448 0.8180 0.3648
vn -0.2887 0.6516 0.7015
vn 0.0069 0.6957 0.7183
vn 0.2801 0.6956 0.6616
vn 0.5059 0.6353 0.5835
vn 0.5532 0.8180 0.1575
vn 0.4447 0.8180 -0.3649
vn 0.8730 -0.1642 0.4593
vn 0.8730 0.1642 0.4593
vn 0.9835 -0.1674 -0.0684
vn 0.9835 0.1674 -0.0684
vn 0.5102 -0.4254 0.7475
vn 0.5376 -0.1395 0.8316
vn 0.5376 0.1395 0.8316
vn 0.5102 0.4254 0.7475
vn 0.7466 0.5097 0.4275
vn 0.8552 0.5096 -0.0947
vn 0.8552 -0.5096 -0.0947
vn 0.7466 -0.5097 0.4275
vn -0.8730 -0.1642 -0.4593
vn -0.8730 0.1642 -0.4593
vn -0.9835 -0.1674 0.0684
vn -0.9835 0.1674 0.0684
vn -0.7466 0.5097 -0.4275
vn -0.8552 0.5096 0.0947
vn -0.7592 0.3766 0.5308
vn -0.8246 0.1394 0.5483
vn -0.8246 -0.1394 0.5483
vn -0.7592 -0.3766 0.5308
vn -0.8552 -0.5096 0.0947
vn -0.7466 -0.5097 -0.4275
vn -0.3466 -0.0841 0.9342
vn -0.3466 0.0841 0.9342
vn -0.1182 -0.1492 0.9817
vn -0.1182 0.1492 0.9817
vn -0.4816 -0.2848 0.8289
vn -0.4787 -0.2234 0.8491
vn -0.4787 0.2234 0.8491
vn -0.4816 0.2848 0.8289
vn -0.3006 0.4328 0.8499
vn 0.0297 0.2959 0.9548
vn 0.0937 0.3028 0.9484
vn 0.2419 0.1213 0.9627
vn 0.2419 -0.1213 0.9627
vn 0.0937 -0.3028 0.9484
vn 0.0297 -0.2959 0.9548
vn -0.3006 -0.4328 0.8499
vn 0.2161 -0.9482 -0.2329
vn -0.1054 -0.9482 -0.2997
vn 0.1095 -0.9490 0.2956
vn -0.2183 -0.9490 0.2275
vn -0.4448 -0.8180 -0.3648
vn -0.5532 -0.8180 0.1575
vn -0.5059 -0.6353 0.5835
vn -0.2799 -0.6957 0.6615
vn -0.0069 -0.6957 0.7183
vn 0.2315 -0.6353 0.7368
vn 0.4446 -0.8180 0.3649
vn 0.5533 -0.8180 -0.1573
vn -0.1054 0.9482 -0.2997
vn 0.2161 0.9482 -0.2329
vn -0.2183 0.9490 0.2275
vn 0.1096 0.9490 0.2956
vn 0.5533 0.8180 -0.1573
vn 0.4447 0.8180 0.3649
vn 0.2315 0.6353 0.7368
vn -0.0069 0.6957 0.7183
vn -0.2799 0.6957 0.6615
vn -0.5059 0.6353 0.5835
vn -0.5532 0.8180 0.1575
vn -0.4448 0.8180 -0.3648
vt 0.125682 0.212623
vt 0.112678 0.199712
vt 0.128197 0.200106
vt 0.105486 0.216568
vt 0.115328 0.213284
vt 0.131864 0.180863
vt 0.087824 0.189488
vt 0.108994 0.180879
vt 0.131273 0.221564
vt 0.135247 0.215680
vt 0.117151 0.222615
vt 0.124957 0.221547
vt 0.103661 0.226962
vt 0.109513 0.224570
vt 0.097768 0.222994
vt 0.098452 0.205917
vt 0.071731 0.205439
vt 0.152821 0.189595
vt 0.141717 0.206085
vt 0.152456 0.286951
vt 0.127532 0.276622
vt 0.141815 0.270430
vt 0.108238 0.295423
vt 0.131159 0.295519
vt 0.134776 0.259739
vt 0.114543 0.263660
vt 0.124900 0.263023
vt 0.087324 0.286575
vt 0.111989 0.276174
vt 0.104991 0.260572
vt 0.108981 0.254703
vt 0.115288 0.254745
vt 0.123071 0.253696
vt 0.130746 0.251711
vt 0.136614 0.249315
vt 0.142521 0.253298
vt 0.152140 0.259788
vt 0.168665 0.270940
vt 0.681340 0.097945
vt 0.786073 0.148831
vt 0.681340 0.185071
vt 0.836959 0.044097
vt 0.749834 0.044097
vt 0.735187 0.253564
vt 0.890807 0.199717
vt 0.822313 0.253564
vt 0.127989 0.243505
vt 0.136618 0.242969
vt 0.121747 0.247098
vt 0.114802 0.246186
vt 0.106637 0.248831
vt 0.111491 0.239858
vt 0.103663 0.233294
vt 0.112248 0.232717
vt 0.118454 0.229260
vt 0.125485 0.230104
vt 0.133640 0.227424
vt 0.128842 0.236362
vt 0.135559 0.235091
vt 0.168822 0.205726
vt 0.158554 0.230652
vt 0.152345 0.216380
vt 0.177451 0.249922
vt 0.177451 0.226969
vt 0.141665 0.223415
vt 0.145588 0.243696
vt 0.144935 0.233291
vt 0.158148 0.246226
vt 0.071430 0.270386
vt 0.081762 0.245559
vt 0.087914 0.259818
vt 0.062979 0.226334
vt 0.062916 0.249177
vt 0.098601 0.252821
vt 0.094712 0.232569
vt 0.095358 0.242947
vt 0.082191 0.230037
vt 0.104737 0.241148
vt 0.098491 0.270141
vt 0.088178 0.216529
vt 0.890807 0.112591
s 0
usemtl Material
f 577/356/810 581/357/810 580/358/810
f 579/359/811 581/357/811 578/360/811
f 581/357/812 583/361/812 580/358/812
f 581/357/813 585/362/813 584/363/813
f 549/364/814 577/356/814 555/365/814
f 557/366/815 577/356/815 556/367/815
f 557/366/816 579/359/816 578/360/816
f 550/368/817 579/359/817 558/369/817
f 559/370/818 582/371/818 579/359/818
f 582/371/819 561/372/819 585/362/819
f 580/358/820 553/373/820 554/374/820
f 555/365/821 580/358/821 554/374/821
f 586/375/822 590/376/822 589/377/822
f 588/378/823 590/376/823 587/379/823
f 590/376/824 592/380/824 589/377/824
f 590/376/825 594/381/825 593/382/825
f 565/383/826 591/384/826 588/378/826
f 591/384/827 567/385/827 594/381/827
f 594/381/828 552/386/828 568/387/828
f 594/381/829 569/388/829 593/382/829
f 592/380/830 569/388/830 570/389/830
f 592/380/831 551/390/831 562/391/831
f 589/377/832 562/391/832 563/392/832
f 564/393/833 589/377/833 563/392/833
f 595/394/834 599/395/834 598/396/834
f 597/397/835 599/395/835 596/398/835
f 599/395/836 601/399/836 598/396/836
f 599/395/837 603/400/837 602/401/837
f 551/390/838 595/402/838 573/403/838
f 570/389/839 596/404/839 595/402/839
f 568/387/840 596/404/840 569/388/840
f 552/386/841 597/405/841 568/387/841
f 574/406/842 600/407/842 597/405/842
f 600/407/843 576/408/843 603/409/843
f 603/409/844 550/368/844 558/369/844
f 602/410/845 558/369/845 557/366/845
f 602/410/846 556/367/846 601/411/846
f 601/411/847 549/364/847 571/412/847
f 598/413/848 571/412/848 572/414/848
f 573/403/849 598/413/849 572/414/849
f 604/415/850 608/416/850 607/417/850
f 606/418/851 608/416/851 605/419/851
f 608/416/852 610/420/852 607/417/852
f 608/416/853 612/421/853 611/422/853
f 564/393/854 609/423/854 606/418/854
f 609/423/855 562/391/855 612/421/855
f 612/421/856 551/390/856 573/403/856
f 612/421/857 572/414/857 611/422/857
f 610/420/858 572/414/858 571/412/858
f 610/420/859 549/364/859 555/365/859
f 607/417/860 555/365/860 554/374/860
f 553/373/861 607/417/861 554/374/861
f 613/424/862 617/425/862 616/426/862
f 615/427/863 617/425/863 614/428/863
f 617/425/864 619/429/864 616/426/864
f 617/425/865 621/430/865 620/431/865
f 561/372/866 618/432/866 615/427/866
f 618/432/867 559/370/867 621/430/867
f 621/430/868 550/368/868 576/408/868
f 621/430/869 575/433/869 620/431/869
f 619/429/870 575/433/870 574/406/870
f 619/429/871 552/386/871 567/385/871
f 616/426/872 567/385/872 566/434/872
f 565/383/873 616/426/873 566/434/873
f 650/356/874 654/357/874 651/360/874
f 654/357/875 652/359/875 651/360/875
f 656/361/876 654/357/876 653/358/876
f 654/357/877 658/362/877 655/371/877
f 622/364/878 650/356/878 629/367/878
f 650/356/879 630/366/879 629/367/879
f 630/366/880 652/359/880 631/369/880
f 652/359/881 623/368/881 631/369/881
f 655/371/882 632/370/882 652/359/882
f 655/371/883 634/372/883 633/435/883
f 626/373/884 653/358/884 627/374/884
f 628/365/885 653/358/885 650/356/885
f 659/375/886 663/376/886 660/379/886
f 663/376/887 661/378/887 660/379/887
f 665/380/888 663/376/888 662/377/888
f 663/376/889 667/381/889 664/384/889
f 664/384/890 638/383/890 661/378/890
f 664/384/891 640/385/891 639/434/891
f 667/381/892 625/386/892 640/385/892
f 642/388/893 667/381/893 666/382/893
f 665/380/894 642/388/894 666/382/894
f 624/390/895 665/380/895 635/391/895
f 635/391/896 662/377/896 636/392/896
f 637/393/897 662/377/897 659/375/897
f 668/394/898 672/395/898 669/398/898
f 672/395/899 670/397/899 669/398/899
f 674/399/900 672/395/900 671/396/900
f 672/395/901 676/400/901 673/436/901
f 624/390/902 668/402/902 643/389/902
f 643/389/903 669/404/903 642/388/903
f 669/404/904 641/387/904 642/388/904
f 670/405/905 625/386/905 641/387/905
f 673/407/906 647/406/906 670/405/906
f 673/407/907 649/408/907 648/433/907
f 676/409/908 623/368/908 649/408/908
f 675/410/909 631/369/909 676/409/909
f 629/367/910 675/410/910 674/411/910
f 622/364/911 674/411/911 644/412/911
f 644/412/912 671/413/912 645/414/912
f 646/403/913 671/413/913 668/402/913
f 677/415/914 681/416/914 678/419/914
f 681/416/915 679/418/915 678/419/915
f 683/420/916 681/416/916 680/417/916
f 681/416/917 685/421/917 682/423/917
f 682/423/918 637/393/918 679/418/918
f 682/423/919 635/391/919 636/392/919
f 685/421/920 624/390/920 635/391/920
f 645/414/921 685/421/921 684/422/921
f 683/420/922 645/414/922 684/422/922
f 622/364/923 683/420/923 628/365/923
f 628/365/924 680/417/924 627/374/924
f 626/373/925 680/417/925 677/415/925
f 686/424/926 690/425/926 687/428/926
f 690/425/927 688/427/927 687/428/927
f 692/429/928 690/425/928 689/426/928
f 690/425/929 694/430/929 691/432/929
f 691/432/930 634/372/930 688/427/930
f 691/432/931 632/370/931 633/435/931
f 694/430/932 623/368/932 632/370/932
f 648/433/933 694/430/933 693/431/933
f 692/429/934 648/433/934 693/431/934
f 625/386/935 692/429/935 640/385/935
f 640/385/936 689/426/936 639/434/936
f 638/383/937 689/426/937 686/424/937
f 577/356/938 578/360/938 581/357/938
f 579/359/939 582/371/939 581/357/939
f 581/357/940 584/363/940 583/361/940
f 581/357/941 582/371/941 585/362/941
f 549/364/942 556/367/942 577/356/942
f 557/366/943 578/360/943 577/356/943
f 557/366/944 558/369/944 579/359/944
f 550/368/945 559/370/945 579/359/945
f 559/370/946 560/435/946 582/371/946
f 582/371/947 560/435/947 561/372/947
f 580/358/948 583/361/948 553/373/948
f 555/365/949 577/356/949 580/358/949
f 586/375/950 587/379/950 590/376/950
f 588/378/951 591/384/951 590/376/951
f 590/376/952 593/382/952 592/380/952
f 590/376/953 591/384/953 594/381/953
f 565/383/954 566/434/954 591/384/954
f 591/384/955 566/434/955 567/385/955
f 594/381/956 567/385/956 552/386/956
f 594/381/957 568/387/957 569/388/957
f 592/380/958 593/382/958 569/388/958
f 592/380/959 570/389/959 551/390/959
f 589/377/960 592/380/960 562/391/960
f 564/393/961 586/375/961 589/377/961
f 595/394/962 596/398/962 599/395/962
f 597/397/963 600/436/963 599/395/963
f 599/395/964 602/401/964 601/399/964
f 599/395/965 600/436/965 603/400/965
f 551/390/966 570/389/966 595/402/966
f 570/389/967 569/388/967 596/404/967
f 568/387/968 597/405/968 596/404/968
f 552/386/969 574/406/969 597/405/969
f 574/406/970 575/433/970 600/407/970
f 600/407/971 575/433/971 576/408/971
f 603/409/972 576/408/972 550/368/972
f 602/410/973 603/409/973 558/369/973
f 602/410/974 557/366/974 556/367/974
f 601/411/975 556/367/975 549/364/975
f 598/413/976 601/411/976 571/412/976
f 573/403/977 595/402/977 598/413/977
f 604/415/978 605/419/978 608/416/978
f 606/418/979 609/423/979 608/416/979
f 608/416/980 611/422/980 610/420/980
f 608/416/981 609/423/981 612/421/981
f 564/393/982 563/392/982 609/423/982
f 609/423/983 563/392/983 562/391/983
f 612/421/984 562/391/984 551/390/984
f 612/421/985 573/403/985 572/414/985
f 610/420/986 611/422/986 572/414/986
f 610/420/987 571/412/987 549/364/987
f 607/417/988 610/420/988 555/365/988
f 553/373/989 604/415/989 607/417/989
f 613/424/990 614/428/990 617/425/990
f 615/427/991 618/432/991 617/425/991
f 617/425/992 620/431/992 619/429/992
f 617/425/993 618/432/993 621/430/993
f 561/372/994 560/435/994 618/432/994
f 618/432/995 560/435/995 559/370/995
f 621/430/996 559/370/996 550/368/996
f 621/430/997 576/408/997 575/433/997
f 619/429/998 620/431/998 575/433/998
f 619/429/999 574/406/999 552/386/999
f 616/426/1000 619/429/1000 567/385/1000
f 565/383/1001 613/424/1001 616/426/1001
f 650/356/1002 653/358/1002 654/357/1002
f 654/357/1003 655/371/1003 652/359/1003
f 656/361/1004 657/363/1004 654/357/1004
f 654/357/1005 657/363/1005 658/362/1005
f 622/364/1006 628/365/1006 650/356/1006
f 650/356/1007 651/360/1007 630/366/1007
f 630/366/1008 651/360/1008 652/359/1008
f 652/359/1009 632/370/1009 623/368/1009
f 655/371/1010 633/435/1010 632/370/1010
f 655/371/1011 658/362/1011 634/372/1011
f 626/373/1012 656/361/1012 653/358/1012
f 628/365/1013 627/374/1013 653/358/1013
f 659/375/1014 662/377/1014 663/376/1014
f 663/376/1015 664/384/1015 661/378/1015
f 665/380/1016 666/382/1016 663/376/1016
f 663/376/1017 666/382/1017 667/381/1017
f 664/384/1018 639/434/1018 638/383/1018
f 664/384/1019 667/381/1019 640/385/1019
f 667/381/1020 641/387/1020 625/386/1020
f 642/388/1021 641/387/1021 667/381/1021
f 665/380/1022 643/389/1022 642/388/1022
f 624/390/1023 643/389/1023 665/380/1023
f 635/391/1024 665/380/1024 662/377/1024
f 637/393/1025 636/392/1025 662/377/1025
f 668/394/1026 671/396/1026 672/395/1026
f 672/395/1027 673/436/1027 670/397/1027
f 674/399/1028 675/401/1028 672/395/1028
f 672/395/1029 675/401/1029 676/400/1029
f 624/390/1030 646/403/1030 668/402/1030
f 643/389/1031 668/402/1031 669/404/1031
f 669/404/1032 670/405/1032 641/387/1032
f 670/405/1033 647/406/1033 625/386/1033
f 673/407/1034 648/433/1034 647/406/1034
f 673/407/1035 676/409/1035 649/408/1035
f 676/409/1036 631/369/1036 623/368/1036
f 675/410/1037 630/366/1037 631/369/1037
f 629/367/1038 630/366/1038 675/410/1038
f 622/364/1039 629/367/1039 674/411/1039
f 644/412/1040 674/411/1040 671/413/1040
f 646/403/1041 645/414/1041 671/413/1041
f 677/415/1042 680/417/1042 681/416/1042
f 681/416/1043 682/423/1043 679/418/1043
f 683/420/1044 684/422/1044 681/416/1044
f 681/416/1045 684/422/1045 685/421/1045
f 682/423/1046 636/392/1046 637/393/1046
f 682/423/1047 685/421/1047 635/391/1047
f 685/421/1048 646/403/1048 624/390/1048
f 645/414/1049 646/403/1049 685/421/1049
f 683/420/1050 644/412/1050 645/414/1050
f 622/364/1051 644/412/1051 683/420/1051
f 628/365/1052 683/420/1052 680/417/1052
f 626/373/1053 627/374/1053 680/417/1053
f 686/424/1054 689/426/1054 690/425/1054
f 690/425/1055 691/432/1055 688/427/1055
f 692/429/1056 693/431/1056 690/425/1056
f 690/425/1057 693/431/1057 694/430/1057
f 691/432/1058 633/435/1058 634/372/1058
f 691/432/1059 694/430/1059 632/370/1059
f 694/430/1060 649/408/1060 623/368/1060
f 648/433/1061 649/408/1061 694/430/1061
f 692/429/1062 647/406/1062 648/433/1062
f 625/386/1063 647/406/1063 692/429/1063
f 640/385/1064 692/429/1064 689/426/1064
f 638/383/1065 639/434/1065 689/426/1065
o Pant
v 0.128711 0.355903 0.071415
v 0.128711 0.355903 -0.071415
v -0.000000 0.355903 -0.084479
v -0.000000 0.355903 0.081691
v 0.145363 0.355903 0.000000
v 0.128711 0.398032 -0.061249
v 0.128711 0.398032 0.061249
v -0.000000 0.396269 0.081072
v -0.000000 0.396269 -0.071415
v 0.145363 0.398984 0.000000
v 0.076759 0.355903 0.071415
v 0.076759 0.355903 -0.071415
v 0.076759 0.397320 -0.065352
v 0.076759 0.397320 0.069250
v 0.132038 0.398078 -0.065294
v 0.131791 0.355903 -0.075649
v 0.155967 0.355903 0.000000
v 0.132111 0.398068 0.065235
v 0.131873 0.355903 0.075591
v 0.076940 0.355903 0.081530
v 0.076787 0.355903 -0.076655
v -0.000000 0.355903 -0.089718
v -0.000000 0.355903 0.087149
v -0.000000 0.396188 0.086529
v -0.000000 0.396255 -0.076654
v 0.155967 0.398997 0.000000
v 0.076809 0.397348 -0.070592
v 0.076968 0.397307 0.074487
v 0.151100 0.313210 0.000033
v 0.132635 0.313210 -0.077263
v 0.076404 0.313210 0.077330
v 0.132635 0.313210 0.077330
v 0.076404 0.313210 -0.077263
v -0.000000 0.313210 -0.091404
v -0.000000 0.313210 0.088453
v 0.162136 0.313210 0.000033
v 0.135968 0.313210 -0.081847
v 0.076600 0.313210 0.087876
v 0.136057 0.313210 0.081850
v 0.076434 0.313210 -0.082935
v -0.000000 0.313210 -0.097075
v -0.000000 0.313210 0.094341
v 0.164018 0.233308 0.000110
v 0.141363 0.233308 -0.090775
v 0.075248 0.233308 0.090995
v 0.141363 0.233308 0.090995
v 0.075248 0.233308 -0.090775
v -0.000000 0.215131 -0.107401
v -0.000000 0.160093 0.104073
v 0.176051 0.233308 0.000110
v 0.145283 0.233308 -0.096164
v 0.075478 0.233308 0.097659
v 0.145387 0.233308 0.096309
v 0.075283 0.233308 -0.097443
v -0.000000 0.215131 -0.114069
v -0.000000 0.160093 0.110726
v 0.128711 0.471738 -0.061249
v 0.145363 0.472690 0.000000
v 0.076759 0.471026 -0.065352
v 0.128711 0.471738 0.061249
v 0.076759 0.471026 0.069250
v -0.000000 0.469975 0.081072
v -0.000000 0.469975 -0.071415
v 0.132038 0.471784 -0.065294
v 0.155967 0.472703 0.000000
v 0.076809 0.471054 -0.070592
v 0.132111 0.471774 0.065235
v 0.076968 0.471013 0.074487
v -0.000000 0.469894 0.086299
v -0.000000 0.469961 -0.076654
v 0.073442 0.518791 -0.068729
v 0.106793 0.519502 -0.064409
v 0.073442 0.518791 0.072983
v -0.000000 0.517740 0.085428
v -0.000000 0.517740 -0.075111
v 0.106793 0.519502 0.064559
v 0.073473 0.518819 -0.074245
v 0.108928 0.519548 -0.068667
v 0.073576 0.518778 0.078496
v -0.000000 0.517658 0.090932
v -0.000000 0.517726 -0.080627
v 0.108975 0.519539 0.068755
v 0.073442 0.557309 -0.068729
v 0.106793 0.558021 -0.064409
v 0.106793 0.559506 0.067884
v 0.073442 0.558795 0.076307
v 0.073473 0.557337 -0.074245
v 0.108928 0.558067 -0.068667
v 0.108975 0.559542 0.072079
v 0.073576 0.558782 0.081820
v 0.073040 0.581834 -0.069040
v 0.106391 0.579167 -0.065568
v 0.106391 0.576839 0.066248
v 0.073040 0.582205 0.072780
v 0.073072 0.585879 -0.072790
v 0.108526 0.582307 -0.068445
v 0.108573 0.579792 0.069229
v 0.073174 0.586041 0.076740
v 0.108830 0.601029 0.000218
v 0.111313 0.604532 0.000278
v 0.070572 0.610179 0.002098
v 0.070477 0.605648 0.001977
v -0.128711 0.355903 0.071415
v -0.128711 0.355903 -0.071415
v -0.145363 0.355903 0.000000
v -0.128711 0.398032 -0.061249
v -0.128711 0.398032 0.061249
v -0.145363 0.398984 0.000000
v -0.076759 0.355903 0.071415
v -0.076759 0.355903 -0.071415
v -0.076759 0.397320 -0.065352
v -0.076759 0.397320 0.069250
v -0.132038 0.398078 -0.065294
v -0.131791 0.355903 -0.075649
v -0.155967 0.355903 0.000000
v -0.132111 0.398068 0.065235
v -0.131873 0.355903 0.075591
v -0.076940 0.355903 0.081530
v -0.076787 0.355903 -0.076655
v -0.155967 0.398997 0.000000
v -0.076809 0.397348 -0.070592
v -0.076968 0.397307 0.074487
v -0.151100 0.313210 0.000033
v -0.132635 0.313210 -0.077263
v -0.076404 0.313210 0.077330
v -0.132635 0.313210 0.077330
v -0.076404 0.313210 -0.077263
v -0.162136 0.313210 0.000033
v -0.135968 0.313210 -0.081847
v -0.076600 0.313210 0.087876
v -0.136057 0.313210 0.081850
v -0.076434 0.313210 -0.082935
v -0.164018 0.233308 0.000110
v -0.141363 0.233308 -0.090775
v -0.075248 0.233308 0.090995
v -0.141363 0.233308 0.090995
v -0.075248 0.233308 -0.090775
v -0.176051 0.233308 0.000110
v -0.145283 0.233308 -0.096164
v -0.075478 0.233308 0.097659
v -0.145387 0.233308 0.096309
v -0.075283 0.233308 -0.097443
v -0.128711 0.471738 -0.061249
v -0.145363 0.472690 0.000000
v -0.076759 0.471026 -0.065352
v -0.128711 0.471738 0.061249
v -0.076759 0.471026 0.069250
v -0.132038 0.471784 -0.065294
v -0.155967 0.472703 0.000000
v -0.076809 0.471054 -0.070592
v -0.132111 0.471774 0.065235
v -0.076968 0.471013 0.074487
v -0.073442 0.518791 -0.068729
v -0.106793 0.519502 -0.064409
v -0.073442 0.518791 0.072983
v -0.106793 0.519502 0.064559
v -0.073473 0.518819 -0.074245
v -0.108928 0.519548 -0.068667
v -0.073576 0.518778 0.078496
v -0.108975 0.519539 0.068755
v -0.073442 0.557309 -0.068729
v -0.106793 0.558021 -0.064409
v -0.106793 0.559506 0.067884
v -0.073442 0.558795 0.076307
v -0.073473 0.557337 -0.074245
v -0.108928 0.558067 -0.068667
v -0.108975 0.559542 0.072079
v -0.073576 0.558782 0.081820
v -0.073040 0.581834 -0.069040
v -0.106391 0.579167 -0.065568
v -0.106391 0.576839 0.066248
v -0.073040 0.582205 0.072780
v -0.073072 0.585879 -0.072790
v -0.108526 0.582307 -0.068445
v -0.108573 0.579792 0.069229
v -0.073174 0.586041 0.076740
v -0.108830 0.601029 0.000218
v -0.111313 0.604532 0.000278
v -0.070572 0.610179 0.002098
v -0.070477 0.605648 0.001977
vn -0.9724 -0.0547 0.2267
vn -0.0000 -0.1448 0.9895
vn -0.9650 -0.0000 -0.2624
vn -0.1513 -0.0516 -0.9871
vn -0.1449 -0.2321 -0.9618
vn -0.1598 -0.3040 0.9392
vn 0.9503 0.0690 -0.3037
vn 0.0181 0.1447 -0.9893
vn 0.9505 0.0690 0.3030
vn 0.0728 0.0153 0.9972
vn 0.1060 0.1667 0.9803
vn 0.1598 0.3041 -0.9392
vn -0.0787 -0.0000 0.9969
vn 0.9438 0.1366 0.3008
vn -0.9650 -0.0000 0.2624
vn 0.0181 0.1454 -0.9892
vn -0.0000 -0.1372 -0.9905
vn 0.0721 0.1461 0.9866
vn 0.1545 0.0031 0.9880
vn -0.9657 -0.1296 0.2252
vn -0.1522 -0.0000 -0.9883
vn 0.9392 -0.0000 0.3435
vn 0.1794 0.1671 -0.9695
vn -0.9599 -0.1458 -0.2393
vn 0.0835 0.1199 0.9893
vn -0.1796 -0.1615 0.9704
vn 0.9399 0.1640 0.2996
vn -0.0000 -0.1686 -0.9857
vn 0.1737 0.1681 -0.9703
vn -0.1663 -0.1325 0.9771
vn 0.9437 0.1361 -0.3016
vn -0.1423 -0.1548 -0.9776
vn -0.0000 -0.1357 0.9907
vn -0.9655 -0.1207 -0.2307
vn 0.0996 0.1539 0.9831
vn 0.2346 -0.9721 0.0012
vn 0.6963 -0.7178 -0.0000
vn -0.0000 -1.0000 -0.0000
vn 0.0180 0.1784 -0.9838
vn -0.0740 -0.1012 -0.9921
vn -0.0000 -0.1667 0.9860
vn 0.9397 0.1634 -0.3003
vn 0.0190 0.1802 0.9834
vn -0.9609 -0.1551 0.2295
vn -0.0013 0.9999 0.0152
vn -0.1528 0.0664 -0.9860
vn 0.1673 -0.0952 0.9813
vn 0.7008 0.3838 -0.6013
vn -0.0214 0.9998 -0.0062
vn -0.1522 -0.0014 -0.9884
vn 0.0787 -0.0000 -0.9969
vn 0.1655 -0.0000 0.9862
vn 0.9389 -0.0000 -0.3441
vn 0.0955 -0.0000 -0.9954
vn -0.0138 0.9999 0.0027
vn -0.0147 0.9999 -0.0025
vn -0.9997 -0.0020 0.0243
vn -0.2457 0.0803 -0.9660
vn 0.0795 -0.0705 -0.9943
vn 0.0958 -0.0239 -0.9951
vn -0.0874 0.0769 0.9932
vn 0.2660 -0.0618 0.9620
vn 0.8167 0.4021 0.4139
vn -0.1295 0.0610 0.9897
vn -0.2418 -0.0967 -0.9655
vn 0.2346 0.1814 0.9550
vn 0.8864 0.0383 -0.4614
vn 0.1554 -0.0000 -0.9879
vn 0.8939 -0.0000 0.4483
vn -1.0000 -0.0000 -0.0058
vn -0.1284 -0.0000 0.9917
vn 0.2661 -0.0798 0.9606
vn 0.2261 0.9291 0.2926
vn -0.9989 0.0199 0.0428
vn -0.9997 -0.0129 -0.0224
vn 0.8331 -0.0608 -0.5497
vn 0.1552 0.0116 -0.9878
vn -0.1027 0.0110 0.9947
vn 0.8929 0.0415 0.4483
vn -0.9996 -0.0135 0.0243
vn 0.8592 -0.4915 -0.1422
vn -0.1278 -0.9297 -0.3453
vn 0.8686 -0.4807 0.1202
vn 0.1321 0.9441 -0.3019
vn -0.9988 0.0222 -0.0435
vn -0.1083 -0.9422 0.3171
vn 0.9724 -0.0547 0.2267
vn 0.9724 -0.0547 -0.2267
vn 0.1327 -0.0152 -0.9910
vn -0.0000 -0.0522 -0.9986
vn 0.1598 -0.3040 0.9392
vn -0.9503 0.0690 -0.3037
vn -0.0181 0.1447 -0.9893
vn -0.9392 -0.0000 0.3435
vn -0.1501 0.1657 0.9747
vn -0.1577 0.2347 0.9592
vn -0.1598 0.3041 -0.9392
vn 0.0787 -0.0000 0.9969
vn -0.9438 0.1366 0.3008
vn 0.9650 -0.0000 0.2624
vn -0.0181 0.1454 -0.9892
vn -0.0721 0.1461 0.9866
vn -0.1545 0.0031 0.9880
vn 0.9657 -0.1296 0.2252
vn 0.1522 -0.0000 -0.9883
vn -0.1660 0.1422 -0.9758
vn 0.9608 -0.1555 -0.2295
vn -0.0835 0.1199 0.9893
vn 0.1796 -0.1615 0.9704
vn -0.9399 0.1640 0.2996
vn -0.1792 0.1733 -0.9684
vn 0.1663 -0.1325 0.9771
vn -0.9437 0.1361 -0.3016
vn 0.1315 -0.1350 -0.9821
vn 0.9656 -0.1299 -0.2252
vn -0.1064 0.1454 0.9836
vn -0.2346 -0.9721 0.0012
vn -0.6950 -0.7186 -0.0240
vn -0.0180 0.1784 -0.9838
vn 0.1421 -0.1649 -0.9760
vn -0.9397 0.1634 -0.3003
vn -0.1001 0.1195 0.9878
vn 0.9609 -0.1551 0.2295
vn 0.0013 0.9999 0.0152
vn 0.1528 0.0664 -0.9860
vn -0.1523 -0.0719 0.9857
vn -0.7008 0.3838 -0.6013
vn 0.0013 0.9999 -0.0152
vn 0.1522 -0.0014 -0.9884
vn 0.9650 -0.0000 -0.2624
vn -0.0787 -0.0000 -0.9969
vn -0.1655 -0.0000 0.9862
vn -0.9389 -0.0000 -0.3441
vn -0.0955 -0.0000 -0.9954
vn 0.0138 0.9999 0.0027
vn 0.0147 0.9999 0.0050
vn 0.9997 -0.0020 0.0243
vn 0.2457 0.0803 -0.9660
vn -0.0795 -0.0705 -0.9943
vn -0.0958 -0.0239 -0.9951
vn 0.0794 0.0648 0.9947
vn -0.1654 0.0074 0.9862
vn -0.7105 0.3853 0.5888
vn 0.0791 0.0296 0.9964
vn 0.2418 -0.0967 -0.9655
vn -0.2599 0.1396 0.9555
vn -0.8864 0.0383 -0.4614
vn -0.1554 -0.0000 -0.9879
vn -0.8939 -0.0000 0.4483
vn 1.0000 -0.0000 -0.0058
vn 0.1284 -0.0000 0.9917
vn -0.2661 -0.0798 0.9606
vn -0.2261 0.9291 0.2926
vn 0.9994 -0.0008 0.0346
vn 0.9998 -0.0165 -0.0059
vn -0.8870 -0.0230 -0.4612
vn -0.1552 0.0116 -0.9878
vn 0.1294 0.0518 0.9902
vn -0.8929 0.0415 0.4483
vn 0.9996 -0.0135 0.0243
vn -0.8592 -0.4915 -0.1422
vn 0.2086 -0.9307 -0.3006
vn -0.8040 -0.5726 0.1605
vn -0.1169 0.9436 -0.3099
vn 0.9988 0.0222 -0.0435
vn 0.0994 -0.9445 0.3131
vn -0.0734 -0.2339 0.9695
vn -0.9724 -0.0547 -0.2267
vn -0.1327 -0.0152 -0.9910
vn -0.0759 -0.1444 0.9866
vn 0.0897 0.2370 -0.9674
vn 0.1501 0.1657 0.9747
vn 0.1577 0.2347 0.9592
vn 0.0758 0.1443 -0.9866
vn 0.0829 0.1655 0.9827
vn 0.1517 -0.0000 0.9884
vn -0.9656 -0.1203 0.2307
vn 0.1660 0.1422 -0.9758
vn -0.9608 -0.1555 -0.2295
vn 0.0688 0.1061 0.9920
vn -0.1764 -0.1585 0.9715
vn 0.1792 0.1733 -0.9684
vn -0.1797 -0.1575 0.9710
vn -0.1315 -0.1350 -0.9821
vn -0.9656 -0.1299 -0.2252
vn 0.1064 0.1454 0.9836
vn 0.2347 -0.9721 -0.0000
vn 0.6950 -0.7186 -0.0240
vn -0.1421 -0.1649 -0.9760
vn 0.1001 0.1195 0.9878
vn -0.9600 -0.1453 0.2393
vn -0.0192 0.9998 0.0072
vn -0.1677 0.0895 -0.9818
vn 0.1523 -0.0719 0.9857
vn 0.8110 0.4016 -0.4253
vn -0.0013 0.9999 -0.0152
vn -0.2456 0.0585 -0.9676
vn -0.0127 0.9998 0.0149
vn -0.0147 0.9999 0.0050
vn 0.0875 -0.0826 -0.9927
vn 0.1564 -0.0645 -0.9856
vn -0.0794 0.0648 0.9947
vn 0.1654 0.0074 0.9862
vn 0.7105 0.3853 0.5888
vn -0.0791 0.0296 0.9964
vn -0.2131 -0.1491 -0.9656
vn 0.2599 0.1396 0.9555
vn 0.1440 0.9296 0.3393
vn -0.9994 -0.0008 0.0346
vn -0.9998 -0.0165 -0.0058
vn 0.8870 -0.0230 -0.4612
vn 0.1267 0.0523 -0.9906
vn -0.1294 0.0518 0.9902
vn 0.7989 0.0077 0.6014
vn -0.9991 -0.0071 0.0408
vn 0.8043 -0.5670 -0.1780
vn -0.2086 -0.9307 -0.3006
vn 0.8040 -0.5726 0.1605
vn 0.1169 0.9436 -0.3099
vn -0.9995 -0.0177 -0.0276
vn -0.0994 -0.9445 0.3131
vn 0.0734 -0.2339 0.9695
vn 0.1513 -0.0516 -0.9871
vn 0.1449 -0.2321 -0.9618
vn 0.0759 -0.1444 0.9866
vn -0.0897 0.2370 -0.9674
vn -0.9505 0.0690 0.3030
vn -0.0728 0.0153 0.9972
vn -0.1060 0.1667 0.9803
vn -0.0758 0.1443 -0.9866
vn -0.0829 0.1655 0.9827
vn -0.1517 -0.0000 0.9884
vn 0.9656 -0.1203 0.2307
vn -0.1794 0.1671 -0.9695
vn 0.9599 -0.1458 -0.2393
vn -0.0688 0.1061 0.9920
vn 0.1764 -0.1585 0.9715
vn -0.1737 0.1681 -0.9703
vn 0.1797 -0.1575 0.9710
vn 0.1423 -0.1548 -0.9776
vn 0.9655 -0.1207 -0.2307
vn -0.0996 0.1539 0.9831
vn -0.2347 -0.9721 -0.0000
vn -0.6963 -0.7178 -0.0000
vn 0.0740 -0.1012 -0.9921
vn -0.0190 0.1802 0.9834
vn 0.9600 -0.1453 0.2393
vn 0.0192 0.9998 0.0072
vn 0.1677 0.0895 -0.9818
vn -0.1673 -0.0952 0.9813
vn -0.8110 0.4016 -0.4253
vn 0.0214 0.9998 -0.0062
vn 0.2456 0.0585 -0.9676
vn 0.0127 0.9998 0.0149
vn 0.0147 0.9999 -0.0025
vn -0.0875 -0.0826 -0.9927
vn -0.1564 -0.0645 -0.9856
vn 0.0874 0.0769 0.9932
vn -0.2660 -0.0618 0.9620
vn -0.8167 0.4021 0.4139
vn 0.1295 0.0610 0.9897
vn 0.2131 -0.1491 -0.9656
vn -0.2346 0.1814 0.9550
vn -0.1440 0.9296 0.3393
vn 0.9989 0.0199 0.0428
vn 0.9997 -0.0129 -0.0224
vn -0.8331 -0.0608 -0.5497
vn -0.1267 0.0523 -0.9906
vn 0.1027 0.0110 0.9947
vn -0.7989 0.0077 0.6014
vn 0.9991 -0.0071 0.0407
vn -0.8043 -0.5670 -0.1780
vn 0.1278 -0.9297 -0.3453
vn -0.8686 -0.4807 0.1202
vn -0.1321 0.9441 -0.3019
vn 0.9995 -0.0177 -0.0276
vn 0.1083 -0.9422 0.3171
vt 0.162881 0.367691
vt 0.237161 0.430562
vt 0.235078 0.365383
vt 0.266302 0.429630
vt 0.264219 0.364452
vt 0.092768 0.435178
vt 0.164965 0.432870
vt 0.061544 0.370931
vt 0.020572 0.437485
vt 0.063628 0.436109
vt 0.090685 0.369999
vt 0.309358 0.428254
vt 0.307084 0.363110
vt 0.019129 0.371947
vt 0.164965 0.432870
vt 0.164965 0.432870
s 0
usemtl Material
f 699/437/1066 700/438/1066 696/439/1066
f 696/439/1067 707/440/1067 706/441/1067
f 699/437/1068 701/442/1068 704/443/1068
f 705/444/1069 702/445/1069 708/446/1069
f 695/447/1070 708/446/1070 701/442/1070
f 706/441/1071 703/448/1071 697/449/1071
f 709/438/1072 711/437/1072 710/439/1072
f 721/440/1073 710/439/1073 715/441/1073
f 711/437/1074 712/442/1074 713/447/1074
f 714/444/1075 718/445/1075 717/450/1075
f 713/447/1076 722/446/1076 714/444/1076
f 719/448/1077 715/441/1077 716/449/1077
f 700/438/1078 753/440/1078 707/440/1078
f 713/447/1079 730/437/1079 711/437/1079
f 704/443/1080 751/438/1080 700/438/1080
f 710/439/1081 734/441/1081 715/441/1081
f 695/447/1082 725/444/1082 705/444/1082
f 717/450/1083 732/444/1083 714/444/1083
f 722/446/1084 763/445/1084 718/445/1084
f 696/439/1085 723/437/1085 699/437/1085
f 701/442/1086 755/446/1086 754/442/1086
f 720/443/1087 761/442/1087 712/442/1087
f 707/440/1078 757/448/1078 703/448/1078
f 716/449/1088 734/441/1088 735/449/1088
f 726/447/1089 737/437/1089 740/447/1089
f 736/450/1090 746/444/1090 732/444/1090
f 728/449/1091 741/441/1091 727/441/1091
f 733/447/1092 744/437/1092 730/437/1092
f 726/447/1093 739/444/1093 725/444/1093
f 735/449/1094 748/441/1094 749/449/1094
f 697/449/1095 727/441/1095 706/441/1095
f 710/439/1096 730/437/1096 731/439/1096
f 698/450/1097 725/444/1097 729/450/1097
f 696/439/1098 727/441/1098 724/439/1098
f 695/447/1099 723/437/1099 726/447/1099
f 713/447/1100 732/444/1100 733/447/1100
f 742/449/1101 748/441/1101 741/441/1101
f 743/450/1102 746/444/1102 750/450/1102
f 738/439/1103 748/441/1103 745/439/1103
f 740/447/1103 744/437/1103 747/447/1103
f 738/439/1103 744/437/1103 737/437/1103
f 740/447/1103 746/444/1103 739/444/1103
f 731/439/1104 748/441/1104 734/441/1104
f 729/450/1105 739/444/1105 743/450/1105
f 724/439/1106 741/441/1106 738/439/1106
f 731/439/1107 744/437/1107 745/439/1107
f 733/447/1108 746/444/1108 747/447/1108
f 724/439/1109 737/437/1109 723/437/1109
f 754/442/1110 759/443/1110 752/443/1110
f 756/445/1111 767/446/1111 755/446/1111
f 763/445/1112 773/446/1112 774/445/1112
f 754/442/1113 776/442/1113 761/442/1113
f 751/438/1114 759/443/1114 758/438/1114
f 755/446/1115 770/442/1115 754/442/1115
f 704/443/1068 754/442/1068 752/443/1068
f 721/440/1116 764/448/1116 760/440/1116
f 708/446/1086 756/445/1086 755/446/1086
f 712/442/1117 762/446/1117 722/446/1117
f 720/443/1118 758/438/1118 759/443/1118
f 709/438/1119 760/440/1119 758/438/1119
f 768/445/1120 773/446/1120 767/446/1120
f 769/448/1121 771/440/1121 775/448/1121
f 773/446/1122 780/446/1122 767/446/1122
f 770/442/1123 780/446/1123 779/442/1123
f 764/448/1124 771/440/1124 760/440/1124
f 760/440/1125 772/438/1125 758/438/1125
f 757/448/1126 765/440/1126 769/448/1126
f 762/446/1127 776/442/1127 773/446/1127
f 751/438/1128 772/438/1128 766/438/1128
f 753/440/1129 766/438/1129 765/440/1129
f 780/446/1130 787/442/1130 779/442/1130
f 784/446/1131 791/442/1131 792/446/1131
f 776/442/1132 779/442/1132 783/442/1132
f 772/438/1133 781/440/1133 782/438/1133
f 772/438/1134 778/438/1134 766/438/1134
f 771/440/1135 777/440/1135 781/440/1135
f 766/438/1136 777/440/1136 765/440/1136
f 773/446/1137 783/442/1137 784/446/1137
f 791/442/1138 795/451/1138 792/446/1138
f 788/446/1139 795/451/1139 796/451/1139
f 781/440/1140 785/440/1140 789/440/1140
f 783/442/1141 787/442/1141 791/442/1141
f 781/440/1142 790/438/1142 782/438/1142
f 777/440/1143 786/438/1143 785/440/1143
f 782/438/1144 786/438/1144 778/438/1144
f 784/446/1145 788/446/1145 780/446/1145
f 787/442/1146 794/452/1146 791/442/1146
f 787/442/1147 796/451/1147 793/452/1147
f 794/452/1148 786/438/1148 790/438/1148
f 795/451/1149 790/438/1149 789/440/1149
f 795/451/1150 785/440/1150 796/451/1150
f 793/452/1151 785/440/1151 786/438/1151
f 800/438/1152 799/437/1152 798/439/1152
f 805/440/1067 798/439/1067 804/441/1067
f 799/437/1153 801/442/1153 797/447/1153
f 803/444/1154 702/445/1154 698/450/1154
f 797/447/1155 806/446/1155 803/444/1155
f 703/448/1156 804/441/1156 697/449/1156
f 809/437/1157 807/438/1157 808/439/1157
f 808/439/1158 815/440/1158 813/441/1158
f 809/437/1159 810/442/1159 814/443/1159
f 812/444/1160 718/445/1160 816/446/1160
f 811/447/1161 816/446/1161 810/442/1161
f 813/441/1162 719/448/1162 716/449/1162
f 839/440/1163 800/438/1163 805/440/1163
f 822/437/1164 811/447/1164 809/437/1164
f 837/438/1165 802/443/1165 800/438/1165
f 826/441/1166 808/439/1166 813/441/1166
f 819/444/1082 797/447/1082 803/444/1082
f 824/444/1167 717/450/1167 812/444/1167
f 763/445/1168 816/446/1168 718/445/1168
f 817/437/1169 798/439/1169 799/437/1169
f 801/442/1170 841/446/1170 806/446/1170
f 845/442/1159 814/443/1159 810/442/1159
f 757/448/1163 805/440/1163 703/448/1163
f 716/449/1171 826/441/1171 813/441/1171
f 820/447/1172 827/437/1172 817/437/1172
f 834/444/1173 736/450/1173 824/444/1173
f 831/441/1174 728/449/1174 821/441/1174
f 832/437/1175 825/447/1175 822/437/1175
f 829/444/1093 820/447/1093 819/444/1093
f 735/449/1176 836/441/1176 826/441/1176
f 821/441/1177 697/449/1177 804/441/1177
f 808/439/1178 822/437/1178 809/437/1178
f 698/450/1179 819/444/1179 803/444/1179
f 798/439/1098 821/441/1098 804/441/1098
f 797/447/1180 817/437/1180 799/437/1180
f 811/447/1181 824/444/1181 812/444/1181
f 836/441/1182 742/449/1182 831/441/1182
f 743/450/1183 834/444/1183 829/444/1183
f 828/439/1103 836/441/1103 831/441/1103
f 830/447/1103 832/437/1103 827/437/1103
f 832/437/1103 828/439/1103 827/437/1103
f 834/444/1103 830/447/1103 829/444/1103
f 836/441/1184 823/439/1184 826/441/1184
f 729/450/1185 829/444/1185 819/444/1185
f 818/439/1106 831/441/1106 821/441/1106
f 823/439/1186 832/437/1186 822/437/1186
f 825/447/1187 834/444/1187 824/444/1187
f 827/437/1188 818/439/1188 817/437/1188
f 843/443/1189 840/442/1189 838/443/1189
f 849/446/1190 756/445/1190 841/446/1190
f 763/445/1191 853/446/1191 846/446/1191
f 854/442/1192 840/442/1192 845/442/1192
f 837/438/1193 843/443/1193 838/443/1193
f 850/442/1194 841/446/1194 840/442/1194
f 802/443/1195 840/442/1195 801/442/1195
f 815/440/1196 764/448/1196 719/448/1196
f 806/446/1170 756/445/1170 702/445/1170
f 846/446/1197 810/442/1197 816/446/1197
f 814/443/1198 842/438/1198 807/438/1198
f 807/438/1199 844/440/1199 815/440/1199
f 853/446/1200 768/445/1200 849/446/1200
f 769/448/1201 851/440/1201 847/440/1201
f 858/446/1202 853/446/1202 849/446/1202
f 850/442/1203 858/446/1203 849/446/1203
f 851/440/1204 764/448/1204 844/440/1204
f 852/438/1205 844/440/1205 842/438/1205
f 757/448/1206 847/440/1206 839/440/1206
f 846/446/1207 854/442/1207 845/442/1207
f 837/438/1208 852/438/1208 842/438/1208
f 839/440/1209 848/438/1209 837/438/1209
f 865/442/1210 858/446/1210 857/442/1210
f 862/446/1211 869/442/1211 861/442/1211
f 854/442/1212 857/442/1212 850/442/1212
f 852/438/1213 859/440/1213 851/440/1213
f 856/438/1214 852/438/1214 848/438/1214
f 851/440/1215 855/440/1215 847/440/1215
f 855/440/1216 848/438/1216 847/440/1216
f 853/446/1217 861/442/1217 854/442/1217
f 873/451/1218 869/442/1218 870/446/1218
f 866/446/1219 873/451/1219 870/446/1219
f 859/440/1220 863/440/1220 855/440/1220
f 861/442/1221 865/442/1221 857/442/1221
f 868/438/1222 859/440/1222 860/438/1222
f 855/440/1223 864/438/1223 856/438/1223
f 864/438/1224 860/438/1224 856/438/1224
f 866/446/1225 862/446/1225 858/446/1225
f 872/452/1226 865/442/1226 869/442/1226
f 865/442/1227 874/451/1227 866/446/1227
f 872/452/1228 864/438/1228 871/452/1228
f 873/451/1229 868/438/1229 872/452/1229
f 863/440/1230 873/451/1230 874/451/1230
f 871/452/1231 863/440/1231 874/451/1231
f 699/437/1080 704/443/1080 700/438/1080
f 696/439/1232 700/438/1232 707/440/1232
f 699/437/1233 695/447/1233 701/442/1233
f 705/444/1234 698/450/1234 702/445/1234
f 695/447/1155 705/444/1155 708/446/1155
f 706/441/1235 707/440/1235 703/448/1235
f 709/438/1118 720/443/1118 711/437/1118
f 721/440/1236 709/438/1236 710/439/1236
f 711/437/1087 720/443/1087 712/442/1087
f 714/444/1237 722/446/1237 718/445/1237
f 713/447/1238 712/442/1238 722/446/1238
f 719/448/1239 721/440/1239 715/441/1239
f 700/438/1078 751/438/1078 753/440/1078
f 713/447/1079 733/447/1079 730/437/1079
f 704/443/1080 752/443/1080 751/438/1080
f 710/439/1081 731/439/1081 734/441/1081
f 695/447/1082 726/447/1082 725/444/1082
f 717/450/1240 736/450/1240 732/444/1240
f 722/446/1241 762/446/1241 763/445/1241
f 696/439/1242 724/439/1242 723/437/1242
f 701/442/1086 708/446/1086 755/446/1086
f 720/443/1087 759/443/1087 761/442/1087
f 707/440/1078 753/440/1078 757/448/1078
f 716/449/1243 715/441/1243 734/441/1243
f 726/447/1244 723/437/1244 737/437/1244
f 736/450/1245 750/450/1245 746/444/1245
f 728/449/1246 742/449/1246 741/441/1246
f 733/447/1092 747/447/1092 744/437/1092
f 726/447/1093 740/447/1093 739/444/1093
f 735/449/1247 734/441/1247 748/441/1247
f 697/449/1248 728/449/1248 727/441/1248
f 710/439/1096 711/437/1096 730/437/1096
f 698/450/1249 705/444/1249 725/444/1249
f 696/439/1098 706/441/1098 727/441/1098
f 695/447/1250 699/437/1250 723/437/1250
f 713/447/1251 714/444/1251 732/444/1251
f 742/449/1252 749/449/1252 748/441/1252
f 743/450/1253 739/444/1253 746/444/1253
f 738/439/1103 741/441/1103 748/441/1103
f 740/447/1103 737/437/1103 744/437/1103
f 738/439/1103 745/439/1103 744/437/1103
f 740/447/1103 747/447/1103 746/444/1103
f 731/439/1104 745/439/1104 748/441/1104
f 729/450/1254 725/444/1254 739/444/1254
f 724/439/1106 727/441/1106 741/441/1106
f 731/439/1107 730/437/1107 744/437/1107
f 733/447/1255 732/444/1255 746/444/1255
f 724/439/1256 738/439/1256 737/437/1256
f 754/442/1257 761/442/1257 759/443/1257
f 756/445/1258 768/445/1258 767/446/1258
f 763/445/1259 762/446/1259 773/446/1259
f 754/442/1260 770/442/1260 776/442/1260
f 751/438/1261 752/443/1261 759/443/1261
f 755/446/1262 767/446/1262 770/442/1262
f 704/443/1068 701/442/1068 754/442/1068
f 721/440/1116 719/448/1116 764/448/1116
f 708/446/1086 702/445/1086 756/445/1086
f 712/442/1117 761/442/1117 762/446/1117
f 720/443/1118 709/438/1118 758/438/1118
f 709/438/1119 721/440/1119 760/440/1119
f 768/445/1263 774/445/1263 773/446/1263
f 769/448/1264 765/440/1264 771/440/1264
f 773/446/1122 784/446/1122 780/446/1122
f 770/442/1123 767/446/1123 780/446/1123
f 764/448/1265 775/448/1265 771/440/1265
f 760/440/1266 771/440/1266 772/438/1266
f 757/448/1267 753/440/1267 765/440/1267
f 762/446/1268 761/442/1268 776/442/1268
f 751/438/1269 758/438/1269 772/438/1269
f 753/440/1270 751/438/1270 766/438/1270
f 780/446/1271 788/446/1271 787/442/1271
f 784/446/1272 783/442/1272 791/442/1272
f 776/442/1132 770/442/1132 779/442/1132
f 772/438/1133 771/440/1133 781/440/1133
f 772/438/1134 782/438/1134 778/438/1134
f 771/440/1135 765/440/1135 777/440/1135
f 766/438/1136 778/438/1136 777/440/1136
f 773/446/1137 776/442/1137 783/442/1137
f 791/442/1273 794/452/1273 795/451/1273
f 788/446/1274 792/446/1274 795/451/1274
f 781/440/1275 777/440/1275 785/440/1275
f 783/442/1276 779/442/1276 787/442/1276
f 781/440/1277 789/440/1277 790/438/1277
f 777/440/1278 778/438/1278 786/438/1278
f 782/438/1279 790/438/1279 786/438/1279
f 784/446/1280 792/446/1280 788/446/1280
f 787/442/1281 793/452/1281 794/452/1281
f 787/442/1282 788/446/1282 796/451/1282
f 794/452/1283 793/452/1283 786/438/1283
f 795/451/1284 794/452/1284 790/438/1284
f 795/451/1285 789/440/1285 785/440/1285
f 793/452/1286 796/451/1286 785/440/1286
f 800/438/1165 802/443/1165 799/437/1165
f 805/440/1287 800/438/1287 798/439/1287
f 799/437/1195 802/443/1195 801/442/1195
f 803/444/1288 806/446/1288 702/445/1288
f 797/447/1289 801/442/1289 806/446/1289
f 703/448/1290 805/440/1290 804/441/1290
f 809/437/1198 814/443/1198 807/438/1198
f 808/439/1291 807/438/1291 815/440/1291
f 809/437/1292 811/447/1292 810/442/1292
f 812/444/1293 717/450/1293 718/445/1293
f 811/447/1294 812/444/1294 816/446/1294
f 813/441/1295 815/440/1295 719/448/1295
f 839/440/1163 837/438/1163 800/438/1163
f 822/437/1164 825/447/1164 811/447/1164
f 837/438/1165 838/443/1165 802/443/1165
f 826/441/1166 823/439/1166 808/439/1166
f 819/444/1082 820/447/1082 797/447/1082
f 824/444/1296 736/450/1296 717/450/1296
f 763/445/1297 846/446/1297 816/446/1297
f 817/437/1298 818/439/1298 798/439/1298
f 801/442/1170 840/442/1170 841/446/1170
f 845/442/1159 843/443/1159 814/443/1159
f 757/448/1163 839/440/1163 805/440/1163
f 716/449/1299 735/449/1299 826/441/1299
f 820/447/1300 830/447/1300 827/437/1300
f 834/444/1301 750/450/1301 736/450/1301
f 831/441/1302 742/449/1302 728/449/1302
f 832/437/1175 835/447/1175 825/447/1175
f 829/444/1093 830/447/1093 820/447/1093
f 735/449/1303 749/449/1303 836/441/1303
f 821/441/1304 728/449/1304 697/449/1304
f 808/439/1178 823/439/1178 822/437/1178
f 698/450/1305 729/450/1305 819/444/1305
f 798/439/1098 818/439/1098 821/441/1098
f 797/447/1306 820/447/1306 817/437/1306
f 811/447/1307 825/447/1307 824/444/1307
f 836/441/1308 749/449/1308 742/449/1308
f 743/450/1309 750/450/1309 834/444/1309
f 828/439/1103 833/439/1103 836/441/1103
f 830/447/1103 835/447/1103 832/437/1103
f 832/437/1103 833/439/1103 828/439/1103
f 834/444/1103 835/447/1103 830/447/1103
f 836/441/1184 833/439/1184 823/439/1184
f 729/450/1310 743/450/1310 829/444/1310
f 818/439/1106 828/439/1106 831/441/1106
f 823/439/1186 833/439/1186 832/437/1186
f 825/447/1311 835/447/1311 834/444/1311
f 827/437/1312 828/439/1312 818/439/1312
f 843/443/1313 845/442/1313 840/442/1313
f 849/446/1314 768/445/1314 756/445/1314
f 763/445/1315 774/445/1315 853/446/1315
f 854/442/1316 850/442/1316 840/442/1316
f 837/438/1317 842/438/1317 843/443/1317
f 850/442/1318 849/446/1318 841/446/1318
f 802/443/1195 838/443/1195 840/442/1195
f 815/440/1196 844/440/1196 764/448/1196
f 806/446/1170 841/446/1170 756/445/1170
f 846/446/1197 845/442/1197 810/442/1197
f 814/443/1198 843/443/1198 842/438/1198
f 807/438/1199 842/438/1199 844/440/1199
f 853/446/1319 774/445/1319 768/445/1319
f 769/448/1320 775/448/1320 851/440/1320
f 858/446/1202 862/446/1202 853/446/1202
f 850/442/1203 857/442/1203 858/446/1203
f 851/440/1321 775/448/1321 764/448/1321
f 852/438/1322 851/440/1322 844/440/1322
f 757/448/1323 769/448/1323 847/440/1323
f 846/446/1324 853/446/1324 854/442/1324
f 837/438/1325 848/438/1325 852/438/1325
f 839/440/1326 847/440/1326 848/438/1326
f 865/442/1327 866/446/1327 858/446/1327
f 862/446/1328 870/446/1328 869/442/1328
f 854/442/1212 861/442/1212 857/442/1212
f 852/438/1213 860/438/1213 859/440/1213
f 856/438/1214 860/438/1214 852/438/1214
f 851/440/1215 859/440/1215 855/440/1215
f 855/440/1216 856/438/1216 848/438/1216
f 853/446/1217 862/446/1217 861/442/1217
f 873/451/1329 872/452/1329 869/442/1329
f 866/446/1330 874/451/1330 873/451/1330
f 859/440/1331 867/440/1331 863/440/1331
f 861/442/1332 869/442/1332 865/442/1332
f 868/438/1333 867/440/1333 859/440/1333
f 855/440/1334 863/440/1334 864/438/1334
f 864/438/1335 868/438/1335 860/438/1335
f 866/446/1336 870/446/1336 862/446/1336
f 872/452/1337 871/452/1337 865/442/1337
f 865/442/1338 871/452/1338 874/451/1338
f 872/452/1339 868/438/1339 864/438/1339
f 873/451/1340 867/440/1340 868/438/1340
f 863/440/1341 867/440/1341 873/451/1341
f 871/452/1342 864/438/1342 863/440/1342
o Blet
v 0.133807 0.398101 -0.066169
v 0.133556 0.355361 -0.076663
v 0.158057 0.355361 0.000000
v 0.133881 0.398091 0.066109
v 0.133640 0.355361 0.076603
v 0.077971 0.355361 0.077678
v 0.077815 0.355361 -0.077681
v -0.000000 0.355361 -0.090920
v -0.000000 0.355361 0.088083
v -0.000000 0.396186 0.087455
v -0.000000 0.396255 -0.077681
v 0.158057 0.399033 0.000000
v 0.077838 0.397362 -0.071537
v 0.077999 0.397320 0.075485
v 0.136104 0.398124 -0.068971
v 0.135713 0.355386 -0.079575
v 0.161682 0.355368 -0.000001
v 0.136230 0.398110 0.068869
v 0.135852 0.355380 0.079475
v 0.078396 0.355377 0.081278
v 0.078138 0.355398 -0.081289
v -0.000000 0.355401 -0.094514
v -0.000000 0.355367 0.091672
v -0.000000 0.396191 0.091044
v -0.000000 0.396294 -0.081275
v 0.161682 0.399040 -0.000002
v 0.078155 0.397398 -0.075145
v 0.078420 0.397336 0.079085
v 0.032130 0.355063 0.091358
v 0.025704 0.359206 0.099004
v 0.019278 0.363350 0.091358
v 0.025704 0.359206 0.083712
v -0.000000 0.407909 0.091358
v -0.000000 0.401483 0.099004
v -0.000000 0.395057 0.091358
v -0.000000 0.401483 0.083712
v -0.032130 0.396495 0.091358
v -0.025704 0.392352 0.099004
v -0.019278 0.388209 0.091358
v -0.025704 0.392352 0.083712
v -0.000000 0.343649 0.091358
v -0.000000 0.350075 0.099004
v -0.000000 0.356501 0.091358
v -0.000000 0.350075 0.083712
v -0.133807 0.398101 -0.066169
v -0.133556 0.355361 -0.076663
v -0.158057 0.355361 0.000000
v -0.133881 0.398091 0.066109
v -0.133640 0.355361 0.076603
v -0.077971 0.355361 0.077678
v -0.077815 0.355361 -0.077681
v -0.158057 0.399033 0.000000
v -0.077838 0.397362 -0.071537
v -0.077999 0.397320 0.075485
v -0.136104 0.398124 -0.068971
v -0.135713 0.355386 -0.079575
v -0.161682 0.355368 -0.000001
v -0.136230 0.398110 0.068869
v -0.135852 0.355380 0.079475
v -0.078396 0.355377 0.081278
v -0.078138 0.355398 -0.081289
v -0.161682 0.399040 -0.000002
v -0.078155 0.397398 -0.075145
v -0.078420 0.397336 0.079085
v -0.032130 0.355063 0.091358
v -0.025704 0.359206 0.099004
v -0.019278 0.363350 0.091358
v -0.025704 0.359206 0.083712
v 0.032130 0.396495 0.091358
v 0.025704 0.392352 0.099004
v 0.019278 0.388209 0.091358
v 0.025704 0.392352 0.083712
vn -0.9503 -0.0690 0.3037
vn -0.0181 -0.1447 0.9893
vn -0.9392 -0.0000 -0.3435
vn -0.1508 -0.0515 -0.9872
vn -0.1577 -0.2347 -0.9592
vn -0.1598 -0.3041 0.9392
vn 0.9485 0.0681 -0.3095
vn 0.0295 0.1447 -0.9890
vn 0.9488 0.0681 0.3084
vn 0.1314 0.0152 0.9912
vn 0.0313 0.0522 0.9981
vn 0.1590 0.3041 -0.9393
vn -0.0141 0.9999 0.0088
vn 0.0001 -1.0000 0.0043
vn -0.0018 0.9999 0.0136
vn 0.0017 -0.9999 -0.0100
vn -0.0150 0.9999 -0.0027
vn 0.0003 -1.0000 0.0016
vn -0.0000 -1.0000 -0.0083
vn 0.0059 -1.0000 0.0021
vn -0.0150 0.9998 0.0110
vn 0.0018 -1.0000 -0.0006
vn -0.0126 0.9999 0.0042
vn -0.0180 0.9998 -0.0066
vn 0.7831 0.4761 0.4001
vn -0.7831 -0.4761 0.4001
vn -0.7831 -0.4761 -0.4001
vn 0.7831 0.4761 -0.4001
vn -0.2624 0.7387 0.6208
vn 0.2624 -0.7387 0.6208
vn 0.2624 -0.7387 -0.6208
vn -0.2624 0.7387 -0.6208
vn 0.9503 -0.0690 0.3037
vn 0.0181 -0.1447 0.9893
vn 0.9505 -0.0690 -0.3030
vn 0.1323 -0.0152 -0.9911
vn 0.0193 -0.0522 -0.9985
vn 0.1598 -0.3041 0.9392
vn -0.9485 0.0681 -0.3095
vn -0.0295 0.1447 -0.9890
vn -0.9380 -0.0000 0.3467
vn -0.1498 0.0515 0.9874
vn -0.1660 0.2362 0.9574
vn -0.1590 0.3041 -0.9393
vn 0.0141 0.9999 0.0088
vn -0.0001 -1.0000 0.0043
vn 0.0018 0.9999 0.0136
vn -0.0017 -0.9999 -0.0100
vn 0.0150 0.9999 -0.0027
vn -0.0006 -1.0000 0.0043
vn -0.0002 -0.9999 -0.0101
vn -0.0018 -1.0000 0.0006
vn 0.0149 0.9999 0.0088
vn -0.0018 -1.0000 -0.0006
vn 0.0143 0.9999 -0.0028
vn 0.0018 0.9999 -0.0134
vn -0.7831 0.4761 0.4001
vn 0.7831 -0.4761 0.4001
vn 0.7831 -0.4761 -0.4001
vn -0.7831 0.4761 -0.4001
vn 0.2624 0.7387 0.6208
vn -0.2624 -0.7387 0.6208
vn -0.2624 -0.7387 -0.6208
vn 0.2624 0.7387 -0.6208
vn -0.9389 -0.0000 0.3441
vn -0.0897 -0.2370 0.9674
vn -0.9505 -0.0690 -0.3030
vn -0.1323 -0.0152 -0.9911
vn -0.0193 -0.0522 -0.9985
vn -0.0758 -0.1443 0.9866
vn 0.9376 -0.0000 -0.3477
vn 0.0999 0.2387 -0.9659
vn 0.9380 -0.0000 0.3467
vn 0.1498 0.0515 0.9874
vn 0.1660 0.2362 0.9574
vn 0.0753 0.1443 -0.9867
vn -0.0123 0.9999 -0.0019
vn 0.0003 -1.0000 0.0064
vn -0.0165 0.9998 0.0074
vn 0.0018 -0.9999 -0.0110
vn -0.0148 0.9999 -0.0016
vn 0.0006 -1.0000 0.0043
vn 0.0002 -0.9999 -0.0101
vn 0.0018 -1.0000 0.0006
vn -0.0149 0.9999 0.0088
vn 0.0076 -1.0000 -0.0027
vn -0.0143 0.9999 -0.0028
vn -0.0018 0.9999 -0.0134
vn 0.9389 -0.0000 0.3441
vn 0.0897 -0.2370 0.9674
vn 0.9392 -0.0000 -0.3435
vn 0.1508 -0.0515 -0.9872
vn 0.1577 -0.2347 -0.9592
vn 0.0758 -0.1443 0.9866
vn -0.9376 -0.0000 -0.3477
vn -0.0999 0.2387 -0.9659
vn -0.9488 0.0681 0.3084
vn -0.1314 0.0152 0.9912
vn -0.0313 0.0522 0.9981
vn -0.0753 0.1443 -0.9867
vn 0.0123 0.9999 -0.0019
vn -0.0003 -1.0000 0.0064
vn 0.0165 0.9998 0.0074
vn -0.0018 -0.9999 -0.0110
vn 0.0148 0.9999 -0.0016
vn -0.0003 -1.0000 0.0016
vn -0.0059 -1.0000 0.0021
vn 0.0150 0.9998 0.0110
vn -0.0076 -1.0000 -0.0027
vn 0.0126 0.9999 0.0042
vn 0.0180 0.9998 -0.0066
vt 0.052112 0.511607
vt 0.113313 0.443816
vt 0.052112 0.443816
vt 0.113313 0.416454
vt 0.052112 0.416454
vt 0.113313 0.579398
vt 0.113313 0.511607
vt 0.052112 0.606760
vt 0.113313 0.647189
vt 0.113313 0.606760
vt 0.052112 0.579398
vt 0.113313 0.376026
vt 0.052138 0.376205
vt 0.051794 0.646577
vt 0.231976 0.161921
vt 0.161921 0.231976
vt 0.161921 0.161921
vt 0.231976 0.231976
vt 0.161921 0.302030
vt 0.161921 0.021812
vt 0.231976 0.091867
vt 0.161921 0.091867
vt 0.302030 0.231976
vt 0.302030 0.302030
vt 0.231976 0.302030
vt 0.302030 0.021812
vt 0.231976 0.021812
vt 0.302030 0.091867
vt 0.091867 0.161921
vt 0.021812 0.231976
vt 0.021812 0.161921
vt 0.091867 0.231976
vt 0.021812 0.302030
vt 0.021812 0.021812
vt 0.091867 0.091867
vt 0.021812 0.091867
vt 0.091867 0.302030
vt 0.091867 0.021812
vt 0.302030 0.161921
s 0
usemtl Material
f 877/453/1343 875/454/1343 876/455/1343
f 876/455/1344 887/456/1344 881/457/1344
f 877/453/1345 878/458/1345 886/459/1345
f 880/460/1346 884/461/1346 888/462/1346
f 879/463/1347 888/462/1347 878/458/1347
f 881/457/1348 885/464/1348 882/465/1348
f 889/454/1349 891/453/1349 890/455/1349
f 901/456/1350 890/455/1350 895/457/1350
f 891/453/1351 892/458/1351 893/463/1351
f 894/460/1352 898/461/1352 897/466/1352
f 893/463/1353 902/462/1353 894/460/1353
f 899/464/1354 895/457/1354 896/465/1354
f 875/454/1355 901/456/1355 887/456/1355
f 879/463/1356 894/460/1356 880/460/1356
f 878/458/1357 900/459/1357 886/459/1357
f 882/465/1358 895/457/1358 881/457/1358
f 884/461/1359 902/462/1359 888/462/1359
f 883/466/1360 894/460/1360 897/466/1360
f 876/455/1361 895/457/1361 890/455/1361
f 879/463/1362 891/453/1362 893/463/1362
f 885/464/1363 901/456/1363 899/464/1363
f 876/455/1364 891/453/1364 877/453/1364
f 878/458/1365 902/462/1365 892/458/1365
f 875/454/1366 900/459/1366 889/454/1366
f 907/467/1367 904/468/1367 903/469/1367
f 908/470/1368 905/471/1368 904/468/1368
f 905/472/1369 910/473/1369 906/474/1369
f 906/474/1370 907/467/1370 903/469/1370
f 907/467/1371 912/475/1371 908/470/1371
f 908/470/1372 913/476/1372 909/477/1372
f 913/478/1373 910/473/1373 909/479/1373
f 914/480/1374 907/467/1374 910/473/1374
f 915/481/1368 912/482/1368 911/483/1368
f 916/484/1367 913/485/1367 912/482/1367
f 913/486/1370 918/487/1370 914/488/1370
f 914/488/1369 915/481/1369 911/483/1369
f 915/481/1372 904/468/1372 916/484/1372
f 916/484/1371 905/471/1371 917/489/1371
f 905/472/1374 918/487/1374 917/490/1374
f 906/474/1373 915/481/1373 918/487/1373
f 919/454/1375 921/453/1375 920/455/1375
f 927/456/1376 920/455/1376 925/457/1376
f 921/453/1377 922/458/1377 923/463/1377
f 924/460/1378 884/461/1378 883/466/1378
f 923/463/1379 928/462/1379 924/460/1379
f 885/464/1380 925/457/1380 882/465/1380
f 931/453/1381 929/454/1381 930/455/1381
f 930/455/1382 937/456/1382 935/457/1382
f 931/453/1383 932/458/1383 936/459/1383
f 934/460/1384 898/461/1384 938/462/1384
f 933/463/1385 938/462/1385 932/458/1385
f 935/457/1386 899/464/1386 896/465/1386
f 937/456/1387 919/454/1387 927/456/1387
f 934/460/1388 923/463/1388 924/460/1388
f 936/459/1389 922/458/1389 926/459/1389
f 935/457/1390 882/465/1390 925/457/1390
f 938/462/1391 884/461/1391 928/462/1391
f 883/466/1392 934/460/1392 924/460/1392
f 920/455/1393 935/457/1393 925/457/1393
f 923/463/1394 931/453/1394 921/453/1394
f 885/464/1395 937/456/1395 927/456/1395
f 931/453/1396 920/455/1396 921/453/1396
f 922/458/1397 938/462/1397 928/462/1397
f 919/454/1398 936/459/1398 926/459/1398
f 940/468/1399 907/467/1399 939/469/1399
f 941/471/1400 908/470/1400 940/468/1400
f 941/472/1401 910/473/1401 909/479/1401
f 942/474/1402 907/467/1402 910/473/1402
f 907/467/1403 944/475/1403 943/491/1403
f 908/470/1404 945/476/1404 944/475/1404
f 910/473/1405 945/478/1405 909/479/1405
f 907/467/1406 946/480/1406 910/473/1406
f 944/482/1400 915/481/1400 943/483/1400
f 945/485/1399 916/484/1399 944/482/1399
f 945/486/1402 918/487/1402 917/490/1402
f 946/488/1401 915/481/1401 918/487/1401
f 915/481/1404 940/468/1404 939/469/1404
f 916/484/1403 941/471/1403 940/468/1403
f 918/487/1406 941/472/1406 917/490/1406
f 915/481/1405 942/474/1405 918/487/1405
f 877/453/1407 886/459/1407 875/454/1407
f 876/455/1408 875/454/1408 887/456/1408
f 877/453/1409 879/463/1409 878/458/1409
f 880/460/1410 883/466/1410 884/461/1410
f 879/463/1411 880/460/1411 888/462/1411
f 881/457/1412 887/456/1412 885/464/1412
f 889/454/1413 900/459/1413 891/453/1413
f 901/456/1414 889/454/1414 890/455/1414
f 891/453/1415 900/459/1415 892/458/1415
f 894/460/1416 902/462/1416 898/461/1416
f 893/463/1417 892/458/1417 902/462/1417
f 899/464/1418 901/456/1418 895/457/1418
f 875/454/1419 889/454/1419 901/456/1419
f 879/463/1420 893/463/1420 894/460/1420
f 878/458/1421 892/458/1421 900/459/1421
f 882/465/1422 896/465/1422 895/457/1422
f 884/461/1423 898/461/1423 902/462/1423
f 883/466/1424 880/460/1424 894/460/1424
f 876/455/1425 881/457/1425 895/457/1425
f 879/463/1426 877/453/1426 891/453/1426
f 885/464/1427 887/456/1427 901/456/1427
f 876/455/1428 890/455/1428 891/453/1428
f 878/458/1429 888/462/1429 902/462/1429
f 875/454/1430 886/459/1430 900/459/1430
f 907/467/1367 908/470/1367 904/468/1367
f 908/470/1368 909/477/1368 905/471/1368
f 905/472/1369 909/479/1369 910/473/1369
f 906/474/1370 910/473/1370 907/467/1370
f 907/467/1371 911/491/1371 912/475/1371
f 908/470/1372 912/475/1372 913/476/1372
f 913/478/1373 914/480/1373 910/473/1373
f 914/480/1374 911/491/1374 907/467/1374
f 915/481/1368 916/484/1368 912/482/1368
f 916/484/1367 917/489/1367 913/485/1367
f 913/486/1370 917/490/1370 918/487/1370
f 914/488/1369 918/487/1369 915/481/1369
f 915/481/1372 903/469/1372 904/468/1372
f 916/484/1371 904/468/1371 905/471/1371
f 905/472/1374 906/474/1374 918/487/1374
f 906/474/1373 903/469/1373 915/481/1373
f 919/454/1431 926/459/1431 921/453/1431
f 927/456/1432 919/454/1432 920/455/1432
f 921/453/1433 926/459/1433 922/458/1433
f 924/460/1434 928/462/1434 884/461/1434
f 923/463/1435 922/458/1435 928/462/1435
f 885/464/1436 927/456/1436 925/457/1436
f 931/453/1437 936/459/1437 929/454/1437
f 930/455/1438 929/454/1438 937/456/1438
f 931/453/1439 933/463/1439 932/458/1439
f 934/460/1440 897/466/1440 898/461/1440
f 933/463/1441 934/460/1441 938/462/1441
f 935/457/1442 937/456/1442 899/464/1442
f 937/456/1443 929/454/1443 919/454/1443
f 934/460/1444 933/463/1444 923/463/1444
f 936/459/1445 932/458/1445 922/458/1445
f 935/457/1446 896/465/1446 882/465/1446
f 938/462/1447 898/461/1447 884/461/1447
f 883/466/1448 897/466/1448 934/460/1448
f 920/455/1361 930/455/1361 935/457/1361
f 923/463/1449 933/463/1449 931/453/1449
f 885/464/1450 899/464/1450 937/456/1450
f 931/453/1451 930/455/1451 920/455/1451
f 922/458/1452 932/458/1452 938/462/1452
f 919/454/1453 929/454/1453 936/459/1453
f 940/468/1399 908/470/1399 907/467/1399
f 941/471/1400 909/477/1400 908/470/1400
f 941/472/1401 942/474/1401 910/473/1401
f 942/474/1402 939/469/1402 907/467/1402
f 907/467/1403 908/470/1403 944/475/1403
f 908/470/1404 909/477/1404 945/476/1404
f 910/473/1405 946/480/1405 945/478/1405
f 907/467/1406 943/491/1406 946/480/1406
f 944/482/1400 916/484/1400 915/481/1400
f 945/485/1399 917/489/1399 916/484/1399
f 945/486/1402 946/488/1402 918/487/1402
f 946/488/1401 943/483/1401 915/481/1401
f 915/481/1404 916/484/1404 940/468/1404
f 916/484/1403 917/489/1403 941/471/1403
f 918/487/1406 942/474/1406 941/472/1406
f 915/481/1405 939/469/1405 942/474/1405
o Quiver
v 0.147639 0.273384 -0.244190
v -0.179116 0.620651 -0.188779
v 0.178211 0.299260 -0.227782
v -0.145446 0.649148 -0.170709
v 0.193777 0.306919 -0.188127
v -0.128304 0.657583 -0.127037
v 0.185218 0.291875 -0.148456
v -0.137730 0.641015 -0.083346
v 0.157547 0.262941 -0.132006
v -0.168203 0.609150 -0.065229
v 0.126975 0.237066 -0.148413
v -0.201873 0.580653 -0.083300
v 0.111409 0.229407 -0.188068
v -0.219016 0.572218 -0.126971
v 0.119968 0.244450 -0.227740
v -0.209590 0.588786 -0.170662
v -0.157243 0.597399 -0.199724
v -0.119901 0.629004 -0.179683
v -0.100889 0.638359 -0.131248
v -0.111343 0.619984 -0.082792
v -0.145140 0.584644 -0.062699
v -0.182482 0.553039 -0.082740
v -0.201494 0.543684 -0.131175
v -0.191040 0.562058 -0.179631
v -0.141950 0.653392 -0.176125
v -0.179792 0.621363 -0.196435
v -0.122682 0.662872 -0.127041
v -0.133277 0.644252 -0.077935
v -0.167527 0.608437 -0.057573
v -0.205370 0.576409 -0.077883
v -0.224637 0.566928 -0.126967
v -0.214042 0.585549 -0.176073
v 0.093870 0.386780 -0.210722
v 0.064407 0.361844 -0.226535
v 0.108871 0.394161 -0.172507
v 0.100622 0.379664 -0.134275
v 0.073956 0.351780 -0.118422
v 0.044493 0.326843 -0.134234
v 0.029492 0.319462 -0.172449
v 0.037741 0.333960 -0.210682
v -0.137145 0.658783 -0.183304
v -0.180490 0.622097 -0.206567
v -0.157941 0.598133 -0.209856
v -0.115076 0.669642 -0.127083
v -0.127211 0.648314 -0.070836
v -0.166442 0.607291 -0.047514
v -0.209787 0.570606 -0.070776
v -0.231856 0.559746 -0.126998
v -0.219721 0.581075 -0.183245
v -0.115096 0.634395 -0.186862
v -0.093282 0.645129 -0.131290
v -0.105277 0.624046 -0.075693
v -0.144055 0.583498 -0.052639
v -0.186899 0.547236 -0.075634
v -0.208713 0.536502 -0.131206
v -0.196718 0.557584 -0.186803
vn -0.7008 0.7039 0.1157
vn -0.6600 0.7423 0.1157
vn 0.6988 -0.7018 -0.1387
vn -0.6685 0.7274 0.1550
vn 0.7008 -0.7039 -0.1157
vn 0.6903 -0.7167 -0.0994
vn 0.1840 0.3620 -0.9138
vn -0.6988 0.7018 0.1387
vn 0.6734 -0.7326 -0.0994
vn 0.6797 -0.7224 -0.1273
vn -0.3419 -0.1956 -0.9192
vn -0.6885 -0.6163 -0.3822
vn -0.6215 -0.6870 0.3766
vn -0.1801 -0.3661 0.9130
vn 0.3771 0.1582 0.9126
vn 0.7237 0.5789 0.3757
vn 0.6567 0.6496 -0.3832
vn 0.2153 0.3288 -0.9196
vn -0.6797 0.7224 0.1273
vn -0.7199 -0.5832 -0.3764
vn -0.2114 -0.3330 0.9189
vn 0.3459 0.1915 0.9185
vn 0.6255 0.6829 -0.3774
vn -0.3732 -0.1624 -0.9134
vn -0.6528 -0.6538 0.3825
vn 0.6925 0.6122 0.3816
vn -0.6215 -0.6869 0.3766
vn -0.6885 -0.6163 -0.3823
vn 0.6854 -0.7115 -0.1550
vn 0.6685 -0.7274 -0.1550
vn -0.6854 0.7115 0.1550
vn 0.6580 -0.7402 -0.1387
vn -0.6580 0.7402 0.1387
vn -0.6903 0.7167 0.0994
vn 0.6600 -0.7423 -0.1157
vn -0.6734 0.7326 0.0994
vt 0.084520 0.471123
vt 0.066984 0.428788
vt 0.186725 0.428788
vt 0.169189 0.471123
vt 0.158037 0.607294
vt 0.126854 0.607294
vt 0.169189 0.386454
vt 0.126854 0.368918
vt 0.095672 0.607294
vt 0.064489 0.607294
vt 0.089188 0.391122
vt 0.126854 0.375520
vt 0.084520 0.386454
vt 0.313950 0.607294
vt 0.282767 0.607294
vt 0.293919 0.386454
vt 0.209250 0.386454
vt 0.209250 0.471123
vt 0.095672 0.491154
vt 0.064489 0.491154
vt 0.126854 0.491154
vt 0.158037 0.491154
vt 0.189220 0.607294
vt 0.189220 0.491154
vt 0.220402 0.491154
vt 0.251585 0.607294
vt 0.251585 0.491154
vt 0.282767 0.491154
vt 0.313950 0.491154
vt 0.164521 0.466455
vt 0.126854 0.488659
vt 0.126854 0.482057
vt 0.180123 0.428788
vt 0.164521 0.391122
vt 0.073586 0.428788
vt 0.089188 0.466455
vt 0.313950 0.615884
vt 0.251585 0.615884
vt 0.220402 0.615884
vt 0.220402 0.607294
vt 0.189220 0.615884
vt 0.126854 0.615884
vt 0.095672 0.615884
vt 0.251585 0.488659
vt 0.293919 0.471123
vt 0.311455 0.428788
vt 0.251585 0.368918
vt 0.191714 0.428788
vt 0.282767 0.615884
vt 0.158037 0.615884
vt 0.064489 0.615884
s 0
usemtl Material
f 978/492/1454 994/493/1454 977/493/1454
f 973/494/1455 987/495/1455 971/495/1455
f 968/496/1456 1001/497/1456 969/497/1456
f 974/498/1457 992/499/1457 991/498/1457
f 969/497/1458 1002/500/1458 970/500/1458
f 970/500/1459 989/501/1459 963/501/1459
f 958/502/1460 983/503/1460 984/502/1460
f 977/493/1461 993/504/1461 976/504/1461
f 963/505/1462 996/506/1462 964/506/1462
f 953/507/1463 957/508/1463 961/509/1463
f 961/510/1464 963/501/1464 947/511/1464
f 969/497/1465 961/510/1465 959/512/1465
f 968/496/1466 959/512/1466 957/513/1466
f 967/514/1467 957/513/1467 955/515/1467
f 953/516/1468 967/514/1468 955/515/1468
f 965/517/1469 953/516/1469 951/518/1469
f 964/506/1470 951/518/1470 949/519/1470
f 947/520/1471 964/506/1471 949/519/1471
f 950/521/1472 972/522/1472 948/523/1472
f 950/521/1472 973/494/1472 971/495/1472
f 952/524/1472 974/498/1472 973/494/1472
f 954/525/1472 975/499/1472 974/498/1472
f 956/503/1472 976/504/1472 975/499/1472
f 958/502/1472 977/493/1472 976/504/1472
f 960/526/1472 978/492/1472 977/493/1472
f 948/523/1472 978/492/1472 962/527/1472
f 985/526/1472 983/503/1472 981/524/1472
f 954/525/1473 981/524/1473 982/525/1473
f 950/521/1474 980/523/1474 979/521/1474
f 948/523/1475 986/527/1475 980/523/1475
f 958/502/1476 985/526/1476 960/526/1476
f 954/525/1477 983/503/1477 956/503/1477
f 952/524/1478 979/521/1478 981/524/1478
f 960/526/1479 986/527/1479 962/527/1479
f 988/528/1471 996/506/1471 989/505/1471
f 996/506/1470 990/529/1470 997/517/1470
f 997/517/1469 991/530/1469 998/531/1469
f 998/531/1468 992/532/1468 999/514/1468
f 992/532/1467 1000/496/1467 999/514/1467
f 1000/496/1480 994/533/1480 1001/497/1480
f 994/533/1481 1002/500/1481 1001/497/1481
f 995/534/1464 989/501/1464 1002/500/1464
f 967/514/1482 1000/496/1482 968/496/1482
f 967/514/1483 998/531/1483 999/514/1483
f 976/504/1484 992/499/1484 975/499/1484
f 966/531/1485 997/517/1485 998/531/1485
f 973/494/1486 991/498/1486 990/494/1486
f 978/492/1487 988/522/1487 995/492/1487
f 964/506/1488 997/517/1488 965/517/1488
f 971/495/1489 988/522/1489 972/522/1489
f 978/492/1454 995/492/1454 994/493/1454
f 973/494/1455 990/494/1455 987/495/1455
f 968/496/1456 1000/496/1456 1001/497/1456
f 974/498/1457 975/499/1457 992/499/1457
f 969/497/1458 1001/497/1458 1002/500/1458
f 970/500/1459 1002/500/1459 989/501/1459
f 958/502/1460 956/503/1460 983/503/1460
f 977/493/1461 994/493/1461 993/504/1461
f 963/505/1462 989/505/1462 996/506/1462
f 961/509/1463 947/535/1463 949/536/1463
f 949/536/1463 951/537/1463 953/507/1463
f 953/507/1463 955/538/1463 957/508/1463
f 957/508/1463 959/539/1463 961/509/1463
f 961/509/1463 949/536/1463 953/507/1463
f 961/510/1464 970/500/1464 963/501/1464
f 969/497/1465 970/500/1465 961/510/1465
f 968/496/1466 969/497/1466 959/512/1466
f 967/514/1467 968/496/1467 957/513/1467
f 953/516/1468 966/531/1468 967/514/1468
f 965/517/1469 966/531/1469 953/516/1469
f 964/506/1470 965/517/1470 951/518/1470
f 947/520/1471 963/505/1471 964/506/1471
f 950/521/1472 971/495/1472 972/522/1472
f 950/521/1472 952/524/1472 973/494/1472
f 952/524/1472 954/525/1472 974/498/1472
f 954/525/1472 956/503/1472 975/499/1472
f 956/503/1472 958/502/1472 976/504/1472
f 958/502/1472 960/526/1472 977/493/1472
f 960/526/1472 962/527/1472 978/492/1472
f 948/523/1472 972/522/1472 978/492/1472
f 981/524/1472 979/521/1472 980/523/1472
f 980/523/1472 986/527/1472 985/526/1472
f 985/526/1472 984/502/1472 983/503/1472
f 983/503/1472 982/525/1472 981/524/1472
f 981/524/1472 980/523/1472 985/526/1472
f 954/525/1473 952/524/1473 981/524/1473
f 950/521/1474 948/523/1474 980/523/1474
f 948/523/1475 962/527/1475 986/527/1475
f 958/502/1476 984/502/1476 985/526/1476
f 954/525/1477 982/525/1477 983/503/1477
f 952/524/1478 950/521/1478 979/521/1478
f 960/526/1479 985/526/1479 986/527/1479
f 988/528/1471 987/540/1471 996/506/1471
f 996/506/1470 987/540/1470 990/529/1470
f 997/517/1469 990/529/1469 991/530/1469
f 998/531/1468 991/530/1468 992/532/1468
f 992/532/1467 993/541/1467 1000/496/1467
f 1000/496/1466 993/541/1466 994/533/1466
f 994/533/1481 995/534/1481 1002/500/1481
f 995/534/1464 988/542/1464 989/501/1464
f 967/514/1482 999/514/1482 1000/496/1482
f 967/514/1483 966/531/1483 998/531/1483
f 976/504/1484 993/504/1484 992/499/1484
f 966/531/1485 965/517/1485 997/517/1485
f 973/494/1486 974/498/1486 991/498/1486
f 978/492/1487 972/522/1487 988/522/1487
f 964/506/1488 996/506/1488 997/517/1488
f 971/495/1489 987/495/1489 988/522/1489
