# Blender 5.0.1
# www.blender.org
mtllib CH_Goblin_Warrior.mtl
o Goblin
v 0.137118 0.669684 0.089463
v 0.174102 0.904432 0.066288
v 0.137118 0.669684 -0.058875
v 0.167326 0.904432 -0.099283
v 0.000000 0.602349 -0.088102
v 0.000000 0.980462 -0.133326
v 0.000000 0.625961 0.175092
v 0.000000 0.980462 0.141725
v 0.052669 0.969081 -0.128564
v 0.040924 0.626157 0.174426
v 0.039090 0.617899 -0.085548
v 0.052669 0.969081 0.141725
v 0.156547 0.695733 -0.088343
v 0.157377 0.696068 0.108044
v 0.000000 0.714095 0.175092
v 0.000000 0.675319 -0.127346
v 0.048703 0.719066 0.175092
v 0.050925 0.677567 -0.123041
v 0.137118 0.669684 0.014966
v 0.174102 0.921371 0.009123
v 0.000000 0.997401 0.009123
v 0.000000 0.602580 0.023943
v 0.052669 0.986020 0.009123
v 0.039090 0.612658 0.023943
v 0.166421 0.706738 0.011437
v 0.171490 0.782142 -0.108332
v 0.171550 0.782167 0.108194
v 0.000000 0.788827 0.175130
v 0.000000 0.775527 -0.160138
v 0.030348 0.776464 0.175138
v 0.056380 0.778281 -0.152550
v 0.180704 0.776717 0.006083
v 0.000000 0.788809 0.182163
v 0.000000 0.689421 0.234980
v 0.030353 0.776445 0.182171
v 0.048703 0.719054 0.194083
v 0.137503 0.942394 -0.114863
v 0.110558 0.648616 0.127728
v 0.108944 0.650312 -0.079647
v 0.140199 0.942394 0.100549
v 0.117181 0.688907 0.139655
v 0.126502 0.690415 -0.105757
v 0.140199 0.959333 0.009123
v 0.108944 0.650312 0.019043
v 0.139352 0.731875 0.139259
v 0.136042 0.784632 -0.122576
v 0.180294 0.866228 -0.114853
v 0.182888 0.866228 0.098771
v 0.000000 0.844755 0.175607
v 0.000000 0.841893 -0.171024
v 0.039847 0.849197 0.176285
v 0.056345 0.846981 -0.166271
v 0.182888 0.866228 -0.000839
v 0.138134 0.872826 0.134071
v 0.140628 0.872226 -0.135742
v 0.137118 0.669684 -0.035756
v 0.171092 0.921371 -0.050798
v 0.000000 0.997401 -0.061510
v 0.000000 0.597007 -0.048273
v 0.052669 0.986020 -0.061323
v 0.039090 0.611846 -0.048273
v 0.156547 0.695733 -0.027879
v 0.171490 0.782142 -0.039104
v 0.108944 0.650312 -0.038794
v 0.138429 0.959333 -0.058628
v 0.181831 0.866228 -0.025582
v 0.236968 0.718810 -0.021790
v 0.233168 0.725890 0.011354
v 0.251911 0.844509 0.009123
v 0.263309 0.889305 -0.000839
v 0.251911 0.844509 -0.039104
v 0.263309 0.889305 -0.026257
v 0.279633 0.755163 -0.021790
v 0.273813 0.760519 0.011309
v 0.285583 0.861801 0.009123
v 0.295860 0.892592 -0.000839
v 0.285583 0.861801 -0.039104
v 0.295860 0.892592 -0.026257
v 0.326526 0.820493 -0.021790
v 0.319827 0.824622 0.011267
v 0.349783 0.881677 0.009208
v 0.365720 0.904146 -0.000839
v 0.367206 0.898002 -0.039104
v 0.365720 0.904146 -0.026257
v 0.171490 0.782142 0.009123
v 0.156547 0.695733 0.011582
v 0.236968 0.718810 0.005492
v 0.279633 0.755163 0.005492
v 0.256148 0.837857 0.009342
v 0.288971 0.854714 0.009392
v 0.367206 0.898002 0.009123
v 0.326526 0.820493 0.005492
v 0.256295 0.837642 0.001440
v 0.233316 0.725675 0.003453
v 0.289118 0.854499 0.001490
v 0.273960 0.760304 0.003407
v 0.180851 0.776502 -0.001819
v 0.166568 0.706524 0.003535
v 0.349930 0.881462 0.001306
v 0.319975 0.824408 0.003365
v 0.057357 0.776374 0.167400
v 0.118440 0.776334 0.149917
v 0.117081 0.828185 0.141851
v 0.053317 0.826426 0.170374
v 0.074017 0.634105 -0.082597
v 0.096434 0.955737 0.121137
v 0.082699 0.703847 0.157416
v 0.074017 0.631079 0.021493
v 0.083609 0.753527 0.157424
v 0.095086 0.955737 -0.121713
v 0.078433 0.629465 0.150099
v 0.088714 0.683991 -0.114399
v 0.096434 0.972676 0.009123
v 0.096211 0.781457 -0.137563
v 0.098487 0.859604 -0.151007
v 0.089383 0.859544 0.154914
v 0.074017 0.631079 -0.043534
v 0.095549 0.972676 -0.059976
v 0.086128 0.764081 0.158957
v 0.080938 0.833202 0.156166
v 0.175892 0.824185 -0.111592
v 0.177189 0.824185 0.103489
v 0.000000 0.817099 0.175424
v 0.000000 0.808710 -0.165581
v 0.034976 0.813286 0.175793
v 0.056362 0.812631 -0.159411
v 0.177189 0.824185 0.009123
v 0.137130 0.801698 0.136980
v 0.138335 0.828429 -0.129159
v 0.176660 0.824185 -0.037124
v 0.257610 0.866907 0.009123
v 0.257610 0.866907 -0.037728
v 0.290721 0.877196 0.009123
v 0.290721 0.877196 -0.037728
v 0.366463 0.901074 0.009123
v 0.366463 0.901074 -0.037728
v 0.126282 0.798610 0.145956
v 0.049096 0.800237 0.168846
v 0.097349 0.820530 -0.144285
v 0.105016 0.858425 0.178336
v 0.055421 0.848297 0.189697
v 0.096527 0.832248 0.179618
v 0.068892 0.825525 0.183787
v 0.132655 0.827285 0.161438
v 0.153709 0.871926 0.153658
v 0.000000 0.664204 0.182149
v 0.067137 0.662672 0.169649
v 0.044725 0.663359 0.176147
v 0.000000 0.676508 0.175092
v 0.045130 0.673762 0.170005
v 0.066229 0.668174 0.163794
v 0.000000 0.673668 0.175092
v 0.045047 0.671949 0.169788
v 0.063697 0.667494 0.164408
v 0.000000 0.668518 0.182149
v 0.044890 0.666920 0.176573
v 0.063763 0.663459 0.170839
v 0.128711 0.263564 0.071415
v 0.128711 0.580281 0.056075
v 0.128711 0.263564 -0.071415
v 0.128711 0.580281 -0.056075
v -0.000000 0.234386 -0.061692
v 0.000000 0.596399 -0.071415
v -0.000000 0.234386 0.057320
v 0.000000 0.607394 0.071415
v 0.128711 0.490620 -0.056075
v 0.128711 0.490620 0.056075
v 0.000000 0.478357 0.071415
v -0.000000 0.482211 -0.071415
v 0.150727 0.263564 0.000000
v 0.150727 0.598845 0.000000
v 0.000000 0.603311 0.031390
v -0.000000 0.234386 0.000000
v 0.150727 0.472056 0.000000
v 0.128711 0.535451 -0.064798
v 0.128711 0.535450 0.064798
v 0.000000 0.542746 0.081791
v 0.000000 0.559874 -0.072342
v 0.267390 0.565608 0.000000
v 0.163547 0.594720 0.000000
v 0.142964 0.577364 0.052426
v 0.142964 0.535451 -0.060581
v 0.142964 0.493537 -0.052426
v 0.142964 0.535451 0.060581
v 0.142964 0.493537 0.052426
v 0.163547 0.476182 0.000000
v 0.142964 0.577364 -0.052426
v 0.277070 0.565608 0.000000
v 0.251875 0.552525 0.039519
v 0.251875 0.520931 -0.045666
v 0.251875 0.489337 -0.039519
v 0.251875 0.520931 0.045666
v 0.251875 0.489337 0.039519
v 0.267390 0.476254 0.000000
v 0.251875 0.552525 -0.039519
v 0.354508 0.559799 0.000000
v 0.261554 0.552525 0.039519
v 0.261554 0.520931 -0.045666
v 0.261554 0.489337 -0.039519
v 0.261554 0.520931 0.045666
v 0.261554 0.489337 0.039519
v 0.277070 0.476254 0.000000
v 0.261554 0.552525 -0.039519
v 0.338993 0.548417 0.039519
v 0.338993 0.520931 -0.045666
v 0.338993 0.493444 -0.039519
v 0.338993 0.520931 0.045666
v 0.338993 0.493444 0.039519
v 0.354508 0.482062 0.000000
v 0.338993 0.548417 -0.039519
v 0.363377 0.553166 0.000000
v 0.350509 0.543727 0.032775
v 0.350509 0.520931 -0.037873
v 0.350509 0.498135 -0.032775
v 0.350509 0.520931 0.037873
v 0.350509 0.498135 0.032775
v 0.363377 0.488695 0.000000
v 0.350509 0.543727 -0.032775
v 0.404733 0.475172 0.000000
v 0.128711 0.404184 -0.061249
v 0.128711 0.404184 0.061249
v -0.000000 0.396058 0.081072
v -0.000000 0.396058 -0.071415
v 0.150727 0.408575 0.000000
v 0.437992 0.553166 0.000000
v 0.425124 0.543727 0.032775
v 0.425124 0.520931 -0.037873
v 0.425124 0.498135 -0.032775
v 0.425124 0.520931 0.037873
v 0.425124 0.498135 0.032775
v 0.437992 0.488695 0.000000
v 0.425124 0.543727 -0.032775
v 0.437992 0.520931 0.000000
v 0.386467 0.488571 -0.046525
v 0.386467 0.520931 -0.053762
v 0.386467 0.553290 -0.046525
v 0.386467 0.488571 0.046525
v 0.386467 0.520931 0.053762
v 0.386467 0.553290 0.046525
v 0.404733 0.566690 0.000000
v 0.076759 0.585231 -0.062266
v 0.076759 0.263550 0.071415
v 0.076759 0.263550 -0.071415
v 0.076759 0.580274 0.062266
v 0.076759 0.485670 0.062266
v 0.076759 0.485670 -0.062266
v 0.089889 0.596302 0.031390
v 0.062666 0.251787 0.000000
v 0.076759 0.535450 0.071656
v 0.076759 0.535450 -0.067843
v 0.076759 0.400904 -0.065352
v 0.076759 0.400904 0.069250
v 0.158358 0.189855 0.000000
v 0.134946 0.190716 -0.051992
v 0.085825 0.191921 0.051992
v 0.134946 0.190716 0.051992
v 0.085825 0.191921 -0.051992
v 0.070837 0.191061 0.000000
v 0.157724 0.182756 0.000000
v 0.134312 0.183618 -0.051992
v 0.085190 0.184822 0.051992
v 0.134312 0.183618 0.051992
v 0.085190 0.184822 -0.051992
v 0.070203 0.183963 0.000000
v 0.162085 0.054412 -0.000000
v 0.138346 0.057153 -0.051992
v 0.086948 0.055102 0.051992
v 0.138346 0.057153 0.051992
v 0.086948 0.055102 -0.051992
v 0.071752 0.056856 0.000000
v 0.079166 0.253556 0.068339
v 0.131685 0.253767 0.068339
v 0.153986 0.254067 0.000000
v 0.131685 0.253767 -0.068339
v 0.079166 0.253556 -0.068339
v 0.064890 0.241600 0.000000
v 0.158938 -0.003581 -0.000000
v 0.135200 -0.000841 -0.051992
v 0.078201 -0.002892 0.051992
v 0.135200 -0.000841 0.051992
v 0.078201 -0.002892 -0.051992
v 0.063004 -0.001137 0.000000
v 0.079698 0.031795 0.134341
v 0.136698 0.033846 0.134341
v 0.160469 0.031714 0.082350
v 0.064535 0.034158 0.082350
v 0.077817 -0.002871 0.134341
v 0.134817 -0.000820 0.134341
v 0.158555 -0.003560 0.082350
v 0.062621 -0.001117 0.082350
v 0.161310 0.077201 -0.000000
v 0.137630 0.079608 -0.051992
v 0.086636 0.078135 -0.051992
v 0.071477 0.079425 0.000000
v 0.086636 0.078135 0.051992
v 0.137630 0.079608 0.051992
v 0.173818 0.077613 -0.000000
v 0.174593 0.054824 -0.000000
v 0.145231 0.057379 -0.062440
v 0.079464 0.055005 0.062021
v 0.145231 0.057379 0.062440
v 0.079464 0.055005 -0.062021
v 0.059238 0.056695 0.000000
v 0.079098 0.078038 -0.061981
v 0.079098 0.078038 0.061981
v 0.144275 0.079827 -0.062594
v 0.058963 0.079264 0.000000
v 0.144275 0.079827 0.062594
v 0.362201 0.570085 0.000000
v 0.346441 0.553831 0.048474
v 0.346191 0.520931 -0.056304
v 0.346441 0.488031 -0.048474
v 0.346191 0.520931 0.056304
v 0.346441 0.488031 0.048474
v 0.362201 0.471776 0.000000
v 0.346441 0.553831 -0.048474
v 0.357708 0.520931 -0.048511
v 0.357954 0.491529 0.040893
v 0.371070 0.478409 0.000000
v 0.357954 0.491529 -0.040893
v 0.371070 0.563452 0.000000
v 0.357954 0.550333 0.040893
v 0.357708 0.520931 0.048511
v 0.357954 0.550333 -0.040893
v 0.056065 0.678825 0.177236
v 0.061080 0.677627 0.175789
v 0.056023 0.677473 0.179060
v 0.061097 0.676542 0.177518
v -0.137118 0.669684 0.089463
v -0.174102 0.904432 0.066288
v -0.137118 0.669684 -0.058875
v -0.167326 0.904432 -0.099283
v -0.052669 0.969081 -0.128564
v -0.040924 0.626157 0.174426
v -0.039090 0.617899 -0.085548
v -0.052669 0.969081 0.141725
v -0.156547 0.695733 -0.088343
v -0.157377 0.696068 0.108044
v -0.048703 0.719066 0.175092
v -0.050925 0.677567 -0.123041
v -0.137118 0.669684 0.014966
v -0.174102 0.921371 0.009123
v -0.052669 0.986020 0.009123
v -0.039090 0.612658 0.023943
v -0.166421 0.706738 0.011437
v -0.171490 0.782142 -0.108332
v -0.171550 0.782167 0.108194
v -0.030348 0.776464 0.175138
v -0.056380 0.778281 -0.152550
v -0.180704 0.776717 0.006083
v -0.030353 0.776445 0.182171
v -0.048703 0.719054 0.194083
v -0.137503 0.942394 -0.114863
v -0.110558 0.648616 0.127728
v -0.108944 0.650312 -0.079647
v -0.140199 0.942394 0.100549
v -0.117181 0.688907 0.139655
v -0.126502 0.690415 -0.105757
v -0.140199 0.959333 0.009123
v -0.108944 0.650312 0.019043
v -0.139352 0.731875 0.139259
v -0.136042 0.784632 -0.122576
v -0.180294 0.866228 -0.114853
v -0.182888 0.866228 0.098771
v -0.039847 0.849197 0.176285
v -0.056345 0.846981 -0.166271
v -0.182888 0.866228 -0.000839
v -0.138134 0.872826 0.134071
v -0.140628 0.872226 -0.135742
v -0.137118 0.669684 -0.035756
v -0.171092 0.921371 -0.050798
v -0.052669 0.986020 -0.061323
v -0.039090 0.611846 -0.048273
v -0.156547 0.695733 -0.027879
v -0.171490 0.782142 -0.039104
v -0.108944 0.650312 -0.038794
v -0.138429 0.959333 -0.058628
v -0.181831 0.866228 -0.025582
v -0.236968 0.718810 -0.021790
v -0.233168 0.725890 0.011354
v -0.251911 0.844509 0.009123
v -0.263309 0.889305 -0.000839
v -0.251911 0.844509 -0.039104
v -0.263309 0.889305 -0.026257
v -0.279633 0.755163 -0.021790
v -0.273813 0.760519 0.011309
v -0.285583 0.861801 0.009123
v -0.295860 0.892592 -0.000839
v -0.285583 0.861801 -0.039104
v -0.295860 0.892592 -0.026257
v -0.326526 0.820493 -0.021790
v -0.319827 0.824622 0.011267
v -0.349783 0.881677 0.009208
v -0.365720 0.904146 -0.000839
v -0.367206 0.898002 -0.039104
v -0.365720 0.904146 -0.026257
v -0.171490 0.782142 0.009123
v -0.156547 0.695733 0.011582
v -0.236968 0.718810 0.005492
v -0.279633 0.755163 0.005492
v -0.256148 0.837857 0.009342
v -0.288971 0.854714 0.009392
v -0.367206 0.898002 0.009123
v -0.326526 0.820493 0.005492
v -0.256295 0.837642 0.001440
v -0.233316 0.725675 0.003453
v -0.289118 0.854499 0.001490
v -0.273960 0.760304 0.003407
v -0.180851 0.776502 -0.001819
v -0.166568 0.706524 0.003535
v -0.349930 0.881462 0.001306
v -0.319975 0.824408 0.003365
v -0.057357 0.776374 0.167400
v -0.118440 0.776334 0.149917
v -0.117081 0.828185 0.141851
v -0.053317 0.826426 0.170374
v -0.074017 0.634105 -0.082597
v -0.096434 0.955737 0.121137
v -0.082699 0.703847 0.157416
v -0.074017 0.631079 0.021493
v -0.083609 0.753527 0.157424
v -0.095086 0.955737 -0.121713
v -0.078433 0.629465 0.150099
v -0.088714 0.683991 -0.114399
v -0.096434 0.972676 0.009123
v -0.096211 0.781457 -0.137563
v -0.098487 0.859604 -0.151007
v -0.089383 0.859544 0.154914
v -0.074017 0.631079 -0.043534
v -0.095549 0.972676 -0.059976
v -0.086128 0.764081 0.158957
v -0.080938 0.833202 0.156166
v -0.175892 0.824185 -0.111592
v -0.177189 0.824185 0.103489
v -0.034976 0.813286 0.175793
v -0.056362 0.812631 -0.159411
v -0.177189 0.824185 0.009123
v -0.137130 0.801698 0.136980
v -0.138335 0.828429 -0.129159
v -0.176660 0.824185 -0.037124
v -0.257610 0.866907 0.009123
v -0.257610 0.866907 -0.037728
v -0.290721 0.877196 0.009123
v -0.290721 0.877196 -0.037728
v -0.366463 0.901074 0.009123
v -0.366463 0.901074 -0.037728
v -0.126282 0.798610 0.145956
v -0.049096 0.800237 0.168846
v -0.097349 0.820530 -0.144285
v -0.105016 0.858425 0.178336
v -0.055421 0.848297 0.189697
v -0.096527 0.832248 0.179618
v -0.068892 0.825525 0.183787
v -0.132655 0.827285 0.161438
v -0.153709 0.871926 0.153658
v -0.067137 0.662672 0.169649
v -0.044725 0.663359 0.176147
v -0.045130 0.673762 0.170005
v -0.066229 0.668174 0.163794
v -0.045047 0.671949 0.169788
v -0.063697 0.667494 0.164408
v -0.044890 0.666920 0.176573
v -0.063763 0.663459 0.170839
v -0.128711 0.263564 0.071415
v -0.128711 0.580281 0.056075
v -0.128711 0.263564 -0.071415
v -0.128711 0.580281 -0.056075
v -0.128711 0.490620 -0.056075
v -0.128711 0.490620 0.056075
v -0.150727 0.263564 0.000000
v -0.150727 0.598845 0.000000
v -0.150727 0.472056 0.000000
v -0.128711 0.535451 -0.064798
v -0.128711 0.535450 0.064798
v -0.267390 0.565608 0.000000
v -0.163547 0.594720 0.000000
v -0.142964 0.577364 0.052426
v -0.142964 0.535451 -0.060581
v -0.142964 0.493537 -0.052426
v -0.142964 0.535451 0.060581
v -0.142964 0.493537 0.052426
v -0.163547 0.476182 0.000000
v -0.142964 0.577364 -0.052426
v -0.277070 0.565608 0.000000
v -0.251875 0.552525 0.039519
v -0.251875 0.520931 -0.045666
v -0.251875 0.489337 -0.039519
v -0.251875 0.520931 0.045666
v -0.251875 0.489337 0.039519
v -0.267390 0.476254 0.000000
v -0.251875 0.552525 -0.039519
v -0.354508 0.559799 0.000000
v -0.261554 0.552525 0.039519
v -0.261554 0.520931 -0.045666
v -0.261554 0.489337 -0.039519
v -0.261554 0.520931 0.045666
v -0.261554 0.489337 0.039519
v -0.277070 0.476254 0.000000
v -0.261554 0.552525 -0.039519
v -0.338993 0.548417 0.039519
v -0.338993 0.520931 -0.045666
v -0.338993 0.493444 -0.039519
v -0.338993 0.520931 0.045666
v -0.338993 0.493444 0.039519
v -0.354508 0.482062 0.000000
v -0.338993 0.548417 -0.039519
v -0.363377 0.553166 0.000000
v -0.350509 0.543727 0.032775
v -0.350509 0.520931 -0.037873
v -0.350509 0.498135 -0.032775
v -0.350509 0.520931 0.037873
v -0.350509 0.498135 0.032775
v -0.363377 0.488695 0.000000
v -0.350509 0.543727 -0.032775
v -0.404733 0.475172 0.000000
v -0.128711 0.404184 -0.061249
v -0.128711 0.404184 0.061249
v -0.150727 0.408575 0.000000
v -0.437992 0.553166 0.000000
v -0.425124 0.543727 0.032775
v -0.425124 0.520931 -0.037873
v -0.425124 0.498135 -0.032775
v -0.425124 0.520931 0.037873
v -0.425124 0.498135 0.032775
v -0.437992 0.488695 0.000000
v -0.425124 0.543727 -0.032775
v -0.437992 0.520931 0.000000
v -0.386467 0.488571 -0.046525
v -0.386467 0.520931 -0.053762
v -0.386467 0.553290 -0.046525
v -0.386467 0.488571 0.046525
v -0.386467 0.520931 0.053762
v -0.386467 0.553290 0.046525
v -0.404733 0.566690 0.000000
v -0.076759 0.585231 -0.062266
v -0.076759 0.263550 0.071415
v -0.076759 0.263550 -0.071415
v -0.076759 0.580274 0.062266
v -0.076759 0.485670 0.062266
v -0.076759 0.485670 -0.062266
v -0.089889 0.596302 0.031390
v -0.062666 0.251787 0.000000
v -0.076759 0.535450 0.071656
v -0.076759 0.535450 -0.067843
v -0.076759 0.400904 -0.065352
v -0.076759 0.400904 0.069250
v -0.158358 0.189855 0.000000
v -0.134946 0.190716 -0.051992
v -0.085825 0.191921 0.051992
v -0.134946 0.190716 0.051992
v -0.085825 0.191921 -0.051992
v -0.070837 0.191061 0.000000
v -0.157724 0.182756 0.000000
v -0.134312 0.183618 -0.051992
v -0.085190 0.184822 0.051992
v -0.134312 0.183618 0.051992
v -0.085190 0.184822 -0.051992
v -0.070203 0.183963 0.000000
v -0.162085 0.054412 0.000000
v -0.138346 0.057153 -0.051992
v -0.086948 0.055102 0.051992
v -0.138346 0.057153 0.051992
v -0.086948 0.055102 -0.051992
v -0.071752 0.056856 0.000000
v -0.079166 0.253556 0.068339
v -0.131685 0.253767 0.068339
v -0.153986 0.254067 0.000000
v -0.131685 0.253767 -0.068339
v -0.079166 0.253556 -0.068339
v -0.064890 0.241600 0.000000
v -0.158938 -0.003581 -0.000000
v -0.135200 -0.000841 -0.051992
v -0.078201 -0.002892 0.051992
v -0.135200 -0.000841 0.051992
v -0.078201 -0.002892 -0.051992
v -0.063004 -0.001137 0.000000
v -0.079698 0.031795 0.134341
v -0.136698 0.033846 0.134341
v -0.160469 0.031714 0.082350
v -0.064535 0.034158 0.082350
v -0.077817 -0.002871 0.134341
v -0.134817 -0.000820 0.134341
v -0.158555 -0.003560 0.082350
v -0.062621 -0.001117 0.082350
v -0.161310 0.077201 0.000000
v -0.137630 0.079608 -0.051992
v -0.086636 0.078135 -0.051992
v -0.071477 0.079425 0.000000
v -0.086636 0.078135 0.051992
v -0.137630 0.079608 0.051992
v -0.173818 0.077613 0.000000
v -0.174593 0.054824 0.000000
v -0.145231 0.057379 -0.062440
v -0.079464 0.055005 0.062021
v -0.145231 0.057379 0.062440
v -0.079464 0.055005 -0.062021
v -0.059238 0.056695 0.000000
v -0.079098 0.078038 -0.061981
v -0.079098 0.078038 0.061981
v -0.144275 0.079827 -0.062594
v -0.058963 0.079264 0.000000
v -0.144275 0.079827 0.062594
v -0.362201 0.570085 0.000000
v -0.346441 0.553831 0.048474
v -0.346191 0.520931 -0.056304
v -0.346441 0.488031 -0.048474
v -0.346191 0.520931 0.056304
v -0.346441 0.488031 0.048474
v -0.362201 0.471776 0.000000
v -0.346441 0.553831 -0.048474
v -0.357708 0.520931 -0.048511
v -0.357954 0.491529 0.040893
v -0.371070 0.478409 0.000000
v -0.357954 0.491529 -0.040893
v -0.371070 0.563452 0.000000
v -0.357954 0.550333 0.040893
v -0.357708 0.520931 0.048511
v -0.357954 0.550333 -0.040893
v -0.056065 0.678825 0.177236
v -0.061080 0.677627 0.175789
v -0.056023 0.677473 0.179060
v -0.061097 0.676542 0.177518
vn 0.4666 0.4650 -0.7524
vn 0.9746 0.2241 -0.0000
vn 0.6022 -0.7980 -0.0214
vn 0.2096 0.9699 0.1239
vn -0.0477 0.2814 0.9584
vn 0.3458 0.2256 0.9108
vn 0.2886 0.9467 0.1432
vn 0.2469 -0.9577 0.1481
vn 0.0537 0.2961 -0.9536
vn 0.2389 -0.4599 -0.8552
vn 0.0169 -0.1814 0.9833
vn 0.8016 -0.5979 -0.0000
vn 0.7030 -0.5778 -0.4147
vn 0.2916 0.9565 -0.0037
vn 0.2112 0.9774 -0.0000
vn 0.5666 -0.8240 -0.0000
vn 0.9855 0.1646 -0.0421
vn 0.4052 -0.9137 0.0323
vn 0.0937 -0.3096 -0.9462
vn 0.4583 -0.0085 0.8888
vn 0.9525 0.3046 0.0002
vn 0.9867 -0.1624 -0.0079
vn 0.5176 -0.2009 -0.8317
vn 0.4851 0.3237 0.8123
vn 0.3773 0.9261 0.0023
vn 0.2359 -0.8985 -0.3702
vn 0.2552 -0.2421 -0.9361
vn 0.6209 -0.3138 0.7184
vn 0.4824 -0.8760 -0.0000
vn 0.7453 0.6656 -0.0374
vn 0.3299 -0.5746 -0.7490
vn 0.8542 -0.2716 0.4433
vn 0.7317 0.6535 0.1936
vn 0.5431 0.6129 0.5740
vn 0.4974 -0.8671 -0.0280
vn 0.2478 0.2904 -0.9243
vn 0.3696 -0.1680 -0.9139
vn 0.6337 0.0227 0.7732
vn 0.1168 -0.1478 -0.9821
vn 0.1185 -0.1607 -0.9799
vn 0.5624 0.2828 0.7770
vn -0.0113 -0.0066 0.9999
vn 0.9909 -0.1343 -0.0000
vn 0.4104 -0.1131 -0.9048
vn 0.9944 -0.1049 -0.0103
vn 0.7570 0.5963 -0.2671
vn 0.4247 -0.9026 -0.0699
vn 0.9854 -0.1704 -0.0000
vn 0.9448 0.3273 -0.0163
vn 0.2257 0.9447 -0.2380
vn 0.2946 0.9210 -0.2549
vn 0.3521 -0.9276 -0.1244
vn 0.1280 -0.1503 -0.9803
vn 0.9799 -0.1982 0.0236
vn -0.0000 -0.0000 1.0000
vn 0.2758 -0.9612 -0.0000
vn -0.1544 0.2792 -0.9477
vn -0.2724 0.9621 0.0116
vn -0.1977 0.6272 -0.7533
vn 0.8124 -0.5831 -0.0000
vn -0.1005 0.9949 -0.0000
vn 0.6486 -0.7612 -0.0000
vn -0.1493 0.4806 -0.8642
vn 0.8855 -0.4647 -0.0000
vn 0.9720 0.2351 -0.0000
vn -0.2757 0.9607 -0.0312
vn 0.2348 -0.1685 -0.9573
vn -0.1632 0.9866 -0.0000
vn -0.0212 0.0321 0.9993
vn 0.3866 -0.4527 0.8035
vn 0.1659 -0.5746 0.8014
vn 0.1793 -0.2312 0.9562
vn -0.0127 0.0248 0.9996
vn 0.0951 -0.0963 0.9908
vn 0.4817 -0.3452 0.8055
vn -0.0114 0.0325 0.9994
vn -0.0691 0.0321 0.9971
vn -0.0131 0.0224 0.9997
vn -0.0169 0.0449 0.9988
vn -0.8854 0.4638 -0.0291
vn 0.6284 -0.7772 0.0328
vn -0.6482 0.7608 -0.0327
vn -0.8120 0.5828 -0.0310
vn 0.4566 -0.8891 0.0326
vn 0.3198 -0.0563 0.9458
vn -0.5788 -0.5080 0.6380
vn 0.2018 -0.1878 0.9612
vn 0.2725 -0.1012 0.9568
vn -0.1633 0.9742 0.1556
vn 0.2932 0.9141 -0.2802
vn 0.4265 -0.8928 -0.1450
vn 0.3711 -0.1817 -0.9106
vn 0.2469 0.2927 -0.9238
vn 0.1432 -0.9859 0.0867
vn 0.3199 -0.5488 -0.7724
vn 0.4813 -0.8765 0.0099
vn 0.2594 -0.2845 -0.9229
vn 0.3835 -0.1895 0.9039
vn 0.2916 0.9565 -0.0076
vn 0.6120 -0.1121 0.7829
vn 0.2872 0.9419 0.1745
vn 0.3064 0.2953 0.9049
vn 0.3590 -0.1826 -0.9153
vn 0.3911 -0.0655 0.9180
vn -0.1556 0.9406 0.3017
vn -0.0362 0.0704 -0.9969
vn -0.0561 0.5555 0.8296
vn -0.0462 0.1042 -0.9935
vn -0.0403 0.0519 -0.9978
vn -0.1232 0.4293 0.8947
vn 0.9925 -0.1221 -0.0000
vn 0.3639 -0.1098 -0.9249
vn 0.9911 -0.1331 -0.0006
vn -0.0071 -0.0169 0.9998
vn 0.5271 0.0445 0.8487
vn 0.1394 -0.1603 -0.9772
vn 0.6559 0.0455 0.7535
vn 0.3589 -0.1684 -0.9181
vn 0.4655 -0.0657 0.8826
vn 0.2283 -0.0264 0.9732
vn 0.1278 -0.9686 -0.2135
vn 0.6973 -0.4290 -0.5742
vn -0.1216 -0.9918 0.0405
vn -0.1751 0.9673 0.1837
vn 0.1233 -0.0000 0.9924
vn 0.2757 -0.0725 0.9585
vn 0.4094 -0.1336 0.9025
vn 0.3589 0.7923 0.4935
vn 0.1120 -0.0000 0.9937
vn 0.5618 -0.1128 0.8196
vn 0.2470 -0.1264 0.9607
vn 0.1015 0.8036 0.5864
vn 0.2588 -0.2856 0.9227
vn -0.0144 0.7451 -0.6667
vn 0.0574 0.1907 -0.9800
vn 0.2808 0.8728 -0.3992
vn 0.9104 0.0620 0.4090
vn 0.0681 0.8733 0.4823
vn 0.1471 0.2028 0.9681
vn 0.1441 0.1153 0.9828
vn 0.9411 -0.0000 0.3383
vn 0.0764 0.0363 -0.9964
vn 0.9411 -0.0000 -0.3383
vn -0.0062 -0.2513 0.9679
vn 0.2789 -0.1834 0.9427
vn 0.2808 -0.8728 0.3992
vn 0.1336 -0.1837 0.9739
vn 0.2789 0.1834 -0.9427
vn 0.1280 -0.1104 -0.9856
vn 0.0007 -0.9493 -0.3145
vn 0.1579 0.1886 -0.9693
vn 0.2485 0.8862 0.3909
vn 0.1083 -0.1899 0.9758
vn 0.2789 0.1834 0.9427
vn 0.2808 0.8728 0.3992
vn 0.2808 -0.8728 -0.3992
vn 0.2789 -0.1834 -0.9427
vn -0.0000 0.9493 0.3143
vn -0.0000 -0.1910 0.9816
vn -0.0000 0.9493 -0.3143
vn -0.0000 0.1910 0.9816
vn 0.0007 -0.9493 0.3145
vn 0.1083 -0.1899 -0.9758
vn 0.1579 0.1886 0.9693
vn 0.2485 0.8862 -0.3909
vn 0.0500 0.9421 -0.3315
vn 0.0101 0.1910 0.9815
vn 0.0101 -0.1910 -0.9815
vn 0.0500 -0.9421 0.3315
vn -0.0000 0.1910 -0.9816
vn -0.0000 -0.9493 -0.3143
vn -0.0000 -0.9493 0.3143
vn -0.0000 -0.1910 -0.9816
vn 0.8218 -0.1244 -0.5561
vn 0.6434 -0.7648 0.0323
vn -0.8019 -0.1441 -0.5799
vn 0.7890 -0.1603 0.5931
vn -0.0000 -0.2183 0.9759
vn 0.0713 0.9507 0.3018
vn -0.0000 0.2183 -0.9759
vn 0.0713 -0.9507 -0.3018
vn 0.3723 -0.2026 -0.9057
vn -0.8019 0.1441 0.5799
vn -0.7994 0.5979 -0.0594
vn -0.8218 0.1244 -0.5561
vn 0.6434 0.7648 -0.0323
vn 0.3479 -0.8557 0.3831
vn 0.3479 -0.8557 -0.3831
vn 0.9554 0.0213 -0.2945
vn -0.0000 0.0441 -0.9990
vn 0.9554 0.0213 0.2945
vn -0.1254 -0.1442 0.9816
vn 0.3723 0.2026 -0.9057
vn 0.9308 -0.0000 -0.3655
vn 0.9308 -0.0000 0.3655
vn 0.9444 -0.0718 0.3209
vn 0.3723 0.2026 0.9057
vn 0.3479 0.8557 -0.3831
vn 0.3723 -0.2026 0.9057
vn 0.3479 0.8557 0.3831
vn -0.3073 0.9397 0.1500
vn -0.3960 -0.2004 0.8961
vn -0.3073 0.9397 -0.1500
vn -0.3960 0.2004 0.8961
vn -0.3960 0.2004 -0.8961
vn -0.3073 -0.9397 -0.1500
vn -0.3073 -0.9397 0.1500
vn -0.3960 -0.2004 -0.8961
vn -0.0000 0.0158 0.9999
vn -0.1031 -0.0597 -0.9929
vn 0.1225 -0.1105 -0.9863
vn 0.2676 -0.9635 -0.0000
vn -0.1686 0.9536 -0.2495
vn 0.0787 -0.0000 -0.9969
vn 0.1467 0.0812 0.9858
vn 0.1282 0.2033 0.9707
vn 0.1488 0.9198 0.3629
vn 0.0933 0.1108 -0.9895
vn -0.9577 0.0856 0.2747
vn 0.0010 -0.2563 -0.9666
vn -0.9594 -0.1644 0.2292
vn 0.9502 -0.0312 -0.3100
vn -0.9543 -0.1123 -0.2770
vn 0.0093 0.9998 0.0167
vn -0.0164 -0.9996 0.0219
vn 0.9083 -0.0812 0.4104
vn 0.9083 -0.0812 -0.4104
vn -0.9577 0.0856 -0.2747
vn -0.0000 -0.0000 -1.0000
vn -0.0384 0.9617 0.2714
vn 0.0134 0.9995 0.0290
vn 0.0360 -0.9992 0.0172
vn -0.0329 0.9976 -0.0611
vn -0.0273 0.9996 0.0109
vn -0.9497 -0.2074 -0.2347
vn 0.9375 0.1938 -0.2890
vn -0.9272 -0.2945 0.2315
vn 0.0001 -0.2941 -0.9558
vn 0.0012 -0.2992 0.9542
vn 0.9034 0.3101 0.2962
vn 0.0359 -0.9984 -0.0442
vn 0.0359 -0.9984 0.0442
vn -0.9878 0.1490 -0.0455
vn 0.0360 -0.9994 0.0004
vn 0.9076 -0.0492 -0.4170
vn -0.9487 0.1431 -0.2821
vn -0.9581 0.0520 0.2818
vn 0.9076 -0.0492 0.4170
vn -0.1137 -0.9935 -0.0003
vn -0.5208 0.8323 0.1897
vn -0.1153 -0.9933 -0.0003
vn 0.9985 -0.0542 0.0047
vn 0.5852 0.7787 0.2261
vn -0.2485 0.9640 -0.0946
vn 0.3079 0.9514 -0.0107
vn 0.1824 0.6473 -0.7401
vn 0.9102 0.0309 0.4131
vn -0.9600 -0.0130 0.2796
vn 0.9116 0.0291 -0.4100
vn -0.9608 -0.0117 -0.2771
vn -0.9511 -0.0116 -0.3087
vn 0.9042 0.0356 -0.4255
vn -0.0064 0.0016 -1.0000
vn -0.0092 -0.0073 0.9999
vn -0.9507 -0.0145 0.3096
vn 0.9050 0.0307 0.4243
vn -0.0170 -0.9993 0.0329
vn -0.0129 0.9995 -0.0286
vn 0.0129 -0.9992 -0.0375
vn -0.0289 0.9996 -0.0025
vn 0.0399 -0.9992 0.0046
vn 0.0329 -0.9972 -0.0676
vn 0.5805 0.1997 0.7894
vn 0.5805 -0.1997 -0.7894
vn 0.5045 -0.7558 0.4175
vn 0.5464 -0.7305 -0.4096
vn 0.5045 0.7558 -0.4175
vn 0.5503 -0.1894 0.8132
vn 0.5464 0.7305 0.4096
vn 0.5503 0.1894 -0.8132
vn -0.8218 -0.1244 0.5561
vn 0.8218 0.1244 0.5561
vn -0.5890 -0.8081 0.0015
vn 0.7890 0.1603 -0.5931
vn -0.5890 0.8081 -0.0015
vn 0.7991 0.5977 0.0646
vn -0.7994 -0.5979 0.0594
vn 0.7991 -0.5977 -0.0646
vn 0.3126 0.7596 0.5703
vn 0.9839 0.1557 0.0876
vn 0.1942 -0.4144 0.8892
vn -0.6694 0.6042 0.4323
vn -0.6708 0.2388 -0.7022
vn -0.9878 0.1494 0.0443
vn -0.5666 -0.8240 -0.0000
vn -0.2096 0.9699 0.1239
vn 0.0477 0.2814 0.9584
vn -0.4748 0.2604 0.8407
vn -0.2886 0.9467 0.1432
vn -0.2469 -0.9577 0.1481
vn -0.1425 0.2598 -0.9551
vn -0.2389 -0.4599 -0.8552
vn -0.0169 -0.1814 0.9833
vn -0.8016 -0.5979 -0.0000
vn -0.7030 -0.5778 -0.4147
vn -0.2971 0.9548 -0.0000
vn -0.2112 0.9774 -0.0000
vn -0.9844 0.1691 -0.0495
vn -0.4052 -0.9137 0.0323
vn -0.0937 -0.3096 -0.9462
vn -0.4583 -0.0085 0.8888
vn -0.9525 0.3046 0.0001
vn -0.9854 -0.1704 -0.0006
vn -0.5176 -0.2009 -0.8317
vn -0.4851 0.3237 0.8123
vn -0.3773 0.9261 0.0023
vn -0.1016 -0.9948 -0.0006
vn -0.2552 -0.2421 -0.9361
vn -0.7864 -0.1305 0.6038
vn -0.4824 -0.8760 -0.0000
vn -0.7599 0.6497 -0.0199
vn -0.3299 -0.5746 -0.7490
vn -0.5029 -0.7214 0.4761
vn -0.7317 0.6535 0.1936
vn -0.5431 0.6129 0.5740
vn -0.4811 -0.8764 -0.0208
vn -0.2478 0.2904 -0.9243
vn -0.3696 -0.1680 -0.9139
vn -0.6197 0.0041 0.7849
vn -0.1168 -0.1478 -0.9821
vn -0.1185 -0.1607 -0.9799
vn -0.2797 0.0353 0.9594
vn 0.0157 -0.0116 0.9998
vn -0.9909 -0.1343 -0.0000
vn -0.4417 -0.1559 -0.8835
vn -0.9944 -0.1049 -0.0103
vn -0.8081 0.5602 -0.1820
vn -0.4247 -0.9026 -0.0699
vn -0.9854 -0.1704 -0.0000
vn -0.9448 0.3273 -0.0163
vn -0.2257 0.9447 -0.2380
vn -0.3257 0.9168 -0.2310
vn -0.3739 -0.9155 -0.1487
vn -0.1280 -0.1503 -0.9803
vn -0.9799 -0.1982 0.0236
vn -0.2758 -0.9612 -0.0000
vn 0.1544 0.2792 -0.9477
vn 0.2724 0.9621 0.0116
vn 0.1977 0.6272 -0.7533
vn -0.8124 -0.5831 -0.0000
vn 0.1005 0.9949 -0.0000
vn -0.6486 -0.7612 -0.0000
vn 0.1493 0.4806 -0.8642
vn -0.8855 -0.4647 -0.0000
vn -0.9720 0.2351 -0.0000
vn 0.2757 0.9607 -0.0312
vn -0.2348 -0.1685 -0.9573
vn 0.1632 0.9866 -0.0000
vn -0.3174 0.0078 0.9483
vn -0.3866 -0.4527 0.8035
vn -0.1659 -0.5746 0.8014
vn 0.0460 0.0036 0.9989
vn 0.0169 0.0299 0.9994
vn -0.5374 -0.2531 0.8044
vn -0.4817 -0.3452 0.8055
vn 0.0114 0.0325 0.9994
vn 0.0219 0.0807 0.9965
vn 0.0172 0.0215 0.9996
vn 0.0353 0.0260 0.9990
vn 0.8854 0.4638 -0.0291
vn -0.6284 -0.7772 0.0328
vn 0.6482 0.7608 -0.0327
vn 0.8120 0.5828 -0.0310
vn -0.4566 -0.8891 0.0326
vn -0.3540 -0.1113 0.9286
vn 0.5788 -0.5080 0.6380
vn -0.2018 -0.1878 0.9612
vn -0.3375 -0.2137 0.9167
vn 0.1166 0.9727 0.2007
vn -0.3272 0.9106 -0.2523
vn -0.4265 -0.8928 -0.1450
vn -0.3711 -0.1817 -0.9106
vn -0.2469 0.2927 -0.9238
vn -0.4648 -0.8850 -0.0271
vn -0.3199 -0.5488 -0.7724
vn -0.4813 -0.8765 0.0099
vn -0.2594 -0.2845 -0.9229
vn -0.3835 -0.1895 0.9039
vn -0.2972 0.9548 -0.0038
vn -0.3221 -0.3170 0.8920
vn -0.2872 0.9419 0.1745
vn -0.4853 0.3678 0.7932
vn -0.3590 -0.1826 -0.9153
vn -0.2753 0.0371 0.9606
vn 0.1817 0.5762 0.7969
vn 0.0362 0.0704 -0.9969
vn 0.1339 0.4310 0.8924
vn 0.0462 0.1042 -0.9935
vn 0.0403 0.0519 -0.9978
vn 0.1303 0.2453 0.9607
vn -0.4039 -0.1566 -0.9013
vn 0.0071 -0.0169 0.9998
vn -0.5271 0.0445 0.8487
vn -0.1394 -0.1603 -0.9772
vn -0.6415 -0.0002 0.7671
vn -0.3589 -0.1684 -0.9181
vn -0.4366 -0.0978 0.8943
vn -0.1819 -0.1448 0.9726
vn -0.1278 -0.9686 -0.2135
vn -0.6973 -0.4290 -0.5742
vn 0.1216 -0.9917 0.0405
vn 0.1895 0.9666 0.1727
vn -0.1297 -0.1237 0.9838
vn -0.2757 -0.0725 0.9585
vn -0.4094 -0.1336 0.9025
vn 0.0284 0.7262 0.6869
vn -0.1120 -0.0000 0.9937
vn -0.5618 -0.1128 0.8196
vn -0.1114 -0.1232 0.9861
vn -0.2470 -0.1264 0.9607
vn -0.1015 0.8036 0.5864
vn -0.2670 -0.1267 0.9553
vn 0.0144 0.7451 -0.6667
vn -0.1280 0.1104 -0.9856
vn -0.2808 0.8728 -0.3992
vn -0.9502 -0.0312 0.3100
vn -0.0681 0.8733 0.4823
vn -0.1471 0.2028 0.9681
vn -0.1103 0.0816 0.9905
vn -0.9411 -0.0000 0.3383
vn -0.0764 0.0363 -0.9964
vn -0.9330 0.0215 -0.3592
vn -0.0010 -0.2563 0.9666
vn -0.2789 -0.1834 0.9427
vn -0.2808 -0.8728 0.3992
vn -0.1336 -0.1837 0.9739
vn -0.2789 0.1834 -0.9427
vn -0.1280 -0.1104 -0.9856
vn -0.0007 -0.9493 -0.3145
vn -0.1579 0.1886 -0.9693
vn -0.2485 0.8862 0.3909
vn -0.1083 -0.1899 0.9758
vn -0.2789 0.1834 0.9427
vn -0.2808 0.8728 0.3992
vn -0.2808 -0.8728 -0.3992
vn -0.2789 -0.1834 -0.9427
vn -0.0007 -0.9493 0.3145
vn -0.1083 -0.1899 -0.9758
vn -0.1579 0.1886 0.9693
vn -0.2485 0.8862 -0.3909
vn -0.0500 0.9421 -0.3315
vn -0.0101 0.1910 0.9815
vn -0.0101 -0.1910 -0.9815
vn -0.0500 -0.9421 0.3315
vn -0.8218 -0.1244 -0.5561
vn -0.6434 -0.7648 0.0323
vn -0.0101 -0.1910 0.9815
vn -0.0500 0.9421 0.3315
vn -0.0101 0.1910 -0.9815
vn -0.0500 -0.9421 -0.3315
vn -0.3723 -0.2026 -0.9057
vn 0.5890 0.8081 0.0015
vn 0.8218 0.1244 -0.5561
vn -0.6434 0.7648 -0.0323
vn -0.3479 -0.8557 0.3831
vn -0.3479 -0.8557 -0.3831
vn -0.9554 0.0213 -0.2945
vn -0.1512 0.0156 0.9884
vn -0.3723 0.2026 -0.9057
vn -0.9444 -0.0718 -0.3209
vn -0.9308 -0.0000 -0.3655
vn -0.9444 0.0718 0.3209
vn -0.9308 -0.0000 0.3655
vn -0.3723 0.2026 0.9057
vn -0.3479 0.8557 -0.3831
vn -0.3723 -0.2026 0.9057
vn -0.3479 0.8557 0.3831
vn 0.3073 0.9397 0.1500
vn 0.3960 -0.2004 0.8961
vn 0.3073 0.9397 -0.1500
vn 0.3960 0.2004 0.8961
vn 0.3960 0.2004 -0.8961
vn 0.3073 -0.9397 -0.1500
vn 0.3073 -0.9397 0.1500
vn 0.3960 -0.2004 -0.8961
vn -0.1474 0.0713 0.9865
vn 0.1031 -0.0597 -0.9929
vn -0.0547 -0.0119 -0.9984
vn -0.1285 -0.1894 0.9735
vn -0.3443 -0.9349 -0.0861
vn -0.1096 0.9852 -0.1318
vn -0.0787 -0.0000 -0.9969
vn -0.1126 0.0594 0.9919
vn -0.1162 0.1897 0.9749
vn -0.1488 0.9198 0.3629
vn -0.2676 -0.9635 -0.0000
vn -0.1219 0.0252 -0.9922
vn 0.9577 0.0856 0.2747
vn -0.0010 -0.2563 -0.9666
vn 0.9594 -0.1644 0.2292
vn -0.9502 -0.0312 -0.3100
vn 0.9594 -0.1644 -0.2292
vn 0.0129 0.9995 0.0286
vn -0.0129 -0.9992 0.0375
vn -0.9083 -0.0812 0.4104
vn -0.9083 -0.0812 -0.4104
vn 0.9577 0.0856 -0.2747
vn 0.0384 0.9617 0.2714
vn 0.0329 0.9976 0.0611
vn -0.0399 -0.9992 -0.0046
vn 0.0329 0.9976 -0.0611
vn 0.0289 0.9996 0.0025
vn 0.9272 -0.2945 -0.2315
vn -0.9375 0.1938 -0.2890
vn 0.9272 -0.2946 0.2315
vn -0.0001 -0.2941 -0.9558
vn -0.0001 -0.2941 0.9558
vn -0.9375 0.1938 0.2890
vn 0.0254 -0.9988 0.0410
vn -0.0359 -0.9984 0.0442
vn 0.9878 0.1490 -0.0455
vn -0.0360 -0.9994 0.0004
vn -0.9076 -0.0492 -0.4170
vn 0.9487 0.1431 -0.2821
vn 0.9581 0.0520 0.2818
vn -0.9076 -0.0492 0.4170
vn 0.1137 -0.9935 -0.0003
vn 0.5281 0.8294 0.1823
vn 0.1153 -0.9933 -0.0003
vn -0.9985 -0.0542 0.0047
vn -0.5852 0.7787 0.2261
vn -0.0401 0.5146 0.8565
vn -0.5250 0.8335 -0.1721
vn -0.1824 0.6473 -0.7401
vn -0.9116 0.0291 0.4100
vn 0.9608 -0.0117 0.2771
vn -0.9116 0.0291 -0.4100
vn 0.9608 -0.0117 -0.2772
vn 0.9511 -0.0116 -0.3087
vn -0.9042 0.0356 -0.4255
vn 0.0092 -0.0073 -0.9999
vn 0.0092 -0.0073 0.9999
vn 0.9511 -0.0116 0.3087
vn -0.9042 0.0356 0.4255
vn -0.0329 -0.9972 0.0676
vn 0.0129 0.9995 -0.0286
vn -0.0129 -0.9992 -0.0375
vn 0.0289 0.9996 -0.0025
vn -0.0399 -0.9992 0.0046
vn -0.0329 -0.9972 -0.0676
vn -0.5503 0.1894 0.8132
vn -0.5503 -0.1894 -0.8132
vn -0.5045 -0.7558 0.4175
vn -0.5045 -0.7558 -0.4175
vn -0.5045 0.7558 -0.4175
vn -0.5503 -0.1894 0.8132
vn -0.5045 0.7558 0.4175
vn -0.5503 0.1894 -0.8132
vn 0.8218 -0.1244 0.5561
vn -0.8218 0.1244 0.5561
vn 0.5890 -0.8081 0.0015
vn 0.5890 0.8081 -0.0015
vn -0.6434 0.7648 0.0323
vn 0.5890 -0.8081 -0.0015
vn -0.6434 -0.7648 -0.0323
vn -0.3348 0.7997 0.4984
vn -0.9839 0.1557 0.0876
vn -0.1942 -0.4144 0.8892
vn 0.6693 0.6042 0.4323
vn 0.6708 0.2388 -0.7022
vn 0.9878 0.1494 0.0443
vn 0.0523 0.2419 0.9689
vn 0.4748 0.2604 0.8407
vn 0.3404 0.9327 0.1191
vn 0.0062 -0.9960 0.0893
vn 0.1425 0.2598 -0.9551
vn 0.0945 -0.5430 -0.8344
vn 0.1317 -0.0592 0.9895
vn 0.7948 -0.6069 -0.0047
vn 0.3997 -0.8014 -0.4449
vn 0.2971 0.9548 -0.0000
vn 0.9844 0.1691 -0.0495
vn 0.1415 -0.2854 -0.9479
vn 0.3572 0.1135 0.9271
vn 0.9525 0.3046 0.0001
vn 0.9854 -0.1704 -0.0006
vn 0.3430 -0.2676 -0.9004
vn 0.1876 0.4609 0.8674
vn 0.1016 -0.9948 -0.0006
vn 0.3590 -0.1991 -0.9119
vn 0.7864 -0.1305 0.6038
vn 0.7599 0.6497 -0.0199
vn 0.2738 -0.6061 -0.7468
vn 0.5029 -0.7214 0.4761
vn 0.7892 0.6039 0.1119
vn 0.8086 0.2357 0.5390
vn 0.4811 -0.8764 -0.0208
vn 0.2400 0.2867 -0.9275
vn 0.3776 -0.1569 -0.9126
vn 0.6197 0.0041 0.7849
vn 0.1156 -0.1490 -0.9821
vn 0.0999 -0.1948 -0.9757
vn 0.2797 0.0353 0.9594
vn -0.0157 -0.0116 0.9998
vn 0.4417 -0.1559 -0.8835
vn 0.9929 -0.1174 -0.0171
vn 0.8081 0.5602 -0.1820
vn 0.9831 0.1350 -0.1235
vn 0.2066 0.9523 -0.2246
vn 0.3257 0.9168 -0.2310
vn 0.3739 -0.9155 -0.1487
vn 0.0844 -0.1643 -0.9828
vn -0.1431 0.4797 -0.8657
vn -0.2758 0.9612 -0.0000
vn -0.1573 0.9513 -0.2650
vn -0.0615 0.6095 -0.7904
vn 0.1230 -0.2774 -0.9528
vn 0.3174 0.0078 0.9483
vn 0.3880 -0.4554 0.8013
vn 0.0962 -0.0733 0.9927
vn -0.0460 0.0036 0.9989
vn -0.0169 0.0299 0.9994
vn 0.5374 -0.2531 0.8044
vn 0.4836 -0.3471 0.8035
vn -0.0044 0.0099 0.9999
vn -0.0219 0.0807 0.9965
vn -0.0172 0.0215 0.9996
vn -0.0353 0.0260 0.9990
vn 0.3540 -0.1113 0.9286
vn 0.2736 -0.1031 0.9563
vn 0.3375 -0.2137 0.9167
vn -0.1166 0.9727 0.2007
vn 0.3272 0.9106 -0.2523
vn 0.4883 -0.8701 -0.0674
vn 0.3797 -0.1676 -0.9098
vn 0.2410 0.2907 -0.9260
vn 0.4648 -0.8850 -0.0271
vn 0.2741 -0.5731 -0.7723
vn 0.4665 -0.8845 -0.0000
vn 0.3585 -0.2419 -0.9016
vn 0.3078 -0.0058 0.9514
vn 0.2972 0.9548 -0.0038
vn 0.3221 -0.3170 0.8920
vn 0.3485 0.9268 0.1401
vn 0.4853 0.3678 0.7932
vn 0.2753 0.0371 0.9606
vn -0.1817 0.5762 0.7969
vn -0.0308 0.0992 -0.9946
vn -0.1339 0.4310 0.8924
vn -0.1202 0.3814 -0.9166
vn -0.0459 0.0729 -0.9963
vn -0.1303 0.2453 0.9607
vn 0.4039 -0.1566 -0.9013
vn -0.0117 -0.0104 0.9999
vn 0.6505 -0.0950 0.7535
vn 0.1201 -0.1944 -0.9735
vn 0.6415 -0.0002 0.7671
vn 0.3684 -0.1570 -0.9163
vn 0.4366 -0.0978 0.8943
vn 0.1819 -0.1448 0.9726
vn 0.2073 -0.9621 -0.1770
vn -0.1138 -0.9925 0.0448
vn -0.1895 0.9666 0.1727
vn 0.1297 -0.1237 0.9838
vn 0.5393 -0.2834 0.7930
vn 0.2911 0.0365 0.9560
vn -0.0284 0.7262 0.6869
vn 0.0115 -0.1125 0.9936
vn 0.9585 0.2663 0.1016
vn 0.1114 -0.1232 0.9861
vn 0.2583 -0.0935 0.9615
vn 0.1004 0.7982 0.5940
vn 0.2670 -0.1267 0.9553
vn 0.1280 0.1104 -0.9856
vn 0.9502 -0.0312 0.3100
vn 0.3214 0.9421 -0.0961
vn 0.1711 0.1561 0.9728
vn 0.1103 0.0816 0.9905
vn 0.9330 0.0215 0.3592
vn 0.1126 0.0594 -0.9919
vn 0.9330 0.0215 -0.3592
vn 0.0010 -0.2563 0.9666
vn 0.1145 -0.1580 0.9808
vn 0.0574 -0.1907 -0.9800
vn 0.0713 0.9507 -0.3018
vn -0.0000 0.2183 0.9759
vn -0.0000 -0.2183 -0.9759
vn 0.0713 -0.9507 0.3018
vn 0.7890 -0.1603 -0.5931
vn 0.7991 -0.5977 0.0646
vn 0.0101 -0.1910 0.9815
vn 0.0500 0.9421 0.3315
vn 0.0101 0.1910 -0.9815
vn 0.0500 -0.9421 -0.3315
vn -0.5890 0.8081 0.0015
vn -0.8019 0.1441 -0.5799
vn 0.7991 0.5977 -0.0646
vn 0.0740 0.0719 -0.9947
vn 0.1512 0.0156 0.9884
vn 0.9444 -0.0718 -0.3209
vn 0.9444 0.0718 -0.3209
vn 0.9444 0.0718 0.3209
vn 0.1474 0.0713 0.9865
vn 0.0759 0.0440 -0.9961
vn 0.0547 -0.0119 -0.9984
vn 0.1285 -0.1894 0.9735
vn 0.3443 -0.9349 -0.0861
vn 0.1096 0.9852 -0.1318
vn 0.1167 0.0361 -0.9925
vn 0.1126 0.0594 0.9919
vn 0.1162 0.1897 0.9749
vn 0.0570 0.8760 0.4789
vn 0.3398 -0.9365 0.0872
vn 0.1219 0.0252 -0.9922
vn -0.0062 -0.2513 -0.9679
vn -0.9543 -0.1123 0.2770
vn 0.9104 0.0620 -0.4090
vn -0.9594 -0.1644 -0.2292
vn -0.0129 0.9995 0.0286
vn 0.0129 -0.9992 0.0375
vn -0.0346 0.9624 0.2693
vn -0.0329 0.9976 0.0611
vn 0.0399 -0.9992 -0.0046
vn 0.0134 0.9995 -0.0290
vn -0.0289 0.9996 0.0025
vn -0.9272 -0.2945 -0.2315
vn 0.9034 0.3101 -0.2962
vn -0.9497 -0.2074 0.2347
vn 0.0012 -0.2992 -0.9542
vn 0.0001 -0.2941 0.9558
vn 0.9375 0.1938 0.2890
vn -0.0254 -0.9988 0.0410
vn -0.0254 -0.9988 -0.0410
vn -0.9985 0.0542 -0.0047
vn -0.5281 0.8294 0.1823
vn 0.5791 0.7813 0.2327
vn 0.0401 0.5146 0.8565
vn 0.5250 0.8335 -0.1721
vn -0.3548 0.9346 -0.0246
vn 0.9116 0.0291 0.4100
vn -0.9608 -0.0117 0.2771
vn 0.9102 0.0309 -0.4131
vn -0.9600 -0.0130 -0.2796
vn -0.9507 -0.0145 -0.3096
vn 0.9050 0.0307 -0.4243
vn -0.0092 -0.0073 -0.9999
vn -0.0064 0.0016 1.0000
vn -0.9511 -0.0116 0.3087
vn 0.9042 0.0356 0.4255
vn 0.0329 -0.9972 0.0676
vn 0.0093 0.9998 -0.0167
vn -0.0164 -0.9996 -0.0219
vn -0.0273 0.9996 -0.0109
vn 0.0360 -0.9992 -0.0172
vn -0.0170 -0.9993 -0.0329
vn 0.5503 0.1894 0.8132
vn 0.5503 -0.1894 -0.8132
vn 0.5464 -0.7305 0.4096
vn 0.5045 -0.7558 -0.4175
vn 0.5464 0.7305 -0.4096
vn 0.5805 -0.1997 0.7894
vn 0.5045 0.7558 0.4175
vn 0.5805 0.1997 -0.7894
vn -0.8019 -0.1441 0.5799
vn 0.7890 0.1603 0.5931
vn -0.7994 -0.5979 -0.0594
vn -0.7994 0.5979 0.0594
vn 0.6434 0.7648 0.0323
vn -0.5890 -0.8081 -0.0015
vn 0.6434 -0.7648 -0.0323
vn 0.3348 0.7997 0.4984
vn -0.6693 0.6042 0.4323
vn -0.4666 0.4650 -0.7524
vn -0.9746 0.2241 -0.0000
vn -0.6022 -0.7980 -0.0214
vn -0.0523 0.2419 0.9689
vn -0.3458 0.2256 0.9108
vn -0.3404 0.9327 0.1191
vn -0.0062 -0.9960 0.0893
vn -0.0537 0.2961 -0.9536
vn -0.0945 -0.5430 -0.8344
vn -0.1317 -0.0592 0.9895
vn -0.7948 -0.6069 -0.0047
vn -0.3997 -0.8014 -0.4449
vn -0.2916 0.9565 -0.0037
vn -0.9855 0.1646 -0.0421
vn -0.1415 -0.2854 -0.9479
vn -0.3572 0.1135 0.9271
vn -0.9525 0.3046 0.0002
vn -0.9867 -0.1624 -0.0079
vn -0.3430 -0.2676 -0.9004
vn -0.1876 0.4609 0.8674
vn -0.2359 -0.8985 -0.3702
vn -0.3590 -0.1991 -0.9119
vn -0.6209 -0.3138 0.7184
vn -0.7453 0.6656 -0.0374
vn -0.2738 -0.6061 -0.7468
vn -0.8542 -0.2716 0.4433
vn -0.7892 0.6039 0.1119
vn -0.8086 0.2357 0.5390
vn -0.4974 -0.8671 -0.0280
vn -0.2400 0.2867 -0.9275
vn -0.3776 -0.1569 -0.9126
vn -0.6337 0.0227 0.7732
vn -0.1156 -0.1490 -0.9821
vn -0.0999 -0.1948 -0.9757
vn -0.5624 0.2828 0.7770
vn 0.0113 -0.0066 0.9999
vn -0.4104 -0.1131 -0.9048
vn -0.9929 -0.1174 -0.0171
vn -0.7570 0.5963 -0.2671
vn -0.9831 0.1350 -0.1235
vn -0.2066 0.9523 -0.2246
vn -0.2946 0.9210 -0.2549
vn -0.3521 -0.9276 -0.1244
vn -0.0844 -0.1643 -0.9828
vn 0.1431 0.4797 -0.8657
vn 0.2758 0.9612 -0.0000
vn 0.1573 0.9513 -0.2650
vn 0.0615 0.6095 -0.7904
vn -0.1230 -0.2774 -0.9528
vn 0.0212 0.0321 0.9993
vn -0.3880 -0.4554 0.8013
vn -0.0962 -0.0733 0.9927
vn -0.1793 -0.2312 0.9562
vn 0.0127 0.0248 0.9996
vn -0.0951 -0.0963 0.9908
vn -0.4836 -0.3471 0.8035
vn 0.0044 0.0099 0.9999
vn 0.0691 0.0321 0.9971
vn 0.0131 0.0224 0.9997
vn 0.0169 0.0449 0.9988
vn -0.3198 -0.0563 0.9458
vn -0.2736 -0.1031 0.9563
vn -0.2725 -0.1012 0.9568
vn 0.1633 0.9742 0.1556
vn -0.2932 0.9141 -0.2802
vn -0.4883 -0.8701 -0.0674
vn -0.3797 -0.1676 -0.9098
vn -0.2410 0.2907 -0.9260
vn -0.1432 -0.9859 0.0867
vn -0.2741 -0.5731 -0.7723
vn -0.4665 -0.8845 -0.0000
vn -0.3585 -0.2419 -0.9016
vn -0.3078 -0.0058 0.9514
vn -0.2916 0.9565 -0.0076
vn -0.6120 -0.1121 0.7829
vn -0.3485 0.9268 0.1401
vn -0.3064 0.2953 0.9049
vn -0.3911 -0.0655 0.9180
vn 0.1556 0.9406 0.3017
vn 0.0308 0.0992 -0.9946
vn 0.0561 0.5555 0.8296
vn 0.1202 0.3814 -0.9166
vn 0.0459 0.0729 -0.9963
vn 0.1232 0.4293 0.8947
vn -0.9925 -0.1221 -0.0000
vn -0.3639 -0.1098 -0.9249
vn -0.9911 -0.1331 -0.0006
vn 0.0117 -0.0104 0.9999
vn -0.6505 -0.0950 0.7535
vn -0.1201 -0.1944 -0.9735
vn -0.6559 0.0455 0.7535
vn -0.3684 -0.1570 -0.9163
vn -0.4655 -0.0657 0.8826
vn -0.2283 -0.0264 0.9732
vn -0.2073 -0.9621 -0.1770
vn 0.1138 -0.9925 0.0448
vn 0.1751 0.9673 0.1837
vn -0.1233 -0.0000 0.9924
vn -0.5393 -0.2834 0.7930
vn -0.2911 0.0365 0.9560
vn -0.3589 0.7923 0.4935
vn -0.0115 -0.1125 0.9936
vn -0.9585 0.2662 0.1016
vn -0.2583 -0.0935 0.9615
vn -0.1004 0.7982 0.5940
vn -0.2588 -0.2856 0.9227
vn -0.0574 0.1907 -0.9800
vn -0.9104 0.0620 0.4090
vn -0.3214 0.9421 -0.0961
vn -0.1711 0.1561 0.9728
vn -0.1441 0.1153 0.9828
vn -0.9330 0.0215 0.3592
vn -0.1126 0.0594 -0.9919
vn -0.9411 -0.0000 -0.3383
vn 0.0062 -0.2513 0.9679
vn -0.1145 -0.1580 0.9808
vn -0.0574 -0.1907 -0.9800
vn -0.0713 0.9507 -0.3018
vn -0.0713 -0.9507 0.3018
vn -0.7890 -0.1603 -0.5931
vn -0.7991 -0.5977 0.0646
vn 0.8019 -0.1441 -0.5799
vn -0.7890 -0.1603 0.5931
vn -0.0713 0.9507 0.3018
vn -0.0713 -0.9507 -0.3018
vn 0.8019 0.1441 0.5799
vn 0.7994 0.5979 -0.0594
vn 0.8019 0.1441 -0.5799
vn -0.7991 0.5977 -0.0646
vn -0.0740 0.0719 -0.9947
vn -0.9554 0.0213 0.2945
vn 0.1255 -0.1442 0.9816
vn -0.9444 0.0718 -0.3209
vn -0.9444 -0.0718 0.3209
vn -0.0759 0.0440 -0.9961
vn -0.1225 -0.1105 -0.9863
vn 0.1686 0.9536 -0.2495
vn -0.1167 0.0361 -0.9925
vn -0.1467 0.0812 0.9858
vn -0.1282 0.2033 0.9707
vn -0.0570 0.8760 0.4789
vn -0.3398 -0.9365 0.0872
vn -0.0933 0.1108 -0.9895
vn 0.0062 -0.2513 -0.9679
vn 0.9543 -0.1123 0.2770
vn -0.9104 0.0620 -0.4090
vn 0.9543 -0.1123 -0.2770
vn -0.0093 0.9998 0.0167
vn 0.0164 -0.9996 0.0219
vn 0.0346 0.9624 0.2693
vn -0.0134 0.9995 0.0290
vn -0.0360 -0.9992 0.0172
vn -0.0134 0.9995 -0.0290
vn 0.0273 0.9996 0.0109
vn 0.9497 -0.2074 -0.2347
vn -0.9034 0.3101 -0.2962
vn 0.9497 -0.2074 0.2347
vn -0.0012 -0.2992 -0.9542
vn -0.0012 -0.2992 0.9542
vn -0.9034 0.3101 0.2962
vn -0.0359 -0.9984 -0.0442
vn 0.0254 -0.9988 -0.0410
vn 0.9985 0.0542 -0.0047
vn 0.5208 0.8323 0.1897
vn -0.5791 0.7813 0.2327
vn 0.2485 0.9640 -0.0946
vn -0.3079 0.9514 -0.0107
vn 0.3548 0.9346 -0.0246
vn -0.9102 0.0309 0.4131
vn 0.9600 -0.0130 0.2796
vn -0.9102 0.0309 -0.4131
vn 0.9600 -0.0130 -0.2796
vn 0.9507 -0.0145 -0.3096
vn -0.9050 0.0307 -0.4243
vn 0.0064 0.0016 -1.0000
vn 0.0064 0.0016 1.0000
vn 0.9507 -0.0145 0.3096
vn -0.9050 0.0307 0.4243
vn 0.0170 -0.9993 0.0329
vn -0.0093 0.9998 -0.0167
vn 0.0164 -0.9996 -0.0219
vn 0.0273 0.9996 -0.0109
vn -0.0360 -0.9992 -0.0172
vn 0.0170 -0.9993 -0.0329
vn -0.5805 0.1997 0.7894
vn -0.5805 -0.1997 -0.7894
vn -0.5464 -0.7305 0.4096
vn -0.5464 -0.7305 -0.4096
vn -0.5464 0.7305 -0.4096
vn -0.5805 -0.1997 0.7894
vn -0.5464 0.7305 0.4096
vn -0.5805 0.1997 -0.7894
vn 0.8019 -0.1441 0.5799
vn -0.7890 0.1603 0.5931
vn 0.7994 -0.5979 -0.0594
vn -0.7890 0.1603 -0.5931
vn 0.7994 0.5979 0.0594
vn -0.7991 0.5977 0.0646
vn 0.7994 -0.5979 0.0594
vn -0.7991 -0.5977 -0.0646
vn -0.3126 0.7596 0.5703
vn 0.6694 0.6042 0.4323
vt 0.076499 0.853562
vt 0.068612 0.851220
vt 0.073426 0.848109
vt 0.060250 0.835775
vt 0.046534 0.836050
vt 0.045388 0.828675
vt 0.079784 0.804117
vt 0.063346 0.801393
vt 0.060441 0.791132
vt 0.038991 0.865033
vt 0.009506 0.851633
vt 0.020459 0.845425
vt 0.008471 0.816913
vt 0.019182 0.818190
vt 0.026368 0.825670
vt 0.029747 0.842806
vt 0.044219 0.857121
vt 0.091486 0.788080
vt 0.063412 0.761140
vt 0.096594 0.778862
vt 0.101204 0.873533
vt 0.067592 0.874635
vt 0.090618 0.863396
vt 0.121463 0.830458
vt 0.110739 0.811451
vt 0.121463 0.807043
vt 0.059880 0.770962
vt 0.046575 0.763859
vt 0.072108 0.816375
vt 0.075636 0.810460
vt 0.092279 0.828350
vt 0.087147 0.820373
vt 0.094719 0.819205
vt 0.078373 0.820830
vt 0.083910 0.817303
vt 0.055678 0.863429
vt 0.052692 0.872164
vt 0.031876 0.875614
vt 0.089309 0.812680
vt 0.063756 0.838031
vt 0.053438 0.842943
vt 0.067399 0.830165
vt 0.066716 0.829780
vt 0.067351 0.830058
vt 0.113152 0.858114
vt 0.108425 0.828930
vt 0.035698 0.799452
vt 0.032667 0.783276
vt 0.044696 0.790022
vt 0.017685 0.797000
vt 0.026183 0.781002
vt 0.049283 0.816148
vt 0.057529 0.804645
vt 0.085868 0.843269
vt 0.086556 0.827821
vt 0.010431 0.765553
vt 0.018804 0.798683
vt 0.008709 0.800169
vt 0.032541 0.765748
vt 0.092477 0.846759
vt 0.099793 0.828529
vt 0.048464 0.803987
vt 0.053119 0.795763
vt 0.085433 0.796436
vt 0.096994 0.807551
vt 0.061416 0.848498
vt 0.048938 0.850074
vt 0.102102 0.815451
vt 0.035572 0.826861
vt 0.059793 0.780970
vt 0.067241 0.865700
vt 0.082931 0.858139
vt 0.081558 0.848858
vt 0.088102 0.852883
vt 0.046907 0.822475
vt 0.041051 0.814956
vt 0.075209 0.834769
vt 0.071276 0.827228
vt 0.095896 0.857694
vt 0.107808 0.866236
vt 0.035557 0.817851
vt 0.039273 0.813307
vt 0.018998 0.808828
vt 0.008995 0.809657
vt 0.059780 0.828139
vt 0.077387 0.844349
vt 0.070945 0.837115
vt 0.058442 0.855926
vt 0.067528 0.887827
vt 0.106105 0.802054
vt 0.116835 0.796555
vt 0.068390 0.831675
vt 0.069073 0.828782
vt 0.062579 0.823641
vt 0.069578 0.820267
vt 0.063646 0.824241
vt 0.065706 0.829501
vt 0.065958 0.830275
vt 0.069953 0.825944
vt 0.067538 0.831605
vt 0.066974 0.831192
vt 0.067273 0.830692
vt 0.067500 0.830323
vt 0.067479 0.830866
vt 0.067612 0.829615
vt 0.068462 0.828303
vt 0.066509 0.830793
vt 0.066619 0.829948
vt 0.066799 0.830202
vt 0.067934 0.829834
vt 0.067448 0.830260
vt 0.067480 0.830312
vt 0.067445 0.830267
vt 0.069401 0.825713
vt 0.070547 0.818692
vt 0.067661 0.830973
vt 0.067013 0.830446
vt 0.061268 0.823274
vt 0.068246 0.828183
vt 0.065898 0.829315
vt 0.067535 0.829583
vt 0.066663 0.829861
vt 0.068834 0.825602
vt 0.066087 0.829159
vt 0.068064 0.828105
vt 0.067468 0.829558
vt 0.023471 0.812663
vt 0.414638 0.950922
vt 0.413971 0.956549
vt 0.410349 0.956448
vt 0.026619 0.801779
vt 0.034827 0.802150
vt 0.039953 0.808553
vt 0.417535 0.963928
vt 0.419440 0.960193
vt 0.066917 0.858320
vt 0.100292 0.851068
vt 0.037653 0.840092
vt 0.023290 0.806538
vt 0.067451 0.830282
vt 0.067508 0.830321
vt 0.080946 0.840092
vt 0.009520 0.802287
vt 0.424047 0.958033
vt 0.423762 0.962235
vt 0.419545 0.956415
vt 0.421063 0.952823
vt 0.416361 0.954319
vt 0.426739 0.965120
vt 0.426724 0.956110
vt 0.240066 0.687094
vt 0.281787 0.690285
vt 0.240340 0.692281
vt 0.050492 0.781471
vt 0.048724 0.775767
vt 0.046779 0.777048
vt 0.302591 0.687333
vt 0.299550 0.692415
vt 0.298889 0.690002
vt 0.043878 0.763740
vt 0.048468 0.782061
vt 0.240696 0.695440
vt 0.282581 0.694391
vt 0.240849 0.698259
vt 0.282383 0.692777
vt 0.094621 0.623248
vt 0.053530 0.628403
vt 0.053174 0.625244
vt 0.281411 0.687094
vt 0.557383 0.094444
vt 0.574550 0.094081
vt 0.074987 0.965409
vt 0.064746 0.966166
vt 0.067907 0.961371
vt 0.058457 0.965380
vt 0.063767 0.964731
vt 0.294741 0.772202
vt 0.240488 0.837184
vt 0.243023 0.816996
vt 0.044184 0.987538
vt 0.047314 0.970673
vt 0.053640 0.972246
vt 0.029278 0.972352
vt 0.042626 0.964161
vt 0.034704 0.938666
vt 0.023994 0.960303
vt 0.018023 0.942960
vt 0.059611 0.950266
vt 0.046239 0.936756
vt 0.060057 0.937742
vt 0.078788 0.957078
vt 0.073505 0.937982
vt 0.084558 0.940678
vt 0.282869 0.854522
vt 0.225390 0.849968
vt 0.049755 0.960743
vt 0.051494 0.954622
vt 0.051705 0.960209
vt 0.049186 0.953537
vt 0.039403 0.955519
vt 0.066019 0.960697
vt 0.069035 0.954426
vt 0.113136 0.936797
vt 0.144224 0.945048
vt 0.142787 0.948191
vt 0.162033 0.913906
vt 0.149800 0.946583
vt 0.147146 0.944778
vt 0.179646 0.962427
vt 0.146854 0.954046
vt 0.148801 0.950554
vt 0.114960 0.973852
vt 0.143740 0.953695
vt 0.134185 0.986579
vt 0.053691 0.964260
vt 0.052691 0.965481
vt 0.058504 0.964181
vt 0.066682 0.955240
vt 0.059553 0.952615
vt 0.146549 0.953160
vt 0.148103 0.950280
vt 0.141670 0.951536
vt 0.144109 0.952915
vt 0.148916 0.947086
vt 0.139218 0.910541
vt 0.156297 0.988220
vt 0.179646 0.927507
vt 0.146019 0.949041
vt 0.145732 0.949757
vt 0.146929 0.945610
vt 0.145492 0.948850
vt 0.144592 0.945789
vt 0.143383 0.948424
vt 0.145211 0.949552
vt 0.142487 0.951199
vt 0.138465 0.611997
vt 0.124597 0.604694
vt 0.166646 0.599983
vt 0.055198 0.564574
vt 0.055480 0.564603
vt 0.166646 0.569348
vt 0.154490 0.559454
vt 0.145448 0.949719
vt 0.145897 0.949417
vt 0.145774 0.948878
vt 0.145334 0.949185
vt 0.234954 0.958607
vt 0.229669 0.962471
vt 0.229515 0.957064
vt 0.055438 0.565481
vt 0.055153 0.565444
vt 0.055603 0.565141
vt 0.055725 0.564765
vt 0.112440 0.564165
vt 0.140621 0.552151
vt 0.224302 0.962692
vt 0.226204 0.967716
vt 0.221169 0.969695
vt 0.227667 0.964916
vt 0.882713 0.272603
vt 0.849053 0.270875
vt 0.852875 0.261901
vt 0.885512 0.256992
vt 0.849542 0.252980
vt 0.859382 0.303394
vt 0.841861 0.277551
vt 0.831945 0.275516
vt 0.821783 0.315528
vt 0.810927 0.264661
vt 0.233471 0.964983
vt 0.231827 0.963339
vt 0.229837 0.966350
vt 0.232008 0.967784
vt 0.230006 0.970228
vt 0.227848 0.969360
vt 0.224721 0.974092
vt 0.230160 0.975636
vt 0.235373 0.970007
vt 0.238506 0.963005
vt 0.256941 0.984259
vt 0.202734 0.979076
vt 0.214891 0.988970
vt 0.256941 0.953623
vt 0.228759 0.996273
vt 0.244784 0.943730
vt 0.202734 0.948441
vt 0.230916 0.936427
vt 0.844537 0.310080
vt 0.885698 0.234533
vt 0.835266 0.234533
vt 0.094090 0.962733
vt 0.835329 0.259782
vt 0.821057 0.248687
vt 0.100714 0.945882
vt 0.088157 0.974295
vt 0.069123 0.972561
vt 0.207285 0.847817
vt 0.220821 0.849583
vt 0.231642 0.841088
vt 0.211459 0.772202
vt 0.207683 0.829746
vt 0.177732 0.811723
vt 0.190969 0.862005
vt 0.238942 0.882265
vt 0.222537 0.816699
vt 0.757810 0.562313
vt 0.753695 0.561091
vt 0.749070 0.563420
vt 0.750058 0.564113
vt 0.230926 0.827444
vt 0.217354 0.824943
vt 0.207375 0.834355
vt 0.207772 0.847375
vt 0.741147 0.282070
vt 0.734909 0.286953
vt 0.741352 0.283126
vt 0.737972 0.280368
vt 0.728188 0.290067
vt 0.732458 0.284864
vt 0.754118 0.556831
vt 0.754844 0.560811
vt 0.752245 0.565122
vt 0.752450 0.566178
vt 0.759899 0.561673
vt 0.752812 0.558210
vt 0.848493 0.255326
vt 0.837394 0.261378
vt 0.851328 0.262387
vt 0.834055 0.273949
vt 0.841973 0.275833
vt 0.847798 0.269992
vt 0.732966 0.285497
vt 0.726140 0.291392
vt 0.731285 0.288175
vt 0.736309 0.284451
vt 0.738960 0.281060
vt 0.733849 0.287461
vt 0.734807 0.287189
vt 0.735359 0.285023
vt 0.737407 0.280724
vt 0.735538 0.286720
vt 0.734391 0.286287
vt 0.736008 0.288776
vt 0.732346 0.289844
vt 0.715451 0.302085
vt 0.052323 0.982189
vt 0.045569 0.988629
vt 0.068693 0.982355
vt 0.079686 0.984758
vt 0.197135 0.861954
vt 0.192079 0.861092
vt 0.190930 0.861372
vt 0.195045 0.862594
vt 0.190047 0.858491
vt 0.191354 0.857112
vt 0.748505 0.563776
vt 0.746457 0.568075
vt 0.055202 0.565320
vt 0.055396 0.565347
vt 0.055434 0.564727
vt 0.055240 0.564704
vt 0.055039 0.564909
vt 0.055039 0.565210
vt 0.054917 0.565277
vt 0.055121 0.564941
vt 0.055601 0.564835
vt 0.055520 0.565109
vt 0.112440 0.594800
vt 0.386723 0.024632
vt 0.370217 0.027407
vt 0.369621 0.024915
vt 0.573889 0.091669
vt 0.556787 0.091952
vt 0.048305 0.884058
vt 0.301573 0.695038
vt 0.873786 0.289953
vt 0.387385 0.027044
vt 0.095217 0.625740
vt 0.036106 0.981664
vt 0.076039 0.988629
s 0
usemtl Material
f 55/1/1 4/2/1 47/3/1
f 53/4/2 2/5/2 48/6/2
f 44/7/3 1/8/3 38/9/3
f 23/10/4 8/11/4 12/12/4
f 12/12/5 49/13/5 51/14/5
f 116/15/6 12/12/6 51/14/6
f 23/10/7 106/16/7 113/17/7
f 24/18/8 7/19/8 22/20/8
f 50/21/9 9/22/9 52/23/9
f 16/24/10 11/25/10 5/26/10
f 10/27/11 146/28/11 7/19/11
f 86/29/12 1/8/12 19/30/12
f 42/31/13 3/32/13 39/33/13
f 62/34/12 19/30/12 56/35/12
f 118/36/14 23/10/14 113/17/14
f 60/37/15 21/38/15 23/10/15
f 64/39/16 19/30/16 44/7/16
f 66/40/17 20/41/17 53/4/17
f 81/42/18 95/43/18 99/44/18
f 29/45/19 18/46/19 16/24/19
f 109/47/20 17/48/20 107/49/20
f 17/48/21 35/50/21 36/51/21
f 86/29/22 27/52/22 14/53/22
f 46/54/23 13/55/23 42/31/23
f 35/50/24 34/56/24 36/51/24
f 30/57/25 33/58/25 35/50/25
f 15/59/26 36/51/26 34/56/26
f 114/60/27 42/31/27 112/61/27
f 14/53/28 45/62/28 41/63/28
f 64/39/29 108/64/29 117/65/29
f 57/66/30 43/67/30 20/41/30
f 112/61/31 39/33/31 105/68/31
f 1/8/32 41/63/32 38/9/32
f 43/67/33 2/5/33 20/41/33
f 2/5/34 54/69/34 48/6/34
f 108/64/35 38/9/35 111/70/35
f 110/71/36 55/1/36 115/72/36
f 115/72/37 129/73/37 139/74/37
f 122/75/38 54/69/38 128/76/38
f 63/77/39 67/78/39 62/34/39
f 50/21/40 126/79/40 124/80/40
f 128/76/41 103/81/41 137/82/41
f 125/83/42 49/13/42 123/84/42
f 127/85/43 48/6/43 122/75/43
f 129/73/44 47/3/44 121/86/44
f 47/3/45 130/87/45 121/86/45
f 4/2/46 65/88/46 57/66/46
f 39/33/47 117/65/47 105/68/47
f 13/55/48 63/77/48 62/34/48
f 4/2/49 66/40/49 47/3/49
f 3/32/16 64/39/16 39/33/16
f 6/89/50 60/37/50 9/22/50
f 110/71/51 60/37/51 118/36/51
f 5/26/52 61/90/52 59/91/52
f 3/32/12 62/34/12 56/35/12
f 71/92/53 73/93/53 67/78/53
f 32/94/54 98/95/54 97/96/54
f 127/85/55 69/97/55 131/98/55
f 62/34/56 87/99/56 86/29/56
f 66/40/57 132/100/57 130/87/57
f 53/4/58 72/101/58 66/40/58
f 78/102/59 136/103/59 134/104/59
f 73/93/60 92/105/60 88/106/60
f 70/107/61 78/102/61 72/101/61
f 131/98/55 75/108/55 133/109/55
f 87/99/62 73/93/62 88/106/62
f 72/101/63 134/104/63 132/100/63
f 79/110/64 91/111/64 92/105/64
f 84/112/65 135/113/65 136/103/65
f 68/114/66 98/95/66 25/115/66
f 77/116/67 79/110/67 73/93/67
f 76/117/68 84/112/68 78/102/68
f 133/109/55 91/111/55 135/113/55
f 25/115/69 85/118/69 86/29/69
f 68/114/70 88/106/70 74/119/70
f 25/115/71 87/99/71 68/114/71
f 32/94/72 69/97/72 85/118/72
f 89/120/73 75/108/73 69/97/73
f 81/42/74 92/105/74 91/111/74
f 74/119/75 92/105/75 80/121/75
f 81/42/76 75/108/76 90/122/76
f 97/96/77 94/123/77 93/124/77
f 93/124/78 96/125/78 95/43/78
f 95/43/79 100/126/79 99/44/79
f 81/42/80 100/126/80 80/121/80
f 32/94/81 93/124/81 89/120/81
f 68/114/82 96/125/82 94/123/82
f 74/119/83 100/126/83 96/125/83
f 90/122/84 93/124/84 95/43/84
f 125/83/85 104/127/85 51/14/85
f 104/128/86 141/129/86 51/130/86
f 101/131/87 109/47/87 119/132/87
f 102/133/88 109/47/88 45/62/88
f 116/134/89 141/129/89 140/135/89
f 37/136/90 118/36/90 65/88/90
f 105/68/91 61/90/91 11/25/91
f 52/23/92 139/74/92 126/79/92
f 9/22/93 115/72/93 52/23/93
f 24/18/94 111/70/94 10/27/94
f 18/46/95 105/68/95 11/25/95
f 117/65/96 24/18/96 61/90/96
f 31/137/97 112/61/97 18/46/97
f 45/62/98 107/49/98 41/63/98
f 65/88/99 113/17/99 43/67/99
f 38/9/100 107/49/100 111/70/100
f 113/17/101 40/138/101 43/67/101
f 54/69/102 106/16/102 116/15/102
f 126/79/103 114/60/103 31/137/103
f 30/57/104 138/139/104 125/83/104
f 76/117/105 135/113/105 82/140/105
f 136/103/65 91/111/65 83/141/65
f 132/100/106 77/116/106 71/92/106
f 70/107/107 133/109/107 76/117/107
f 134/104/108 83/141/108 77/116/108
f 130/87/109 71/92/109 63/77/109
f 53/4/110 131/98/110 70/107/110
f 26/142/111 130/87/111 63/77/111
f 46/54/112 121/86/112 26/142/112
f 85/118/113 122/75/113 27/52/113
f 125/83/114 28/143/114 30/57/114
f 128/76/115 102/133/115 45/62/115
f 124/80/116 31/137/116 29/45/116
f 27/52/117 128/76/117 45/62/117
f 139/74/118 46/54/118 114/60/118
f 140/135/119 144/144/119 145/145/119
f 141/129/120 142/146/120 140/135/120
f 120/147/121 143/148/121 104/128/121
f 54/149/122 144/144/122 103/150/122
f 103/150/123 142/146/123 120/147/123
f 54/149/124 140/135/124 145/145/124
f 146/151/125 156/152/125 155/153/125
f 10/27/126 147/154/126 148/155/126
f 150/156/127 107/49/127 17/48/127
f 147/157/128 154/158/128 157/159/128
f 150/156/129 15/59/129 149/160/129
f 151/161/130 111/70/130 107/49/130
f 152/162/129 150/163/129 149/164/129
f 154/158/131 150/163/131 153/165/131
f 156/166/132 152/167/132 155/168/132
f 157/159/133 148/169/133 147/157/133
f 153/170/134 326/171/134 154/171/134
f 250/172/135 161/173/135 175/174/135
f 171/175/136 187/176/136 161/173/136
f 273/177/137 256/178/137 253/179/137
f 172/180/138 244/181/138 247/182/138
f 244/181/139 177/183/139 249/184/139
f 252/185/140 168/186/140 222/187/140
f 174/188/141 221/189/141 224/190/141
f 246/191/142 220/192/142 251/193/142
f 220/192/143 174/188/143 224/190/143
f 272/194/144 255/195/144 256/178/144
f 176/196/145 185/197/145 184/198/145
f 174/188/146 185/197/146 167/199/146
f 249/184/147 168/186/147 245/200/147
f 175/174/148 187/176/148 182/201/148
f 250/172/149 166/202/149 246/191/149
f 186/203/150 191/204/150 194/205/150
f 182/206/151 195/207/151 190/208/151
f 180/209/152 189/210/152 179/211/152
f 185/212/153 192/213/153 184/214/153
f 176/196/154 181/215/154 159/216/154
f 171/175/155 181/215/155 180/217/155
f 174/188/156 183/218/156 186/219/156
f 175/174/157 183/218/157 166/202/157
f 179/211/158 197/220/158 188/221/158
f 193/222/159 200/223/159 192/213/159
f 179/211/160 203/224/160 195/207/160
f 192/213/161 197/220/161 189/210/161
f 186/203/162 193/222/162 185/212/162
f 183/225/163 190/208/163 191/204/163
f 184/214/164 189/210/164 181/226/164
f 180/209/165 195/207/165 187/227/165
f 188/221/166 210/228/166 203/224/166
f 200/223/167 204/229/167 197/220/167
f 198/230/168 206/231/168 199/232/168
f 202/233/169 208/234/169 201/235/169
f 195/207/170 198/230/170 190/208/170
f 194/205/171 199/232/171 202/233/171
f 194/205/172 201/235/172 193/222/172
f 190/208/173 199/232/173 191/204/173
f 212/236/174 323/237/174 215/237/174
f 211/238/175 322/236/175 212/236/175
f 206/239/176 311/240/176 312/239/176
f 218/241/177 317/242/177 324/241/177
f 200/223/178 208/234/178 207/243/178
f 188/221/179 204/229/179 196/244/179
f 198/230/180 210/228/180 205/245/180
f 202/233/181 206/231/181 209/246/181
f 235/247/182 228/248/182 234/249/182
f 204/250/183 313/251/183 310/250/183
f 196/252/184 310/250/184 309/252/184
f 210/253/185 311/240/185 205/240/185
f 217/254/186 320/255/186 214/255/186
f 219/256/187 230/257/187 237/258/187
f 219/256/188 228/248/188 231/259/188
f 220/260/189 170/261/189 160/262/189
f 251/263/190 160/262/190 243/264/190
f 170/261/191 221/265/191 158/266/191
f 242/267/192 222/268/192 164/269/192
f 235/247/193 232/270/193 227/271/193
f 228/248/194 233/272/194 231/259/194
f 233/272/194 232/270/194 225/273/194
f 226/274/195 233/272/195 225/273/195
f 230/257/196 233/272/196 229/275/196
f 238/276/197 226/274/197 239/277/197
f 240/278/198 232/270/198 236/279/198
f 238/276/199 230/257/199 229/275/199
f 240/278/200 226/274/200 225/273/200
f 211/280/201 239/277/201 240/278/201
f 216/281/202 238/276/202 215/282/202
f 211/280/203 236/279/203 218/283/203
f 212/284/204 238/276/204 239/277/204
f 218/283/205 235/247/205 213/285/205
f 217/286/206 234/249/206 219/256/206
f 217/286/207 237/258/207 216/281/207
f 214/287/208 235/247/208 234/249/208
f 158/266/209 252/288/209 242/267/209
f 223/289/210 243/264/210 162/290/210
f 169/291/211 250/172/211 246/191/211
f 167/199/147 249/184/147 245/200/147
f 162/290/212 248/292/212 173/293/212
f 161/173/213 247/182/213 171/175/213
f 169/291/214 251/193/214 223/294/214
f 221/189/215 245/200/215 252/185/215
f 176/196/216 244/181/216 249/184/216
f 247/182/217 159/216/217 171/175/217
f 248/292/212 164/269/212 173/293/212
f 178/295/218 241/296/218 250/172/218
f 258/297/219 261/298/219 255/195/219
f 255/195/55 262/299/55 256/178/55
f 274/300/220 257/301/220 275/302/220
f 276/303/221 255/195/221 271/304/221
f 273/177/222 254/305/222 274/300/222
f 276/303/223 257/301/223 258/297/223
f 295/306/224 307/307/224 305/306/224
f 269/308/225 303/309/225 302/308/225
f 256/178/226 259/310/226 253/179/226
f 254/305/227 259/310/227 260/311/227
f 258/297/228 263/312/228 264/313/228
f 257/301/229 260/311/229 263/312/229
f 267/314/230 284/315/230 268/316/230
f 269/317/229 278/318/229 281/319/229
f 292/320/231 297/321/231 306/320/231
f 267/322/232 301/323/232 300/322/232
f 296/324/233 297/321/233 291/321/233
f 293/325/234 306/320/234 304/325/234
f 248/292/235 275/326/235 276/327/235
f 170/261/236 274/328/236 160/262/236
f 248/292/237 271/329/237 242/267/237
f 160/262/238 275/326/238 243/264/238
f 158/266/239 271/329/239 272/330/239
f 170/261/240 272/330/240 273/331/240
f 282/332/241 280/333/241 279/334/241
f 278/318/242 282/332/242 281/319/242
f 282/332/243 286/335/243 270/336/243
f 279/334/244 288/337/244 287/338/244
f 265/339/245 278/318/245 266/340/245
f 270/336/246 281/319/246 282/332/246
f 283/341/55 288/337/55 284/315/55
f 283/341/247 290/342/247 287/338/247
f 285/343/248 288/337/248 289/344/248
f 279/334/249 290/342/249 282/332/249
f 267/314/250 286/335/250 283/341/250
f 280/333/251 289/344/251 288/337/251
f 277/345/252 285/343/252 289/344/252
f 268/316/253 285/343/253 265/339/253
f 172/180/254 24/346/254 22/347/254
f 247/182/255 61/348/255 24/346/255
f 163/349/256 61/348/256 241/296/256
f 259/310/257 296/350/257 291/351/257
f 261/298/258 294/352/258 295/353/258
f 262/299/55 295/353/55 296/350/55
f 260/311/229 293/354/229 263/312/229
f 259/310/259 292/355/259 260/311/259
f 263/312/260 294/352/260 264/313/260
f 304/325/261 303/309/261 307/307/261
f 297/321/262 299/356/262 306/320/262
f 304/325/263 299/356/263 302/308/263
f 305/306/264 301/323/264 308/324/264
f 305/306/265 303/309/265 300/322/265
f 297/321/266 301/323/266 298/357/266
f 268/323/267 298/357/267 301/323/267
f 293/325/268 307/307/268 294/307/268
f 267/322/269 303/309/269 270/309/269
f 295/306/270 308/324/270 296/324/270
f 269/308/271 299/356/271 266/356/271
f 266/356/272 298/357/272 265/357/272
f 310/250/273 323/358/273 322/359/273
f 312/239/274 317/360/274 320/361/274
f 315/362/275 318/363/275 314/364/275
f 315/362/276 320/361/276 319/365/276
f 309/252/277 324/366/277 316/253/277
f 314/364/278 323/358/278 313/251/278
f 309/252/279 322/359/279 321/367/279
f 316/253/280 317/360/280 311/240/280
f 208/364/281 313/251/281 207/251/281
f 214/255/282 317/242/282 213/242/282
f 209/362/283 314/364/283 208/364/283
f 216/368/284 323/237/284 318/368/284
f 196/252/285 316/253/285 210/253/285
f 217/254/286 318/368/286 319/254/286
f 209/362/287 312/239/287 315/362/287
f 211/238/288 324/241/288 321/238/288
f 328/369/289 325/370/289 327/371/289
f 157/372/290 326/171/290 328/372/290
f 157/372/291 327/373/291 156/373/291
f 153/370/292 327/371/292 325/370/292
f 369/1/293 332/2/293 353/136/293
f 367/4/294 330/5/294 342/41/294
f 360/7/295 329/8/295 341/30/295
f 343/10/296 8/11/296 21/38/296
f 49/13/297 336/12/297 365/14/297
f 428/15/298 336/12/298 418/16/298
f 418/16/299 343/10/299 425/17/299
f 7/19/300 344/18/300 22/20/300
f 50/21/301 333/22/301 6/89/301
f 335/25/302 16/24/302 5/26/302
f 146/28/303 334/27/303 7/19/303
f 329/8/304 398/29/304 341/30/304
f 331/32/305 358/31/305 355/33/305
f 341/30/304 374/34/304 370/35/304
f 430/36/306 343/10/306 372/37/306
f 372/37/307 21/38/307 58/374/307
f 376/39/295 341/30/295 370/35/295
f 378/40/308 342/41/308 371/66/308
f 393/42/309 407/43/309 402/122/309
f 340/46/310 29/45/310 16/24/310
f 339/48/311 421/47/311 419/49/311
f 339/48/312 351/50/312 348/57/312
f 398/29/313 347/52/313 397/118/313
f 337/55/314 362/54/314 358/31/314
f 34/56/315 351/50/315 352/51/315
f 348/57/316 33/58/316 28/143/316
f 15/59/317 352/51/317 339/48/317
f 358/31/318 426/60/318 424/61/318
f 338/53/319 361/62/319 347/52/319
f 420/64/320 376/39/320 429/65/320
f 371/66/321 359/67/321 377/88/321
f 355/33/322 424/61/322 417/68/322
f 329/8/323 357/63/323 338/53/323
f 330/5/324 359/67/324 342/41/324
f 368/69/325 330/5/325 364/6/325
f 420/64/326 354/9/326 360/7/326
f 369/1/327 422/71/327 427/72/327
f 439/73/328 427/72/328 449/74/328
f 434/75/329 368/69/329 364/6/329
f 379/78/330 375/77/330 374/34/330
f 436/79/331 50/21/331 124/80/331
f 438/76/332 415/81/332 368/69/332
f 435/83/333 49/13/333 365/14/333
f 437/85/334 364/6/334 367/4/334
f 439/73/335 363/3/335 369/1/335
f 440/87/336 363/3/336 433/86/336
f 332/2/337 377/88/337 353/136/337
f 429/65/338 355/33/338 417/68/338
f 337/55/339 375/77/339 346/142/339
f 378/40/340 332/2/340 363/3/340
f 376/39/295 331/32/295 355/33/295
f 372/37/341 6/89/341 333/22/341
f 422/71/342 372/37/342 333/22/342
f 5/26/343 373/90/343 335/25/343
f 331/32/304 374/34/304 337/55/304
f 385/93/344 383/92/344 379/78/344
f 350/94/345 410/95/345 345/115/345
f 437/85/55 381/97/55 397/118/55
f 399/99/346 374/34/346 398/29/346
f 442/100/347 378/40/347 440/87/347
f 384/101/348 367/4/348 378/40/348
f 446/103/349 390/102/349 444/104/349
f 404/105/350 385/93/350 400/106/350
f 390/102/351 382/107/351 384/101/351
f 441/98/55 387/108/55 381/97/55
f 400/106/352 379/78/352 399/99/352
f 444/104/353 384/101/353 442/100/353
f 391/110/354 403/111/354 395/141/354
f 445/113/355 396/112/355 446/103/355
f 410/95/356 380/114/356 345/115/356
f 391/110/357 389/116/357 385/93/357
f 396/112/358 388/117/358 390/102/358
f 443/109/55 403/111/55 387/108/55
f 345/115/359 397/118/359 350/94/359
f 400/106/360 380/114/360 386/119/360
f 399/99/361 345/115/361 380/114/361
f 350/94/362 381/97/362 401/120/362
f 401/120/363 387/108/363 402/122/363
f 393/42/364 404/105/364 392/121/364
f 404/105/365 386/119/365 392/121/365
f 387/108/366 393/42/366 402/122/366
f 409/96/367 406/123/367 410/95/367
f 405/124/368 408/125/368 406/123/368
f 407/43/369 412/126/369 408/125/369
f 412/126/370 393/42/370 392/121/370
f 405/124/371 350/94/371 401/120/371
f 380/114/372 408/125/372 386/119/372
f 386/119/373 412/126/373 392/121/373
f 402/122/374 405/124/374 401/120/374
f 435/83/375 416/127/375 448/139/375
f 451/129/376 416/128/376 365/130/376
f 421/47/377 413/131/377 431/132/377
f 414/133/378 421/47/378 431/132/378
f 428/134/379 451/129/379 365/130/379
f 353/136/380 430/36/380 422/71/380
f 373/90/381 417/68/381 335/25/381
f 449/74/382 366/23/382 436/79/382
f 427/72/383 333/22/383 366/23/383
f 344/18/384 423/70/384 420/64/384
f 417/68/385 340/46/385 335/25/385
f 344/18/386 429/65/386 373/90/386
f 424/61/387 349/137/387 340/46/387
f 419/49/388 361/62/388 357/63/388
f 377/88/389 425/17/389 430/36/389
f 354/9/390 419/49/390 357/63/390
f 356/138/391 425/17/391 359/67/391
f 368/69/392 418/16/392 356/138/392
f 426/60/393 436/79/393 349/137/393
f 348/57/394 448/139/394 413/131/394
f 388/117/395 445/113/395 443/109/395
f 403/111/355 446/103/355 395/141/355
f 389/116/396 442/100/396 383/92/396
f 382/107/397 443/109/397 441/98/397
f 395/141/398 444/104/398 389/116/398
f 383/92/399 440/87/399 375/77/399
f 367/4/400 441/98/400 437/85/400
f 346/142/336 440/87/336 433/86/336
f 362/54/401 433/86/401 439/73/401
f 397/118/334 434/75/334 437/85/334
f 28/143/402 435/83/402 348/57/402
f 414/133/403 438/76/403 361/62/403
f 349/137/404 124/80/404 29/45/404
f 347/52/405 438/76/405 434/75/405
f 362/54/406 449/74/406 426/60/406
f 450/135/407 454/144/407 452/146/407
f 451/129/408 452/146/408 453/148/408
f 453/148/409 432/147/409 416/128/409
f 454/144/410 368/149/410 415/150/410
f 452/146/411 415/150/411 432/147/411
f 368/149/412 450/135/412 428/134/412
f 146/151/413 462/152/413 457/169/413
f 456/154/414 334/27/414 457/155/414
f 419/49/415 458/156/415 339/48/415
f 456/157/416 461/158/416 459/375/416
f 15/59/417 458/156/417 149/160/417
f 423/70/418 459/161/418 419/49/418
f 152/162/419 458/163/419 460/165/419
f 458/163/420 461/158/420 460/165/420
f 152/167/421 462/166/421 155/168/421
f 463/159/422 457/169/422 462/152/422
f 620/171/423 460/170/423 461/171/423
f 544/172/424 467/173/424 535/296/424
f 483/176/425 471/175/425 467/173/425
f 567/177/426 550/178/426 566/194/426
f 538/181/427 172/180/427 541/182/427
f 177/183/428 538/181/428 543/184/428
f 546/185/429 168/186/429 539/200/429
f 517/189/430 472/188/430 518/190/430
f 516/192/431 540/191/431 545/193/431
f 516/192/432 472/188/432 468/202/432
f 566/194/433 549/195/433 565/304/433
f 474/196/434 481/197/434 469/199/434
f 481/197/435 472/188/435 469/199/435
f 168/186/436 543/184/436 539/200/436
f 473/174/437 483/176/437 467/173/437
f 468/202/438 544/172/438 540/191/438
f 482/203/439 487/204/439 479/225/439
f 478/206/440 491/207/440 483/227/440
f 476/209/441 485/210/441 477/226/441
f 488/213/442 481/212/442 480/214/442
f 477/215/443 474/196/443 465/216/443
f 471/175/444 477/215/444 465/216/444
f 472/188/445 479/218/445 468/202/445
f 479/218/446 473/174/446 468/202/446
f 475/211/158 493/220/158 485/210/158
f 496/223/159 489/222/159 488/213/159
f 499/224/160 475/211/160 491/207/160
f 493/220/161 488/213/161 485/210/161
f 489/222/447 482/203/447 481/212/447
f 479/225/448 486/208/448 478/206/448
f 485/210/449 480/214/449 477/226/449
f 491/207/450 476/209/450 483/227/450
f 506/228/451 484/221/451 499/224/451
f 500/229/452 496/223/452 493/220/452
f 502/231/453 494/230/453 495/232/453
f 504/234/454 498/233/454 497/235/454
f 494/230/170 491/207/170 486/208/170
f 490/205/171 495/232/171 487/204/171
f 497/235/172 490/205/172 489/222/172
f 495/232/173 486/208/173 487/204/173
f 617/237/455 508/236/455 511/237/455
f 616/236/456 507/238/456 508/236/456
f 502/239/174 605/240/174 501/240/174
f 514/241/281 611/242/281 509/242/281
f 496/223/457 504/234/457 497/235/457
f 484/221/458 500/229/458 493/220/458
f 494/230/459 506/228/459 499/224/459
f 498/233/460 502/231/460 495/232/460
f 522/248/461 529/247/461 528/249/461
f 500/250/282 607/251/282 503/251/282
f 492/252/462 604/250/462 500/250/462
f 605/240/463 506/253/463 501/240/463
f 614/255/464 513/254/464 510/255/464
f 524/257/465 515/256/465 531/258/465
f 515/256/466 522/248/466 528/249/466
f 470/261/467 516/260/467 466/262/467
f 466/262/190 545/263/190 537/264/190
f 470/261/430 517/265/430 518/376/430
f 536/267/468 222/268/468 546/288/468
f 529/247/469 526/270/469 530/279/469
f 522/248/470 527/272/470 521/271/470
f 526/270/471 527/272/471 519/273/471
f 520/274/472 527/272/472 523/275/472
f 524/257/473 527/272/473 525/259/473
f 520/274/474 532/276/474 533/277/474
f 526/270/475 534/278/475 530/279/475
f 532/276/476 524/257/476 531/258/476
f 534/278/477 520/274/477 533/277/477
f 507/280/478 533/277/478 508/284/478
f 532/276/479 512/281/479 511/282/479
f 530/279/480 507/280/480 514/283/480
f 508/284/481 532/276/481 511/282/481
f 529/247/482 514/283/482 509/285/482
f 513/286/483 528/249/483 510/287/483
f 531/258/484 513/286/484 512/281/484
f 510/287/485 529/247/485 509/285/485
f 464/266/486 546/288/486 517/265/486
f 537/264/487 223/289/487 162/290/487
f 169/291/488 544/172/488 178/295/488
f 469/199/489 543/184/489 474/196/489
f 162/290/490 542/292/490 537/264/490
f 467/173/491 541/182/491 535/296/491
f 545/193/492 169/291/492 223/294/492
f 517/189/493 539/200/493 469/199/493
f 474/196/494 538/181/494 465/216/494
f 465/216/495 541/182/495 471/175/495
f 164/269/496 542/292/496 173/293/496
f 178/295/497 535/296/497 163/349/497
f 555/298/498 552/297/498 549/195/498
f 556/299/55 549/195/55 550/178/55
f 551/301/499 568/300/499 569/302/499
f 549/195/500 570/303/500 565/304/500
f 548/305/501 567/177/501 568/300/501
f 570/303/502 551/301/502 569/302/502
f 589/306/503 601/307/503 588/307/503
f 563/308/504 597/309/504 564/309/504
f 553/310/505 550/178/505 547/179/505
f 548/305/506 553/310/506 547/179/506
f 552/297/507 557/312/507 551/301/507
f 551/301/229 554/311/229 548/305/229
f 578/315/508 561/314/508 562/316/508
f 563/317/229 572/318/229 560/340/229
f 586/320/509 591/321/509 585/321/509
f 561/322/510 595/323/510 562/323/510
f 591/321/511 590/324/511 585/321/511
f 587/325/512 600/320/512 586/320/512
f 542/292/513 569/326/513 537/264/513
f 568/328/514 470/261/514 466/262/514
f 565/329/515 542/292/515 536/267/515
f 569/326/516 466/262/516 537/264/516
f 464/266/517 565/329/517 536/267/517
f 470/261/518 566/330/518 464/266/518
f 576/332/519 574/333/519 571/345/519
f 576/332/520 572/318/520 575/319/520
f 580/335/521 576/332/521 564/336/521
f 573/334/522 582/337/522 574/333/522
f 572/318/523 559/339/523 560/340/523
f 564/336/524 575/319/524 563/317/524
f 582/337/55 577/341/55 578/315/55
f 577/341/525 584/342/525 580/335/525
f 579/343/526 582/337/526 578/315/526
f 584/342/527 573/334/527 576/332/527
f 561/314/528 580/335/528 564/336/528
f 574/333/529 583/344/529 571/345/529
f 571/345/530 579/343/530 559/339/530
f 579/343/531 562/316/531 559/339/531
f 172/180/532 344/346/532 541/182/532
f 541/182/533 373/348/533 535/296/533
f 373/348/534 163/349/534 535/296/534
f 553/310/535 590/350/535 556/299/535
f 555/298/536 588/352/536 558/313/536
f 556/299/55 589/353/55 555/298/55
f 587/354/229 554/311/229 557/312/229
f 586/355/537 553/310/537 554/311/537
f 588/352/538 557/312/538 558/313/538
f 597/309/539 598/325/539 601/307/539
f 593/356/540 591/321/540 600/320/540
f 598/325/541 593/356/541 600/320/541
f 595/323/542 599/306/542 602/324/542
f 599/306/543 597/309/543 601/307/543
f 591/321/544 595/323/544 602/324/544
f 562/323/545 592/357/545 559/357/545
f 601/307/546 587/325/546 588/307/546
f 597/309/547 561/322/547 564/309/547
f 602/324/548 589/306/548 590/324/548
f 593/356/549 563/308/549 560/356/549
f 592/357/550 560/356/550 559/357/550
f 604/250/551 617/358/551 607/251/551
f 606/239/552 611/360/552 605/240/552
f 612/363/553 609/362/553 608/364/553
f 609/362/554 614/361/554 606/239/554
f 618/366/555 603/252/555 610/253/555
f 617/358/556 608/364/556 607/251/556
f 603/252/557 616/359/557 604/250/557
f 611/360/558 610/253/558 605/240/558
f 607/251/559 504/364/559 503/251/559
f 611/242/560 510/255/560 509/242/560
f 608/364/561 505/362/561 504/364/561
f 512/368/185 617/237/185 511/237/185
f 610/253/562 492/252/562 506/253/562
f 513/254/563 612/368/563 512/368/563
f 505/362/564 606/239/564 502/239/564
f 507/238/565 618/241/565 514/241/565
f 622/369/566 619/370/566 620/377/566
f 463/372/567 620/171/567 461/171/567
f 621/373/568 463/372/568 462/373/568
f 460/370/569 621/371/569 462/371/569
f 55/1/570 37/136/570 4/2/570
f 53/4/571 20/41/571 2/5/571
f 44/7/16 19/30/16 1/8/16
f 23/10/4 21/38/4 8/11/4
f 12/12/572 8/11/572 49/13/572
f 116/15/573 106/16/573 12/12/573
f 23/10/574 12/12/574 106/16/574
f 24/18/575 10/27/575 7/19/575
f 50/21/576 6/89/576 9/22/576
f 16/24/577 18/46/577 11/25/577
f 10/27/578 148/155/578 146/28/578
f 86/29/579 14/53/579 1/8/579
f 42/31/580 13/55/580 3/32/580
f 62/34/12 86/29/12 19/30/12
f 118/36/581 60/37/581 23/10/581
f 60/37/15 58/374/15 21/38/15
f 64/39/16 56/35/16 19/30/16
f 66/40/582 57/66/582 20/41/582
f 81/42/18 90/122/18 95/43/18
f 29/45/583 31/137/583 18/46/583
f 109/47/584 30/57/584 17/48/584
f 17/48/585 30/57/585 35/50/585
f 86/29/586 85/118/586 27/52/586
f 46/54/587 26/142/587 13/55/587
f 35/50/588 33/58/588 34/56/588
f 30/57/25 28/143/25 33/58/25
f 15/59/589 17/48/589 36/51/589
f 114/60/590 46/54/590 42/31/590
f 14/53/591 27/52/591 45/62/591
f 64/39/29 44/7/29 108/64/29
f 57/66/592 65/88/592 43/67/592
f 112/61/593 42/31/593 39/33/593
f 1/8/594 14/53/594 41/63/594
f 43/67/595 40/138/595 2/5/595
f 2/5/596 40/138/596 54/69/596
f 108/64/597 44/7/597 38/9/597
f 110/71/598 37/136/598 55/1/598
f 115/72/599 55/1/599 129/73/599
f 122/75/600 48/6/600 54/69/600
f 63/77/601 71/92/601 67/78/601
f 50/21/602 52/23/602 126/79/602
f 128/76/603 54/69/603 103/81/603
f 125/83/604 51/14/604 49/13/604
f 127/85/43 53/4/43 48/6/43
f 129/73/605 55/1/605 47/3/605
f 47/3/606 66/40/606 130/87/606
f 4/2/607 37/136/607 65/88/607
f 39/33/29 64/39/29 117/65/29
f 13/55/48 26/142/48 63/77/48
f 4/2/608 57/66/608 66/40/608
f 3/32/16 56/35/16 64/39/16
f 6/89/609 58/374/609 60/37/609
f 110/71/610 9/22/610 60/37/610
f 5/26/611 11/25/611 61/90/611
f 3/32/12 13/55/12 62/34/12
f 71/92/612 77/116/612 73/93/612
f 32/94/54 25/115/54 98/95/54
f 127/85/55 85/118/55 69/97/55
f 62/34/56 67/78/56 87/99/56
f 66/40/613 72/101/613 132/100/613
f 53/4/614 70/107/614 72/101/614
f 78/102/615 84/112/615 136/103/615
f 73/93/60 79/110/60 92/105/60
f 70/107/61 76/117/61 78/102/61
f 131/98/55 69/97/55 75/108/55
f 87/99/62 67/78/62 73/93/62
f 72/101/616 78/102/616 134/104/616
f 79/110/64 83/141/64 91/111/64
f 84/112/65 82/140/65 135/113/65
f 68/114/66 94/123/66 98/95/66
f 77/116/617 83/141/617 79/110/617
f 76/117/68 82/140/68 84/112/68
f 133/109/55 75/108/55 91/111/55
f 25/115/618 32/94/618 85/118/618
f 68/114/619 87/99/619 88/106/619
f 25/115/620 86/29/620 87/99/620
f 32/94/621 89/120/621 69/97/621
f 89/120/622 90/122/622 75/108/622
f 81/42/623 80/121/623 92/105/623
f 74/119/624 88/106/624 92/105/624
f 81/42/625 91/111/625 75/108/625
f 97/96/626 98/95/626 94/123/626
f 93/124/627 94/123/627 96/125/627
f 95/43/628 96/125/628 100/126/628
f 81/42/80 99/44/80 100/126/80
f 32/94/81 97/96/81 93/124/81
f 68/114/82 74/119/82 96/125/82
f 74/119/83 80/121/83 100/126/83
f 90/122/84 89/120/84 93/124/84
f 125/83/629 138/139/629 104/127/629
f 104/128/86 143/148/86 141/129/86
f 101/131/630 30/57/630 109/47/630
f 102/133/631 119/132/631 109/47/631
f 116/134/632 51/130/632 141/129/632
f 37/136/633 110/71/633 118/36/633
f 105/68/634 117/65/634 61/90/634
f 52/23/635 115/72/635 139/74/635
f 9/22/636 110/71/636 115/72/636
f 24/18/637 108/64/637 111/70/637
f 18/46/638 112/61/638 105/68/638
f 117/65/639 108/64/639 24/18/639
f 31/137/640 114/60/640 112/61/640
f 45/62/641 109/47/641 107/49/641
f 65/88/642 118/36/642 113/17/642
f 38/9/643 41/63/643 107/49/643
f 113/17/644 106/16/644 40/138/644
f 54/69/645 40/138/645 106/16/645
f 126/79/37 139/74/37 114/60/37
f 30/57/646 101/131/646 138/139/646
f 76/117/647 133/109/647 135/113/647
f 136/103/65 135/113/65 91/111/65
f 132/100/648 134/104/648 77/116/648
f 70/107/649 131/98/649 133/109/649
f 134/104/650 136/103/650 83/141/650
f 130/87/651 132/100/651 71/92/651
f 53/4/652 127/85/652 131/98/652
f 26/142/45 121/86/45 130/87/45
f 46/54/653 129/73/653 121/86/653
f 85/118/43 127/85/43 122/75/43
f 125/83/654 123/84/654 28/143/654
f 128/76/655 137/82/655 102/133/655
f 124/80/656 126/79/656 31/137/656
f 27/52/657 122/75/657 128/76/657
f 139/74/658 129/73/658 46/54/658
f 140/135/659 142/146/659 144/144/659
f 141/129/660 143/148/660 142/146/660
f 120/147/661 142/146/661 143/148/661
f 54/149/122 145/145/122 144/144/122
f 103/150/662 144/144/662 142/146/662
f 54/149/663 116/134/663 140/135/663
f 146/151/664 148/169/664 156/152/664
f 10/27/665 111/70/665 147/154/665
f 150/156/666 151/161/666 107/49/666
f 147/157/667 151/375/667 154/158/667
f 150/156/668 17/48/668 15/59/668
f 151/161/669 147/154/669 111/70/669
f 152/162/670 153/165/670 150/163/670
f 154/158/671 151/375/671 150/163/671
f 156/166/672 153/378/672 152/167/672
f 157/159/673 156/152/673 148/169/673
f 153/170/134 325/170/134 326/171/134
f 250/172/674 241/296/674 161/173/674
f 171/175/136 180/217/136 187/176/136
f 273/177/675 272/194/675 256/178/675
f 172/180/676 165/379/676 244/181/676
f 244/181/677 165/379/677 177/183/677
f 252/185/678 245/200/678 168/186/678
f 174/188/679 167/199/679 221/189/679
f 246/191/680 166/202/680 220/192/680
f 220/192/681 166/202/681 174/188/681
f 272/194/682 271/304/682 255/195/682
f 176/196/145 167/199/145 185/197/145
f 174/188/146 186/219/146 185/197/146
f 249/184/683 177/183/683 168/186/683
f 175/174/148 161/173/148 187/176/148
f 250/172/684 175/174/684 166/202/684
f 186/203/150 183/225/150 191/204/150
f 182/206/151 187/227/151 195/207/151
f 180/209/152 181/226/152 189/210/152
f 185/212/153 193/222/153 192/213/153
f 176/196/154 184/198/154 181/215/154
f 171/175/155 159/216/155 181/215/155
f 174/188/156 166/202/156 183/218/156
f 175/174/157 182/201/157 183/218/157
f 179/211/158 189/210/158 197/220/158
f 193/222/159 201/235/159 200/223/159
f 179/211/160 188/221/160 203/224/160
f 192/213/161 200/223/161 197/220/161
f 186/203/162 194/205/162 193/222/162
f 183/225/163 182/206/163 190/208/163
f 184/214/164 192/213/164 189/210/164
f 180/209/165 179/211/165 195/207/165
f 188/221/685 196/244/685 210/228/685
f 200/223/686 207/243/686 204/229/686
f 198/230/687 205/245/687 206/231/687
f 202/233/688 209/246/688 208/234/688
f 195/207/170 203/224/170 198/230/170
f 194/205/171 191/204/171 199/232/171
f 194/205/172 202/233/172 201/235/172
f 190/208/173 198/230/173 199/232/173
f 212/236/689 322/236/689 323/237/689
f 211/238/690 321/238/690 322/236/690
f 206/239/455 205/240/455 311/240/455
f 218/241/559 213/242/559 317/242/559
f 200/223/691 201/235/691 208/234/691
f 188/221/692 197/220/692 204/229/692
f 198/230/693 203/224/693 210/228/693
f 202/233/694 199/232/694 206/231/694
f 235/247/182 227/271/182 228/248/182
f 204/250/560 207/251/560 313/251/560
f 196/252/695 204/250/695 310/250/695
f 210/253/696 316/253/696 311/240/696
f 217/254/697 319/254/697 320/255/697
f 219/256/187 231/259/187 230/257/187
f 219/256/188 234/249/188 228/248/188
f 220/260/143 224/376/143 170/261/143
f 251/263/698 220/260/698 160/262/698
f 170/261/141 224/376/141 221/265/141
f 242/267/699 252/288/699 222/268/699
f 235/247/193 236/279/193 232/270/193
f 228/248/700 227/271/700 233/272/700
f 233/272/701 227/271/701 232/270/701
f 226/274/702 229/275/702 233/272/702
f 230/257/195 231/259/195 233/272/195
f 238/276/197 229/275/197 226/274/197
f 240/278/198 225/273/198 232/270/198
f 238/276/199 237/258/199 230/257/199
f 240/278/200 239/277/200 226/274/200
f 211/280/201 212/284/201 239/277/201
f 216/281/202 237/258/202 238/276/202
f 211/280/203 240/278/203 236/279/203
f 212/284/204 215/282/204 238/276/204
f 218/283/205 236/279/205 235/247/205
f 217/286/206 214/287/206 234/249/206
f 217/286/207 219/256/207 237/258/207
f 214/287/208 213/285/208 235/247/208
f 158/266/703 221/265/703 252/288/703
f 223/289/704 251/263/704 243/264/704
f 169/291/705 178/295/705 250/172/705
f 167/199/706 176/196/706 249/184/706
f 162/290/707 243/264/707 248/292/707
f 161/173/708 241/296/708 247/182/708
f 169/291/709 246/191/709 251/193/709
f 221/189/710 167/199/710 245/200/710
f 176/196/711 159/216/711 244/181/711
f 247/182/712 244/181/712 159/216/712
f 248/292/713 242/267/713 164/269/713
f 178/295/714 163/349/714 241/296/714
f 258/297/219 264/313/219 261/298/219
f 255/195/55 261/298/55 262/299/55
f 274/300/715 254/305/715 257/301/715
f 276/303/716 258/297/716 255/195/716
f 273/177/717 253/179/717 254/305/717
f 276/303/718 275/302/718 257/301/718
f 295/306/719 294/307/719 307/307/719
f 269/308/720 270/309/720 303/309/720
f 256/178/226 262/299/226 259/310/226
f 254/305/227 253/179/227 259/310/227
f 258/297/228 257/301/228 263/312/228
f 257/301/229 254/305/229 260/311/229
f 267/314/721 283/341/721 284/315/721
f 269/317/229 266/340/229 278/318/229
f 292/320/722 291/321/722 297/321/722
f 267/322/723 268/323/723 301/323/723
f 296/324/724 308/324/724 297/321/724
f 293/325/725 292/320/725 306/320/725
f 248/292/726 243/264/726 275/326/726
f 170/261/727 273/331/727 274/328/727
f 248/292/728 276/327/728 271/329/728
f 160/262/729 274/328/729 275/326/729
f 158/266/730 242/267/730 271/329/730
f 170/261/731 158/266/731 272/330/731
f 282/332/732 277/345/732 280/333/732
f 278/318/733 277/345/733 282/332/733
f 282/332/734 290/342/734 286/335/734
f 279/334/244 280/333/244 288/337/244
f 265/339/245 277/345/245 278/318/245
f 270/336/246 269/317/246 281/319/246
f 283/341/55 287/338/55 288/337/55
f 283/341/247 286/335/247 290/342/247
f 285/343/248 284/315/248 288/337/248
f 279/334/249 287/338/249 290/342/249
f 267/314/735 270/336/735 286/335/735
f 280/333/251 277/345/251 289/344/251
f 277/345/252 265/339/252 285/343/252
f 268/316/736 284/315/736 285/343/736
f 172/180/737 247/182/737 24/346/737
f 247/182/738 241/296/738 61/348/738
f 163/349/739 59/380/739 61/348/739
f 259/310/740 262/299/740 296/350/740
f 261/298/741 264/313/741 294/352/741
f 262/299/55 261/298/55 295/353/55
f 260/311/229 292/355/229 293/354/229
f 259/310/742 291/351/742 292/355/742
f 263/312/743 293/354/743 294/352/743
f 304/325/744 302/308/744 303/309/744
f 297/321/745 298/357/745 299/356/745
f 304/325/746 306/320/746 299/356/746
f 305/306/747 300/322/747 301/323/747
f 305/306/748 307/307/748 303/309/748
f 297/321/749 308/324/749 301/323/749
f 268/323/750 265/357/750 298/357/750
f 293/325/751 304/325/751 307/307/751
f 267/322/752 300/322/752 303/309/752
f 295/306/753 305/306/753 308/324/753
f 269/308/754 302/308/754 299/356/754
f 266/356/755 299/356/755 298/357/755
f 310/250/756 313/251/756 323/358/756
f 312/239/757 311/240/757 317/360/757
f 315/362/758 319/365/758 318/363/758
f 315/362/759 312/239/759 320/361/759
f 309/252/760 321/367/760 324/366/760
f 314/364/761 318/363/761 323/358/761
f 309/252/762 310/250/762 322/359/762
f 316/253/763 324/366/763 317/360/763
f 208/364/764 314/364/764 313/251/764
f 214/255/765 320/255/765 317/242/765
f 209/362/766 315/362/766 314/364/766
f 216/368/463 215/237/463 323/237/463
f 196/252/767 309/252/767 316/253/767
f 217/254/768 216/368/768 318/368/768
f 209/362/769 206/239/769 312/239/769
f 211/238/770 218/241/770 324/241/770
f 328/369/771 326/377/771 325/370/771
f 157/372/290 154/171/290 326/171/290
f 157/372/291 328/372/291 327/373/291
f 153/370/772 156/371/772 327/371/772
f 369/1/773 363/3/773 332/2/773
f 367/4/774 364/6/774 330/5/774
f 360/7/775 354/9/775 329/8/775
f 343/10/296 336/12/296 8/11/296
f 49/13/776 8/11/776 336/12/776
f 428/15/777 365/14/777 336/12/777
f 418/16/778 336/12/778 343/10/778
f 7/19/779 334/27/779 344/18/779
f 50/21/780 366/23/780 333/22/780
f 335/25/781 340/46/781 16/24/781
f 146/28/782 457/155/782 334/27/782
f 329/8/783 338/53/783 398/29/783
f 331/32/784 337/55/784 358/31/784
f 341/30/304 398/29/304 374/34/304
f 430/36/785 425/17/785 343/10/785
f 372/37/307 343/10/307 21/38/307
f 376/39/295 360/7/295 341/30/295
f 378/40/786 367/4/786 342/41/786
f 393/42/309 411/44/309 407/43/309
f 340/46/787 349/137/787 29/45/787
f 339/48/788 348/57/788 421/47/788
f 339/48/789 352/51/789 351/50/789
f 398/29/790 338/53/790 347/52/790
f 337/55/791 346/142/791 362/54/791
f 34/56/792 33/58/792 351/50/792
f 348/57/316 351/50/316 33/58/316
f 15/59/793 34/56/793 352/51/793
f 358/31/794 362/54/794 426/60/794
f 338/53/795 357/63/795 361/62/795
f 420/64/320 360/7/320 376/39/320
f 371/66/796 342/41/796 359/67/796
f 355/33/797 358/31/797 424/61/797
f 329/8/798 354/9/798 357/63/798
f 330/5/799 356/138/799 359/67/799
f 368/69/800 356/138/800 330/5/800
f 420/64/801 423/70/801 354/9/801
f 369/1/802 353/136/802 422/71/802
f 439/73/803 369/1/803 427/72/803
f 434/75/804 438/76/804 368/69/804
f 379/78/805 383/92/805 375/77/805
f 436/79/806 366/23/806 50/21/806
f 438/76/807 447/82/807 415/81/807
f 435/83/808 123/84/808 49/13/808
f 437/85/334 434/75/334 364/6/334
f 439/73/809 433/86/809 363/3/809
f 440/87/810 378/40/810 363/3/810
f 332/2/811 371/66/811 377/88/811
f 429/65/320 376/39/320 355/33/320
f 337/55/339 374/34/339 375/77/339
f 378/40/812 371/66/812 332/2/812
f 376/39/295 370/35/295 331/32/295
f 372/37/813 58/374/813 6/89/813
f 422/71/814 430/36/814 372/37/814
f 5/26/815 59/91/815 373/90/815
f 331/32/304 370/35/304 374/34/304
f 385/93/816 389/116/816 383/92/816
f 350/94/345 409/96/345 410/95/345
f 437/85/55 441/98/55 381/97/55
f 399/99/346 379/78/346 374/34/346
f 442/100/817 384/101/817 378/40/817
f 384/101/818 382/107/818 367/4/818
f 446/103/819 396/112/819 390/102/819
f 404/105/350 391/110/350 385/93/350
f 390/102/351 388/117/351 382/107/351
f 441/98/55 443/109/55 387/108/55
f 400/106/352 385/93/352 379/78/352
f 444/104/820 390/102/820 384/101/820
f 391/110/354 404/105/354 403/111/354
f 445/113/355 394/140/355 396/112/355
f 410/95/356 406/123/356 380/114/356
f 391/110/821 395/141/821 389/116/821
f 396/112/358 394/140/358 388/117/358
f 443/109/55 445/113/55 403/111/55
f 345/115/822 398/29/822 397/118/822
f 400/106/823 399/99/823 380/114/823
f 399/99/824 398/29/824 345/115/824
f 350/94/825 397/118/825 381/97/825
f 401/120/826 381/97/826 387/108/826
f 393/42/827 403/111/827 404/105/827
f 404/105/828 400/106/828 386/119/828
f 387/108/829 403/111/829 393/42/829
f 409/96/830 405/124/830 406/123/830
f 405/124/831 407/43/831 408/125/831
f 407/43/832 411/44/832 412/126/832
f 412/126/370 411/44/370 393/42/370
f 405/124/371 409/96/371 350/94/371
f 380/114/372 406/123/372 408/125/372
f 386/119/373 408/125/373 412/126/373
f 402/122/374 407/43/374 405/124/374
f 435/83/833 365/14/833 416/127/833
f 451/129/376 453/148/376 416/128/376
f 421/47/834 348/57/834 413/131/834
f 414/133/835 361/62/835 421/47/835
f 428/134/836 450/135/836 451/129/836
f 353/136/837 377/88/837 430/36/837
f 373/90/838 429/65/838 417/68/838
f 449/74/839 427/72/839 366/23/839
f 427/72/840 422/71/840 333/22/840
f 344/18/841 334/27/841 423/70/841
f 417/68/842 424/61/842 340/46/842
f 344/18/843 420/64/843 429/65/843
f 424/61/844 426/60/844 349/137/844
f 419/49/845 421/47/845 361/62/845
f 377/88/846 359/67/846 425/17/846
f 354/9/847 423/70/847 419/49/847
f 356/138/848 418/16/848 425/17/848
f 368/69/849 428/15/849 418/16/849
f 426/60/328 449/74/328 436/79/328
f 348/57/850 435/83/850 448/139/850
f 388/117/851 394/140/851 445/113/851
f 403/111/355 445/113/355 446/103/355
f 389/116/852 444/104/852 442/100/852
f 382/107/853 388/117/853 443/109/853
f 395/141/854 446/103/854 444/104/854
f 383/92/855 442/100/855 440/87/855
f 367/4/856 382/107/856 441/98/856
f 346/142/857 375/77/857 440/87/857
f 362/54/858 346/142/858 433/86/858
f 397/118/859 347/52/859 434/75/859
f 28/143/860 123/84/860 435/83/860
f 414/133/861 447/82/861 438/76/861
f 349/137/862 436/79/862 124/80/862
f 347/52/863 361/62/863 438/76/863
f 362/54/864 439/73/864 449/74/864
f 450/135/865 455/145/865 454/144/865
f 451/129/866 450/135/866 452/146/866
f 453/148/867 452/146/867 432/147/867
f 454/144/410 455/145/410 368/149/410
f 452/146/868 454/144/868 415/150/868
f 368/149/869 455/145/869 450/135/869
f 146/151/870 155/153/870 462/152/870
f 456/154/871 423/70/871 334/27/871
f 419/49/872 459/161/872 458/156/872
f 456/157/873 463/159/873 461/158/873
f 15/59/874 339/48/874 458/156/874
f 423/70/875 456/154/875 459/161/875
f 152/162/417 149/164/417 458/163/417
f 458/163/876 459/375/876 461/158/876
f 152/167/877 460/378/877 462/166/877
f 463/159/878 456/157/878 457/169/878
f 620/171/423 619/170/423 460/170/423
f 544/172/879 473/174/879 467/173/879
f 483/176/425 476/217/425 471/175/425
f 567/177/880 547/179/880 550/178/880
f 538/181/881 165/379/881 172/180/881
f 177/183/882 165/379/882 538/181/882
f 546/185/883 222/187/883 168/186/883
f 517/189/884 469/199/884 472/188/884
f 516/192/885 468/202/885 540/191/885
f 516/192/886 518/190/886 472/188/886
f 566/194/887 550/178/887 549/195/887
f 474/196/434 480/198/434 481/197/434
f 481/197/435 482/219/435 472/188/435
f 168/186/888 177/183/888 543/184/888
f 473/174/437 478/201/437 483/176/437
f 468/202/889 473/174/889 544/172/889
f 482/203/439 490/205/439 487/204/439
f 478/206/440 486/208/440 491/207/440
f 476/209/441 475/211/441 485/210/441
f 488/213/442 489/222/442 481/212/442
f 477/215/443 480/198/443 474/196/443
f 471/175/444 476/217/444 477/215/444
f 472/188/445 482/219/445 479/218/445
f 479/218/446 478/201/446 473/174/446
f 475/211/158 484/221/158 493/220/158
f 496/223/159 497/235/159 489/222/159
f 499/224/160 484/221/160 475/211/160
f 493/220/161 496/223/161 488/213/161
f 489/222/447 490/205/447 482/203/447
f 479/225/448 487/204/448 486/208/448
f 485/210/449 488/213/449 480/214/449
f 491/207/450 475/211/450 476/209/450
f 506/228/890 492/244/890 484/221/890
f 500/229/686 503/243/686 496/223/686
f 502/231/687 501/245/687 494/230/687
f 504/234/891 505/246/891 498/233/891
f 494/230/170 499/224/170 491/207/170
f 490/205/171 498/233/171 495/232/171
f 497/235/172 498/233/172 490/205/172
f 495/232/173 494/230/173 486/208/173
f 617/237/892 616/236/892 508/236/892
f 616/236/893 615/238/893 507/238/893
f 502/239/894 606/239/894 605/240/894
f 514/241/895 618/241/895 611/242/895
f 496/223/178 503/243/178 504/234/178
f 484/221/896 492/244/896 500/229/896
f 494/230/180 501/245/180 506/228/180
f 498/233/897 505/246/897 502/231/897
f 522/248/461 521/271/461 529/247/461
f 500/250/898 604/250/898 607/251/898
f 492/252/899 603/252/899 604/250/899
f 605/240/900 610/253/900 506/253/900
f 614/255/901 613/254/901 513/254/901
f 524/257/465 525/259/465 515/256/465
f 515/256/466 525/259/466 522/248/466
f 470/261/886 518/376/886 516/260/886
f 466/262/902 516/260/902 545/263/902
f 470/261/903 464/266/903 517/265/903
f 536/267/904 164/269/904 222/268/904
f 529/247/469 521/271/469 526/270/469
f 522/248/471 525/259/471 527/272/471
f 526/270/905 521/271/905 527/272/905
f 520/274/473 519/273/473 527/272/473
f 524/257/906 523/275/906 527/272/906
f 520/274/474 523/275/474 532/276/474
f 526/270/475 519/273/475 534/278/475
f 532/276/476 523/275/476 524/257/476
f 534/278/477 519/273/477 520/274/477
f 507/280/478 534/278/478 533/277/478
f 532/276/479 531/258/479 512/281/479
f 530/279/480 534/278/480 507/280/480
f 508/284/481 533/277/481 532/276/481
f 529/247/482 530/279/482 514/283/482
f 513/286/483 515/256/483 528/249/483
f 531/258/484 515/256/484 513/286/484
f 510/287/485 528/249/485 529/247/485
f 464/266/209 536/267/209 546/288/209
f 537/264/907 545/263/907 223/289/907
f 169/291/908 540/191/908 544/172/908
f 469/199/436 539/200/436 543/184/436
f 162/290/496 173/293/496 542/292/496
f 467/173/909 471/175/909 541/182/909
f 545/193/910 540/191/910 169/291/910
f 517/189/911 546/185/911 539/200/911
f 474/196/912 543/184/912 538/181/912
f 465/216/913 538/181/913 541/182/913
f 164/269/914 536/267/914 542/292/914
f 178/295/915 544/172/915 535/296/915
f 555/298/498 558/313/498 552/297/498
f 556/299/55 555/298/55 549/195/55
f 551/301/916 548/305/916 568/300/916
f 549/195/917 552/297/917 570/303/917
f 548/305/918 547/179/918 567/177/918
f 570/303/919 552/297/919 551/301/919
f 589/306/920 599/306/920 601/307/920
f 563/308/921 596/308/921 597/309/921
f 553/310/505 556/299/505 550/178/505
f 548/305/506 554/311/506 553/310/506
f 552/297/507 558/313/507 557/312/507
f 551/301/229 557/312/229 554/311/229
f 578/315/922 577/341/922 561/314/922
f 563/317/229 575/319/229 572/318/229
f 586/320/923 600/320/923 591/321/923
f 561/322/924 594/322/924 595/323/924
f 591/321/925 602/324/925 590/324/925
f 587/325/926 598/325/926 600/320/926
f 542/292/927 570/327/927 569/326/927
f 568/328/928 567/331/928 470/261/928
f 565/329/929 570/327/929 542/292/929
f 569/326/930 568/328/930 466/262/930
f 464/266/931 566/330/931 565/329/931
f 470/261/932 567/331/932 566/330/932
f 576/332/933 573/334/933 574/333/933
f 576/332/934 571/345/934 572/318/934
f 580/335/935 584/342/935 576/332/935
f 573/334/522 581/338/522 582/337/522
f 572/318/523 571/345/523 559/339/523
f 564/336/524 576/332/524 575/319/524
f 582/337/55 581/338/55 577/341/55
f 577/341/525 581/338/525 584/342/525
f 579/343/526 583/344/526 582/337/526
f 584/342/527 581/338/527 573/334/527
f 561/314/936 577/341/936 580/335/936
f 574/333/529 582/337/529 583/344/529
f 571/345/530 583/344/530 579/343/530
f 579/343/937 578/315/937 562/316/937
f 172/180/938 22/347/938 344/346/938
f 541/182/939 344/346/939 373/348/939
f 373/348/940 59/380/940 163/349/940
f 553/310/941 585/351/941 590/350/941
f 555/298/942 589/353/942 588/352/942
f 556/299/55 590/350/55 589/353/55
f 587/354/229 586/355/229 554/311/229
f 586/355/943 585/351/943 553/310/943
f 588/352/944 587/354/944 557/312/944
f 597/309/945 596/308/945 598/325/945
f 593/356/946 592/357/946 591/321/946
f 598/325/947 596/308/947 593/356/947
f 595/323/948 594/322/948 599/306/948
f 599/306/949 594/322/949 597/309/949
f 591/321/950 592/357/950 595/323/950
f 562/323/951 595/323/951 592/357/951
f 601/307/952 598/325/952 587/325/952
f 597/309/953 594/322/953 561/322/953
f 602/324/954 599/306/954 589/306/954
f 593/356/955 596/308/955 563/308/955
f 592/357/956 593/356/956 560/356/956
f 604/250/957 616/359/957 617/358/957
f 606/239/958 614/361/958 611/360/958
f 612/363/959 613/365/959 609/362/959
f 609/362/960 613/365/960 614/361/960
f 618/366/961 615/367/961 603/252/961
f 617/358/962 612/363/962 608/364/962
f 603/252/963 615/367/963 616/359/963
f 611/360/964 618/366/964 610/253/964
f 607/251/965 608/364/965 504/364/965
f 611/242/966 614/255/966 510/255/966
f 608/364/967 609/362/967 505/362/967
f 512/368/968 612/368/968 617/237/968
f 610/253/969 603/252/969 492/252/969
f 513/254/970 613/254/970 612/368/970
f 505/362/971 609/362/971 606/239/971
f 507/238/972 615/238/972 618/241/972
f 622/369/973 621/371/973 619/370/973
f 463/372/567 622/372/567 620/171/567
f 621/373/568 622/372/568 463/372/568
f 460/370/974 619/370/974 621/371/974
o Eyes
v 0.063341 0.779598 0.173757
v 0.063341 0.834048 0.173757
v 0.116651 0.779598 0.162675
v 0.116651 0.834048 0.162675
v 0.054023 0.775627 0.148443
v 0.054092 0.773632 0.158576
v 0.058067 0.775627 0.167897
v 0.059950 0.790670 0.176956
v 0.058247 0.806823 0.178564
v 0.059950 0.822975 0.176956
v 0.058067 0.838019 0.167897
v 0.054092 0.840014 0.158576
v 0.054023 0.838019 0.148443
v 0.119153 0.775627 0.155199
v 0.119084 0.773632 0.145066
v 0.115109 0.775627 0.135745
v 0.115109 0.838019 0.135745
v 0.119084 0.840014 0.145066
v 0.119153 0.838019 0.155199
v 0.121036 0.822975 0.164258
v 0.123239 0.806823 0.165053
v 0.121036 0.790670 0.164258
v 0.074679 0.775627 0.173895
v 0.090743 0.773632 0.171808
v 0.106308 0.775627 0.167320
v 0.106308 0.838019 0.167320
v 0.090743 0.840014 0.171808
v 0.074679 0.838019 0.173895
v 0.049881 0.789608 0.170266
v 0.047179 0.806823 0.171409
v 0.049881 0.824038 0.170266
v 0.044909 0.788683 0.160485
v 0.041834 0.806823 0.161124
v 0.044909 0.824962 0.160485
v 0.045571 0.789608 0.149533
v 0.042638 0.806823 0.149562
v 0.045571 0.824038 0.149533
v 0.123295 0.789608 0.133376
v 0.125997 0.806823 0.132233
v 0.123295 0.824038 0.133376
v 0.128267 0.788683 0.143157
v 0.131342 0.806823 0.142517
v 0.128267 0.824962 0.143157
v 0.127605 0.789608 0.154109
v 0.130538 0.806823 0.154080
v 0.127605 0.824038 0.154109
v 0.106452 0.791631 0.172734
v 0.112502 0.806823 0.173320
v 0.106452 0.822015 0.172734
v 0.091945 0.785827 0.177593
v 0.092310 0.806823 0.179348
v 0.091945 0.827819 0.177593
v 0.076704 0.791631 0.178918
v 0.071389 0.806823 0.181866
v 0.076704 0.822015 0.178918
v 0.067579 0.767130 0.144958
v 0.084317 0.764252 0.140898
v 0.101287 0.767130 0.137951
v 0.068828 0.764252 0.155513
v 0.086588 0.761112 0.151821
v 0.104348 0.764252 0.148129
v 0.071889 0.767130 0.165691
v 0.088859 0.764252 0.162744
v 0.105597 0.767130 0.158684
v 0.101287 0.846516 0.137951
v 0.084317 0.849393 0.140898
v 0.067579 0.846516 0.144958
v 0.104348 0.849393 0.148129
v 0.086588 0.852534 0.151821
v 0.068828 0.849393 0.155513
v 0.105597 0.846516 0.158684
v 0.088859 0.849393 0.162744
v 0.071889 0.846516 0.165691
v -0.063341 0.779598 0.173757
v -0.063341 0.834048 0.173757
v -0.116651 0.779598 0.162675
v -0.116651 0.834048 0.162675
v -0.054023 0.775627 0.148443
v -0.054092 0.773632 0.158576
v -0.058067 0.775627 0.167897
v -0.059950 0.790670 0.176956
v -0.058247 0.806823 0.178564
v -0.059950 0.822975 0.176956
v -0.058067 0.838019 0.167897
v -0.054092 0.840014 0.158576
v -0.054023 0.838019 0.148443
v -0.119153 0.775627 0.155199
v -0.119084 0.773632 0.145066
v -0.115109 0.775627 0.135745
v -0.115109 0.838019 0.135745
v -0.119084 0.840014 0.145066
v -0.119153 0.838019 0.155199
v -0.121036 0.822975 0.164258
v -0.123239 0.806823 0.165053
v -0.121036 0.790670 0.164258
v -0.074679 0.775627 0.173895
v -0.090743 0.773632 0.171808
v -0.106308 0.775627 0.167320
v -0.106308 0.838019 0.167320
v -0.090743 0.840014 0.171808
v -0.074679 0.838019 0.173895
v -0.049881 0.789608 0.170266
v -0.047179 0.806823 0.171409
v -0.049881 0.824038 0.170266
v -0.044909 0.788683 0.160485
v -0.041834 0.806823 0.161124
v -0.044909 0.824962 0.160485
v -0.045571 0.789608 0.149533
v -0.042638 0.806823 0.149562
v -0.045571 0.824038 0.149533
v -0.123295 0.789608 0.133376
v -0.125997 0.806823 0.132233
v -0.123295 0.824038 0.133376
v -0.128267 0.788683 0.143157
v -0.131342 0.806823 0.142517
v -0.128267 0.824962 0.143157
v -0.127605 0.789608 0.154109
v -0.130538 0.806823 0.154080
v -0.127605 0.824038 0.154109
v -0.106452 0.791631 0.172734
v -0.112502 0.806823 0.173320
v -0.106452 0.822015 0.172734
v -0.091945 0.785827 0.177593
v -0.092310 0.806823 0.179348
v -0.091945 0.827819 0.177593
v -0.076704 0.791631 0.178918
v -0.071389 0.806823 0.181866
v -0.076704 0.822015 0.178918
v -0.067579 0.767130 0.144958
v -0.084317 0.764252 0.140898
v -0.101287 0.767130 0.137951
v -0.068828 0.764252 0.155513
v -0.086588 0.761112 0.151821
v -0.104348 0.764252 0.148129
v -0.071889 0.767130 0.165691
v -0.088859 0.764252 0.162744
v -0.105597 0.767130 0.158684
v -0.101287 0.846516 0.137951
v -0.084317 0.849393 0.140898
v -0.067579 0.846516 0.144958
v -0.104348 0.849393 0.148129
v -0.086588 0.852534 0.151821
v -0.068828 0.849393 0.155513
v -0.105597 0.846516 0.158684
v -0.088859 0.849393 0.162744
v -0.071889 0.846516 0.165691
vn -0.8730 -0.1642 0.4593
vn -0.8748 0.1674 0.4547
vn -0.9837 -0.1642 -0.0733
vn -0.9835 0.1674 -0.0684
vn -0.5102 -0.4254 0.7475
vn -0.5377 -0.1394 0.8315
vn -0.5376 0.1395 0.8316
vn -0.4848 0.3766 0.7894
vn -0.7466 0.5096 0.4277
vn -0.8552 0.5096 -0.0947
vn -0.8551 -0.5097 -0.0945
vn -0.7466 -0.5097 0.4275
vn 0.8730 -0.1642 -0.4593
vn 0.8748 0.1674 -0.4547
vn 0.9837 -0.1642 0.0733
vn 0.9835 0.1674 0.0684
vn 0.7466 0.5096 -0.4277
vn 0.8552 0.5096 0.0947
vn 0.7592 0.3766 0.5308
vn 0.8245 0.1395 0.5484
vn 0.8246 -0.1394 0.5483
vn 0.7658 -0.4254 0.4823
vn 0.8551 -0.5097 0.0945
vn 0.7466 -0.5097 -0.4275
vn 0.3466 -0.0841 0.9342
vn 0.2829 0.1492 0.9475
vn 0.0545 -0.0841 0.9950
vn 0.1182 0.1492 0.9817
vn 0.4816 -0.2848 0.8289
vn 0.4787 -0.2234 0.8491
vn 0.6055 0.1213 0.7865
vn 0.4639 0.3028 0.8325
vn 0.4077 0.2959 0.8638
vn -0.0297 0.2959 0.9548
vn -0.0937 0.3028 0.9484
vn -0.2419 0.1213 0.9627
vn -0.1007 -0.2234 0.9695
vn -0.1113 -0.2848 0.9521
vn 0.0631 -0.4328 0.8993
vn 0.3006 -0.4328 0.8499
vn -0.2161 -0.9482 -0.2329
vn 0.1096 -0.9490 -0.2956
vn -0.1054 -0.9482 0.2997
vn 0.2183 -0.9490 0.2275
vn 0.4446 -0.8180 -0.3649
vn 0.5532 -0.8180 0.1575
vn 0.5059 -0.6353 0.5835
vn 0.2801 -0.6956 0.6616
vn 0.0069 -0.6957 0.7183
vn -0.2887 -0.6516 0.7015
vn -0.4448 -0.8180 0.3648
vn -0.5533 -0.8180 -0.1573
vn 0.1054 0.9482 -0.2997
vn -0.2183 0.9490 -0.2275
vn 0.2161 0.9482 0.2329
vn -0.1096 0.9490 0.2956
vn -0.5532 0.8180 -0.1575
vn -0.4447 0.8180 0.3649
vn -0.2315 0.6353 0.7368
vn 0.0068 0.6956 0.7184
vn 0.2799 0.6957 0.6615
vn 0.5443 0.6516 0.5283
vn 0.5533 0.8180 0.1573
vn 0.4448 0.8180 -0.3648
vn 0.8748 -0.1674 0.4547
vn 0.8748 0.1674 0.4547
vn 0.9837 -0.1642 -0.0733
vn 0.9837 0.1642 -0.0733
vn 0.4848 -0.3766 0.7894
vn 0.5377 -0.1394 0.8315
vn 0.5377 0.1394 0.8315
vn 0.4848 0.3766 0.7894
vn 0.7466 0.5096 0.4277
vn 0.8551 0.5097 -0.0945
vn 0.8551 -0.5097 -0.0945
vn 0.7466 -0.5096 0.4277
vn -0.8748 -0.1674 -0.4547
vn -0.8748 0.1674 -0.4547
vn -0.9837 -0.1642 0.0733
vn -0.9837 0.1642 0.0733
vn -0.7466 0.5096 -0.4277
vn -0.8551 0.5097 0.0945
vn -0.7658 0.4254 0.4823
vn -0.8245 0.1395 0.5484
vn -0.8245 -0.1395 0.5484
vn -0.7658 -0.4254 0.4823
vn -0.8551 -0.5097 0.0945
vn -0.7466 -0.5096 -0.4277
vn -0.2829 -0.1492 0.9475
vn -0.2829 0.1492 0.9475
vn -0.0545 -0.0841 0.9950
vn -0.0545 0.0841 0.9950
vn -0.4639 -0.3028 0.8325
vn -0.6055 -0.1213 0.7865
vn -0.6055 0.1213 0.7865
vn -0.4639 0.3028 0.8325
vn -0.4077 0.2959 0.8638
vn -0.0631 0.4328 0.8993
vn 0.1113 0.2848 0.9521
vn 0.1007 0.2234 0.9695
vn 0.1007 -0.2234 0.9695
vn 0.1113 -0.2848 0.9521
vn -0.0631 -0.4328 0.8993
vn -0.4077 -0.2959 0.8638
vn 0.2183 -0.9490 -0.2275
vn -0.1096 -0.9490 -0.2956
vn 0.1054 -0.9482 0.2997
vn -0.2161 -0.9482 0.2329
vn -0.4446 -0.8180 -0.3649
vn -0.5533 -0.8180 0.1573
vn -0.5443 -0.6516 0.5283
vn -0.2801 -0.6956 0.6616
vn -0.0068 -0.6956 0.7184
vn 0.2887 -0.6516 0.7015
vn 0.4448 -0.8180 0.3648
vn 0.5532 -0.8180 -0.1575
vn -0.1096 0.9490 -0.2956
vn 0.2183 0.9490 -0.2275
vn -0.2161 0.9482 0.2329
vn 0.1054 0.9482 0.2997
vn 0.5532 0.8180 -0.1575
vn 0.4448 0.8180 0.3648
vn 0.2887 0.6516 0.7015
vn -0.0068 0.6956 0.7184
vn -0.2801 0.6956 0.6616
vn -0.5443 0.6516 0.5283
vn -0.5533 0.8180 0.1573
vn -0.4447 0.8180 -0.3649
vn -0.8748 -0.1674 0.4547
vn -0.8730 0.1642 0.4593
vn -0.9835 -0.1674 -0.0684
vn -0.9837 0.1642 -0.0733
vn -0.4848 -0.3766 0.7894
vn -0.5376 -0.1395 0.8316
vn -0.5377 0.1394 0.8315
vn -0.5102 0.4254 0.7475
vn -0.7466 0.5097 0.4275
vn -0.8551 0.5097 -0.0945
vn -0.8552 -0.5096 -0.0947
vn -0.7466 -0.5096 0.4277
vn 0.8748 -0.1674 -0.4547
vn 0.8730 0.1642 -0.4593
vn 0.9835 -0.1674 0.0684
vn 0.9837 0.1642 0.0733
vn 0.7466 0.5097 -0.4275
vn 0.8551 0.5097 0.0945
vn 0.7658 0.4254 0.4823
vn 0.8246 0.1394 0.5483
vn 0.8245 -0.1395 0.5484
vn 0.7592 -0.3766 0.5308
vn 0.8552 -0.5096 0.0947
vn 0.7466 -0.5096 -0.4277
vn 0.2829 -0.1492 0.9475
vn 0.3466 0.0841 0.9342
vn 0.1182 -0.1492 0.9817
vn 0.0545 0.0841 0.9950
vn 0.4639 -0.3028 0.8325
vn 0.6055 -0.1213 0.7865
vn 0.4787 0.2234 0.8491
vn 0.4816 0.2848 0.8289
vn 0.3006 0.4328 0.8499
vn 0.0631 0.4328 0.8993
vn -0.1113 0.2848 0.9521
vn -0.1007 0.2234 0.9695
vn -0.2419 -0.1213 0.9627
vn -0.0937 -0.3028 0.9484
vn -0.0297 -0.2959 0.9548
vn 0.4077 -0.2959 0.8638
vn -0.2183 -0.9490 -0.2275
vn 0.1054 -0.9482 -0.2997
vn -0.1096 -0.9490 0.2956
vn 0.2161 -0.9482 0.2329
vn 0.4448 -0.8180 -0.3648
vn 0.5533 -0.8180 0.1573
vn 0.5443 -0.6516 0.5283
vn 0.2799 -0.6957 0.6615
vn 0.0068 -0.6956 0.7184
vn -0.2315 -0.6353 0.7368
vn -0.4446 -0.8180 0.3649
vn -0.5532 -0.8180 -0.1575
vn 0.1096 0.9490 -0.2956
vn -0.2161 0.9482 -0.2329
vn 0.2183 0.9490 0.2275
vn -0.1054 0.9482 0.2997
vn -0.5533 0.8180 -0.1573
vn -0.4448 0.8180 0.3648
vn -0.2887 0.6516 0.7015
vn 0.0069 0.6957 0.7183
vn 0.2801 0.6956 0.6616
vn 0.5059 0.6353 0.5835
vn 0.5532 0.8180 0.1575
vn 0.4447 0.8180 -0.3649
vn 0.8730 -0.1642 0.4593
vn 0.8730 0.1642 0.4593
vn 0.9835 -0.1674 -0.0684
vn 0.9835 0.1674 -0.0684
vn 0.5102 -0.4254 0.7475
vn 0.5376 -0.1395 0.8316
vn 0.5376 0.1395 0.8316
vn 0.5102 0.4254 0.7475
vn 0.7466 0.5097 0.4275
vn 0.8552 0.5096 -0.0947
vn 0.8552 -0.5096 -0.0947
vn 0.7466 -0.5097 0.4275
vn -0.8730 -0.1642 -0.4593
vn -0.8730 0.1642 -0.4593
vn -0.9835 -0.1674 0.0684
vn -0.9835 0.1674 0.0684
vn -0.7466 0.5097 -0.4275
vn -0.8552 0.5096 0.0947
vn -0.7592 0.3766 0.5308
vn -0.8246 0.1394 0.5483
vn -0.8246 -0.1394 0.5483
vn -0.7592 -0.3766 0.5308
vn -0.8552 -0.5096 0.0947
vn -0.7466 -0.5097 -0.4275
vn -0.3466 -0.0841 0.9342
vn -0.3466 0.0841 0.9342
vn -0.1182 -0.1492 0.9817
vn -0.1182 0.1492 0.9817
vn -0.4816 -0.2848 0.8289
vn -0.4787 -0.2234 0.8491
vn -0.4787 0.2234 0.8491
vn -0.4816 0.2848 0.8289
vn -0.3006 0.4328 0.8499
vn 0.0297 0.2959 0.9548
vn 0.0937 0.3028 0.9484
vn 0.2419 0.1213 0.9627
vn 0.2419 -0.1213 0.9627
vn 0.0937 -0.3028 0.9484
vn 0.0297 -0.2959 0.9548
vn -0.3006 -0.4328 0.8499
vn 0.2161 -0.9482 -0.2329
vn -0.1054 -0.9482 -0.2997
vn 0.1095 -0.9490 0.2956
vn -0.2183 -0.9490 0.2275
vn -0.4448 -0.8180 -0.3648
vn -0.5532 -0.8180 0.1575
vn -0.5059 -0.6353 0.5835
vn -0.2799 -0.6957 0.6615
vn -0.0069 -0.6957 0.7183
vn 0.2315 -0.6353 0.7368
vn 0.4446 -0.8180 0.3649
vn 0.5533 -0.8180 -0.1573
vn -0.1054 0.9482 -0.2997
vn 0.2161 0.9482 -0.2329
vn -0.2183 0.9490 0.2275
vn 0.1096 0.9490 0.2956
vn 0.5533 0.8180 -0.1573
vn 0.4447 0.8180 0.3649
vn 0.2315 0.6353 0.7368
vn -0.0069 0.6957 0.7183
vn -0.2799 0.6957 0.6615
vn -0.5059 0.6353 0.5835
vn -0.5532 0.8180 0.1575
vn -0.4448 0.8180 -0.3648
vt 0.125682 0.212623
vt 0.112678 0.199712
vt 0.128197 0.200106
vt 0.105486 0.216568
vt 0.115328 0.213284
vt 0.131864 0.180863
vt 0.087824 0.189488
vt 0.108994 0.180879
vt 0.131273 0.221564
vt 0.135247 0.215680
vt 0.117151 0.222615
vt 0.124957 0.221547
vt 0.103661 0.226962
vt 0.109513 0.224570
vt 0.097768 0.222994
vt 0.098452 0.205917
vt 0.071731 0.205439
vt 0.152821 0.189595
vt 0.141717 0.206085
vt 0.152456 0.286951
vt 0.127532 0.276622
vt 0.141815 0.270430
vt 0.108238 0.295423
vt 0.131159 0.295519
vt 0.134776 0.259739
vt 0.114543 0.263660
vt 0.124900 0.263023
vt 0.087324 0.286575
vt 0.111989 0.276174
vt 0.104991 0.260572
vt 0.108981 0.254703
vt 0.115288 0.254745
vt 0.123071 0.253696
vt 0.130746 0.251711
vt 0.136614 0.249315
vt 0.142521 0.253298
vt 0.152140 0.259788
vt 0.168665 0.270940
vt 0.691839 0.156741
vt 0.796573 0.207627
vt 0.691839 0.243867
vt 0.847459 0.102894
vt 0.760333 0.102894
vt 0.745686 0.312361
vt 0.901306 0.258513
vt 0.832812 0.312361
vt 0.127989 0.243505
vt 0.136618 0.242969
vt 0.121747 0.247098
vt 0.114802 0.246186
vt 0.106637 0.248831
vt 0.111491 0.239858
vt 0.103663 0.233294
vt 0.112248 0.232717
vt 0.118454 0.229260
vt 0.125485 0.230104
vt 0.133640 0.227424
vt 0.128842 0.236362
vt 0.135559 0.235091
vt 0.168822 0.205726
vt 0.158554 0.230652
vt 0.152345 0.216380
vt 0.177451 0.249922
vt 0.177451 0.226969
vt 0.141665 0.223415
vt 0.145588 0.243696
vt 0.144935 0.233291
vt 0.158148 0.246226
vt 0.071430 0.270386
vt 0.081762 0.245559
vt 0.087914 0.259818
vt 0.062979 0.226334
vt 0.062916 0.249177
vt 0.098601 0.252821
vt 0.094712 0.232569
vt 0.095358 0.242947
vt 0.082191 0.230037
vt 0.104737 0.241148
vt 0.098491 0.270141
vt 0.088178 0.216529
vt 0.901306 0.171387
s 0
usemtl Material
f 651/381/975 655/382/975 654/383/975
f 653/384/976 655/382/976 652/385/976
f 655/382/977 657/386/977 654/383/977
f 655/382/978 659/387/978 658/388/978
f 623/389/979 651/381/979 629/390/979
f 631/391/980 651/381/980 630/392/980
f 631/391/981 653/384/981 652/385/981
f 624/393/982 653/384/982 632/394/982
f 633/395/983 656/396/983 653/384/983
f 656/396/984 635/397/984 659/387/984
f 654/383/985 627/398/985 628/399/985
f 629/390/986 654/383/986 628/399/986
f 660/400/987 664/401/987 663/402/987
f 662/403/988 664/401/988 661/404/988
f 664/401/989 666/405/989 663/402/989
f 664/401/990 668/406/990 667/407/990
f 639/408/991 665/409/991 662/403/991
f 665/409/992 641/410/992 668/406/992
f 668/406/993 626/411/993 642/412/993
f 668/406/994 643/413/994 667/407/994
f 666/405/995 643/413/995 644/414/995
f 666/405/996 625/415/996 636/416/996
f 663/402/997 636/416/997 637/417/997
f 638/418/998 663/402/998 637/417/998
f 669/419/999 673/420/999 672/421/999
f 671/422/1000 673/420/1000 670/423/1000
f 673/420/1001 675/424/1001 672/421/1001
f 673/420/1002 677/425/1002 676/426/1002
f 625/415/1003 669/427/1003 647/428/1003
f 644/414/1004 670/429/1004 669/427/1004
f 642/412/1005 670/429/1005 643/413/1005
f 626/411/1006 671/430/1006 642/412/1006
f 648/431/1007 674/432/1007 671/430/1007
f 674/432/1008 650/433/1008 677/434/1008
f 677/434/1009 624/393/1009 632/394/1009
f 676/435/1010 632/394/1010 631/391/1010
f 676/435/1011 630/392/1011 675/436/1011
f 675/436/1012 623/389/1012 645/437/1012
f 672/438/1013 645/437/1013 646/439/1013
f 647/428/1014 672/438/1014 646/439/1014
f 678/440/1015 682/441/1015 681/442/1015
f 680/443/1016 682/441/1016 679/444/1016
f 682/441/1017 684/445/1017 681/442/1017
f 682/441/1018 686/446/1018 685/447/1018
f 638/418/1019 683/448/1019 680/443/1019
f 683/448/1020 636/416/1020 686/446/1020
f 686/446/1021 625/415/1021 647/428/1021
f 686/446/1022 646/439/1022 685/447/1022
f 684/445/1023 646/439/1023 645/437/1023
f 684/445/1024 623/389/1024 629/390/1024
f 681/442/1025 629/390/1025 628/399/1025
f 627/398/1026 681/442/1026 628/399/1026
f 687/449/1027 691/450/1027 690/451/1027
f 689/452/1028 691/450/1028 688/453/1028
f 691/450/1029 693/454/1029 690/451/1029
f 691/450/1030 695/455/1030 694/456/1030
f 635/397/1031 692/457/1031 689/452/1031
f 692/457/1032 633/395/1032 695/455/1032
f 695/455/1033 624/393/1033 650/433/1033
f 695/455/1034 649/458/1034 694/456/1034
f 693/454/1035 649/458/1035 648/431/1035
f 693/454/1036 626/411/1036 641/410/1036
f 690/451/1037 641/410/1037 640/459/1037
f 639/408/1038 690/451/1038 640/459/1038
f 724/381/1039 728/382/1039 725/385/1039
f 728/382/1040 726/384/1040 725/385/1040
f 730/386/1041 728/382/1041 727/383/1041
f 728/382/1042 732/387/1042 729/396/1042
f 696/389/1043 724/381/1043 703/392/1043
f 724/381/1044 704/391/1044 703/392/1044
f 704/391/1045 726/384/1045 705/394/1045
f 726/384/1046 697/393/1046 705/394/1046
f 729/396/1047 706/395/1047 726/384/1047
f 729/396/1048 708/397/1048 707/460/1048
f 700/398/1049 727/383/1049 701/399/1049
f 702/390/1050 727/383/1050 724/381/1050
f 733/400/1051 737/401/1051 734/404/1051
f 737/401/1052 735/403/1052 734/404/1052
f 739/405/1053 737/401/1053 736/402/1053
f 737/401/1054 741/406/1054 738/409/1054
f 738/409/1055 712/408/1055 735/403/1055
f 738/409/1056 714/410/1056 713/459/1056
f 741/406/1057 699/411/1057 714/410/1057
f 716/413/1058 741/406/1058 740/407/1058
f 739/405/1059 716/413/1059 740/407/1059
f 698/415/1060 739/405/1060 709/416/1060
f 709/416/1061 736/402/1061 710/417/1061
f 711/418/1062 736/402/1062 733/400/1062
f 742/419/1063 746/420/1063 743/423/1063
f 746/420/1064 744/422/1064 743/423/1064
f 748/424/1065 746/420/1065 745/421/1065
f 746/420/1066 750/425/1066 747/461/1066
f 698/415/1067 742/427/1067 717/414/1067
f 717/414/1068 743/429/1068 716/413/1068
f 743/429/1069 715/412/1069 716/413/1069
f 744/430/1070 699/411/1070 715/412/1070
f 747/432/1071 721/431/1071 744/430/1071
f 747/432/1072 723/433/1072 722/458/1072
f 750/434/1073 697/393/1073 723/433/1073
f 749/435/1074 705/394/1074 750/434/1074
f 703/392/1075 749/435/1075 748/436/1075
f 696/389/1076 748/436/1076 718/437/1076
f 718/437/1077 745/438/1077 719/439/1077
f 720/428/1078 745/438/1078 742/427/1078
f 751/440/1079 755/441/1079 752/444/1079
f 755/441/1080 753/443/1080 752/444/1080
f 757/445/1081 755/441/1081 754/442/1081
f 755/441/1082 759/446/1082 756/448/1082
f 756/448/1083 711/418/1083 753/443/1083
f 756/448/1084 709/416/1084 710/417/1084
f 759/446/1085 698/415/1085 709/416/1085
f 719/439/1086 759/446/1086 758/447/1086
f 757/445/1087 719/439/1087 758/447/1087
f 696/389/1088 757/445/1088 702/390/1088
f 702/390/1089 754/442/1089 701/399/1089
f 700/398/1090 754/442/1090 751/440/1090
f 760/449/1091 764/450/1091 761/453/1091
f 764/450/1092 762/452/1092 761/453/1092
f 766/454/1093 764/450/1093 763/451/1093
f 764/450/1094 768/455/1094 765/457/1094
f 765/457/1095 708/397/1095 762/452/1095
f 765/457/1096 706/395/1096 707/460/1096
f 768/455/1097 697/393/1097 706/395/1097
f 722/458/1098 768/455/1098 767/456/1098
f 766/454/1099 722/458/1099 767/456/1099
f 699/411/1100 766/454/1100 714/410/1100
f 714/410/1101 763/451/1101 713/459/1101
f 712/408/1102 763/451/1102 760/449/1102
f 651/381/1103 652/385/1103 655/382/1103
f 653/384/1104 656/396/1104 655/382/1104
f 655/382/1105 658/388/1105 657/386/1105
f 655/382/1106 656/396/1106 659/387/1106
f 623/389/1107 630/392/1107 651/381/1107
f 631/391/1108 652/385/1108 651/381/1108
f 631/391/1109 632/394/1109 653/384/1109
f 624/393/1110 633/395/1110 653/384/1110
f 633/395/1111 634/460/1111 656/396/1111
f 656/396/1112 634/460/1112 635/397/1112
f 654/383/1113 657/386/1113 627/398/1113
f 629/390/1114 651/381/1114 654/383/1114
f 660/400/1115 661/404/1115 664/401/1115
f 662/403/1116 665/409/1116 664/401/1116
f 664/401/1117 667/407/1117 666/405/1117
f 664/401/1118 665/409/1118 668/406/1118
f 639/408/1119 640/459/1119 665/409/1119
f 665/409/1120 640/459/1120 641/410/1120
f 668/406/1121 641/410/1121 626/411/1121
f 668/406/1122 642/412/1122 643/413/1122
f 666/405/1123 667/407/1123 643/413/1123
f 666/405/1124 644/414/1124 625/415/1124
f 663/402/1125 666/405/1125 636/416/1125
f 638/418/1126 660/400/1126 663/402/1126
f 669/419/1127 670/423/1127 673/420/1127
f 671/422/1128 674/461/1128 673/420/1128
f 673/420/1129 676/426/1129 675/424/1129
f 673/420/1130 674/461/1130 677/425/1130
f 625/415/1131 644/414/1131 669/427/1131
f 644/414/1132 643/413/1132 670/429/1132
f 642/412/1133 671/430/1133 670/429/1133
f 626/411/1134 648/431/1134 671/430/1134
f 648/431/1135 649/458/1135 674/432/1135
f 674/432/1136 649/458/1136 650/433/1136
f 677/434/1137 650/433/1137 624/393/1137
f 676/435/1138 677/434/1138 632/394/1138
f 676/435/1139 631/391/1139 630/392/1139
f 675/436/1140 630/392/1140 623/389/1140
f 672/438/1141 675/436/1141 645/437/1141
f 647/428/1142 669/427/1142 672/438/1142
f 678/440/1143 679/444/1143 682/441/1143
f 680/443/1144 683/448/1144 682/441/1144
f 682/441/1145 685/447/1145 684/445/1145
f 682/441/1146 683/448/1146 686/446/1146
f 638/418/1147 637/417/1147 683/448/1147
f 683/448/1148 637/417/1148 636/416/1148
f 686/446/1149 636/416/1149 625/415/1149
f 686/446/1150 647/428/1150 646/439/1150
f 684/445/1151 685/447/1151 646/439/1151
f 684/445/1152 645/437/1152 623/389/1152
f 681/442/1153 684/445/1153 629/390/1153
f 627/398/1154 678/440/1154 681/442/1154
f 687/449/1155 688/453/1155 691/450/1155
f 689/452/1156 692/457/1156 691/450/1156
f 691/450/1157 694/456/1157 693/454/1157
f 691/450/1158 692/457/1158 695/455/1158
f 635/397/1159 634/460/1159 692/457/1159
f 692/457/1160 634/460/1160 633/395/1160
f 695/455/1161 633/395/1161 624/393/1161
f 695/455/1162 650/433/1162 649/458/1162
f 693/454/1163 694/456/1163 649/458/1163
f 693/454/1164 648/431/1164 626/411/1164
f 690/451/1165 693/454/1165 641/410/1165
f 639/408/1166 687/449/1166 690/451/1166
f 724/381/1167 727/383/1167 728/382/1167
f 728/382/1168 729/396/1168 726/384/1168
f 730/386/1169 731/388/1169 728/382/1169
f 728/382/1170 731/388/1170 732/387/1170
f 696/389/1171 702/390/1171 724/381/1171
f 724/381/1172 725/385/1172 704/391/1172
f 704/391/1173 725/385/1173 726/384/1173
f 726/384/1174 706/395/1174 697/393/1174
f 729/396/1175 707/460/1175 706/395/1175
f 729/396/1176 732/387/1176 708/397/1176
f 700/398/1177 730/386/1177 727/383/1177
f 702/390/1178 701/399/1178 727/383/1178
f 733/400/1179 736/402/1179 737/401/1179
f 737/401/1180 738/409/1180 735/403/1180
f 739/405/1181 740/407/1181 737/401/1181
f 737/401/1182 740/407/1182 741/406/1182
f 738/409/1183 713/459/1183 712/408/1183
f 738/409/1184 741/406/1184 714/410/1184
f 741/406/1185 715/412/1185 699/411/1185
f 716/413/1186 715/412/1186 741/406/1186
f 739/405/1187 717/414/1187 716/413/1187
f 698/415/1188 717/414/1188 739/405/1188
f 709/416/1189 739/405/1189 736/402/1189
f 711/418/1190 710/417/1190 736/402/1190
f 742/419/1191 745/421/1191 746/420/1191
f 746/420/1192 747/461/1192 744/422/1192
f 748/424/1193 749/426/1193 746/420/1193
f 746/420/1194 749/426/1194 750/425/1194
f 698/415/1195 720/428/1195 742/427/1195
f 717/414/1196 742/427/1196 743/429/1196
f 743/429/1197 744/430/1197 715/412/1197
f 744/430/1198 721/431/1198 699/411/1198
f 747/432/1199 722/458/1199 721/431/1199
f 747/432/1200 750/434/1200 723/433/1200
f 750/434/1201 705/394/1201 697/393/1201
f 749/435/1202 704/391/1202 705/394/1202
f 703/392/1203 704/391/1203 749/435/1203
f 696/389/1204 703/392/1204 748/436/1204
f 718/437/1205 748/436/1205 745/438/1205
f 720/428/1206 719/439/1206 745/438/1206
f 751/440/1207 754/442/1207 755/441/1207
f 755/441/1208 756/448/1208 753/443/1208
f 757/445/1209 758/447/1209 755/441/1209
f 755/441/1210 758/447/1210 759/446/1210
f 756/448/1211 710/417/1211 711/418/1211
f 756/448/1212 759/446/1212 709/416/1212
f 759/446/1213 720/428/1213 698/415/1213
f 719/439/1214 720/428/1214 759/446/1214
f 757/445/1215 718/437/1215 719/439/1215
f 696/389/1216 718/437/1216 757/445/1216
f 702/390/1217 757/445/1217 754/442/1217
f 700/398/1218 701/399/1218 754/442/1218
f 760/449/1219 763/451/1219 764/450/1219
f 764/450/1220 765/457/1220 762/452/1220
f 766/454/1221 767/456/1221 764/450/1221
f 764/450/1222 767/456/1222 768/455/1222
f 765/457/1223 707/460/1223 708/397/1223
f 765/457/1224 768/455/1224 706/395/1224
f 768/455/1225 723/433/1225 697/393/1225
f 722/458/1226 723/433/1226 768/455/1226
f 766/454/1227 721/431/1227 722/458/1227
f 699/411/1228 721/431/1228 766/454/1228
f 714/410/1229 766/454/1229 763/451/1229
f 712/408/1230 713/459/1230 763/451/1230
o Pant
v 0.128711 0.355903 0.071415
v 0.128711 0.355903 -0.071415
v -0.000000 0.355903 -0.084479
v -0.000000 0.355903 0.081691
v 0.150727 0.355903 0.000000
v 0.128711 0.398032 -0.061249
v 0.128711 0.398032 0.061249
v -0.000000 0.396269 0.081072
v -0.000000 0.396269 -0.071415
v 0.150727 0.398984 0.000000
v 0.076759 0.355903 0.071415
v 0.076759 0.355903 -0.071415
v 0.076759 0.397320 -0.065352
v 0.076759 0.397320 0.069250
v 0.132038 0.398078 -0.065294
v 0.131791 0.355903 -0.075649
v 0.155967 0.355903 0.000000
v 0.132111 0.398068 0.065235
v 0.131873 0.355903 0.075591
v 0.076940 0.355903 0.076651
v 0.076787 0.355903 -0.076655
v -0.000000 0.355903 -0.089718
v -0.000000 0.355903 0.086919
v -0.000000 0.396188 0.086299
v -0.000000 0.396255 -0.076654
v 0.155967 0.398997 0.000000
v 0.076809 0.397348 -0.070592
v 0.076968 0.397307 0.074487
v 0.156464 0.313210 0.000033
v 0.132635 0.313210 -0.077263
v 0.076404 0.313210 0.077330
v 0.132635 0.313210 0.077330
v 0.076404 0.313210 -0.077263
v -0.000000 0.313210 -0.091404
v -0.000000 0.313210 0.088453
v 0.162136 0.313210 0.000033
v 0.135968 0.313210 -0.081847
v 0.076600 0.313210 0.082998
v 0.136057 0.313210 0.081850
v 0.076434 0.313210 -0.082935
v -0.000000 0.313210 -0.097075
v -0.000000 0.313210 0.094111
v 0.169381 0.233308 0.000110
v 0.141363 0.233308 -0.090775
v 0.075248 0.233308 0.090995
v 0.141363 0.233308 0.090995
v 0.075248 0.233308 -0.090775
v -0.000000 0.215131 -0.107401
v -0.000000 0.160093 0.104073
v 0.176051 0.233308 0.000110
v 0.145283 0.233308 -0.096164
v 0.075478 0.233308 0.097659
v 0.145387 0.233308 0.096309
v 0.075283 0.233308 -0.097443
v -0.000000 0.215131 -0.114069
v -0.000000 0.160093 0.110726
v -0.000000 0.150939 0.102296
v 0.078140 0.193065 0.094771
v -0.000000 0.150939 0.106124
v 0.078272 0.193065 0.098606
v 0.177439 0.192157 -0.001594
v 0.149421 0.192157 -0.092479
v 0.083306 0.192157 0.089290
v 0.149421 0.192157 0.089290
v 0.083306 0.192157 -0.092479
v -0.000000 0.173980 -0.109105
v 0.184109 0.192157 -0.001594
v 0.153341 0.192157 -0.097868
v 0.083536 0.192157 0.095955
v 0.153445 0.192157 0.094605
v 0.083341 0.192157 -0.099147
v -0.000000 0.173980 -0.115773
v 0.128711 0.468145 -0.061249
v 0.150727 0.469097 0.000000
v 0.076759 0.467433 -0.065352
v 0.128711 0.468145 0.061249
v 0.076759 0.467433 0.069250
v -0.000000 0.466382 0.081072
v -0.000000 0.466382 -0.071415
v 0.132038 0.468190 -0.065294
v 0.155967 0.469110 0.000000
v 0.076809 0.467461 -0.070592
v 0.132111 0.468181 0.065235
v 0.076968 0.467420 0.074487
v -0.000000 0.466300 0.086299
v -0.000000 0.466368 -0.076654
v 0.075365 0.571190 -0.064931
v 0.127317 0.571902 -0.060828
v 0.075365 0.571190 0.069672
v -0.000000 0.570139 0.081493
v -0.000000 0.570139 -0.070993
v 0.127317 0.571902 0.061671
v 0.075414 0.571218 -0.070170
v 0.130643 0.571948 -0.064872
v 0.075574 0.571177 0.074908
v 0.000000 0.570058 0.086720
v 0.000000 0.570126 -0.076233
v 0.130716 0.571938 0.065656
v 0.074065 0.598607 -0.055981
v 0.119225 0.599226 -0.052415
v 0.074065 0.598607 0.061024
v -0.000000 0.597694 0.071300
v -0.000000 0.597694 -0.061251
v 0.119225 0.599226 0.054070
v 0.074108 0.598632 -0.060536
v 0.122116 0.599266 -0.055931
v 0.074246 0.598596 0.065576
v -0.000000 0.597623 0.075844
v -0.000000 0.597682 -0.065806
v 0.122180 0.599257 0.057534
v 0.119127 0.606579 0.054089
v 0.073967 0.605961 0.061044
v 0.122082 0.606611 0.057554
v 0.074148 0.605949 0.065596
v 0.073926 0.608727 -0.055951
v 0.119086 0.609345 -0.052385
v 0.073969 0.608751 -0.060506
v 0.121978 0.609385 -0.055901
v 0.111073 0.599276 0.001895
v 0.110960 0.607662 0.001999
v 0.067284 0.607076 0.002027
v 0.067396 0.598689 0.001923
v -0.128711 0.355903 0.071415
v -0.128711 0.355903 -0.071415
v -0.150727 0.355903 0.000000
v -0.128711 0.398032 -0.061249
v -0.128711 0.398032 0.061249
v -0.150727 0.398984 0.000000
v -0.076759 0.355903 0.071415
v -0.076759 0.355903 -0.071415
v -0.076759 0.397320 -0.065352
v -0.076759 0.397320 0.069250
v -0.132038 0.398078 -0.065294
v -0.131791 0.355903 -0.075649
v -0.155967 0.355903 0.000000
v -0.132111 0.398068 0.065235
v -0.131873 0.355903 0.075591
v -0.076940 0.355903 0.076651
v -0.076787 0.355903 -0.076655
v -0.155967 0.398997 0.000000
v -0.076809 0.397348 -0.070592
v -0.076968 0.397307 0.074487
v -0.156464 0.313210 0.000033
v -0.132635 0.313210 -0.077263
v -0.076404 0.313210 0.077330
v -0.132635 0.313210 0.077330
v -0.076404 0.313210 -0.077263
v -0.162136 0.313210 0.000033
v -0.135968 0.313210 -0.081847
v -0.076600 0.313210 0.082998
v -0.136057 0.313210 0.081850
v -0.076434 0.313210 -0.082935
v -0.169381 0.233308 0.000110
v -0.141363 0.233308 -0.090775
v -0.075248 0.233308 0.090995
v -0.141363 0.233308 0.090995
v -0.075248 0.233308 -0.090775
v -0.176051 0.233308 0.000110
v -0.145283 0.233308 -0.096164
v -0.075478 0.233308 0.097659
v -0.145387 0.233308 0.096309
v -0.075283 0.233308 -0.097443
v -0.078140 0.193065 0.094771
v -0.078272 0.193065 0.098606
v -0.177439 0.192157 -0.001594
v -0.149421 0.192157 -0.092479
v -0.083306 0.192157 0.089290
v -0.149421 0.192157 0.089290
v -0.083306 0.192157 -0.092479
v -0.184109 0.192157 -0.001594
v -0.153341 0.192157 -0.097868
v -0.083537 0.192157 0.095955
v -0.153445 0.192157 0.094605
v -0.083341 0.192157 -0.099147
v -0.128711 0.468145 -0.061249
v -0.150727 0.469097 0.000000
v -0.076759 0.467433 -0.065352
v -0.128711 0.468145 0.061249
v -0.076759 0.467433 0.069250
v -0.132038 0.468190 -0.065294
v -0.155967 0.469110 0.000000
v -0.076809 0.467461 -0.070592
v -0.132111 0.468181 0.065235
v -0.076968 0.467420 0.074487
v -0.075365 0.571190 -0.064931
v -0.127317 0.571902 -0.060828
v -0.075365 0.571190 0.069672
v -0.127317 0.571902 0.061671
v -0.075414 0.571218 -0.070170
v -0.130643 0.571948 -0.064872
v -0.075574 0.571177 0.074908
v -0.130716 0.571938 0.065656
v -0.074065 0.598607 -0.055981
v -0.119225 0.599226 -0.052415
v -0.074065 0.598607 0.061024
v -0.119225 0.599226 0.054070
v -0.074108 0.598632 -0.060536
v -0.122116 0.599266 -0.055931
v -0.074246 0.598596 0.065576
v -0.122180 0.599257 0.057534
v -0.119127 0.606579 0.054089
v -0.073967 0.605961 0.061044
v -0.122082 0.606611 0.057554
v -0.074148 0.605949 0.065596
v -0.073926 0.608727 -0.055951
v -0.119086 0.609345 -0.052385
v -0.073969 0.608751 -0.060506
v -0.121978 0.609385 -0.055901
v -0.111073 0.599276 0.001895
v -0.110960 0.607662 0.001999
v -0.067284 0.607076 0.002027
v -0.067396 0.598689 0.001923
vn -0.9532 -0.0709 0.2939
vn -0.0000 -0.1448 0.9895
vn -0.9411 -0.0000 -0.3383
vn -0.1513 -0.0516 -0.9871
vn -0.1449 -0.2321 -0.9618
vn -0.1598 -0.3040 0.9392
vn 0.9503 0.0690 -0.3037
vn 0.0181 0.1447 -0.9893
vn 0.9505 0.0690 0.3030
vn 0.1323 0.0152 0.9911
vn 0.0193 0.0522 0.9985
vn 0.1598 0.3041 -0.9392
vn 0.0787 -0.0000 -0.9969
vn 0.9438 0.1366 0.3008
vn 0.0181 0.1454 -0.9892
vn -0.0000 -0.1372 -0.9905
vn 0.1309 0.1448 0.9808
vn -0.0787 -0.0000 0.9969
vn -0.9479 -0.1271 0.2922
vn -0.9411 -0.0000 0.3383
vn 0.1517 -0.0000 0.9884
vn -0.1522 -0.0000 -0.9883
vn 0.1794 0.1671 -0.9695
vn -0.9444 -0.1530 -0.2911
vn 0.1413 0.1767 0.9741
vn -0.1796 -0.1615 0.9704
vn 0.9399 0.1640 0.2996
vn -0.0000 -0.1686 -0.9857
vn 0.1737 0.1681 -0.9703
vn -0.1663 -0.1325 0.9771
vn 0.9437 0.1361 -0.3016
vn -0.1423 -0.1548 -0.9776
vn -0.0000 -0.1357 0.9907
vn -0.9478 -0.1276 -0.2922
vn 0.0191 0.1469 0.9890
vn 0.0193 -0.0376 0.9991
vn 0.9971 0.0684 -0.0345
vn -0.9372 -0.1955 0.2889
vn -0.9413 -0.1723 -0.2902
vn 0.9342 0.1953 -0.2986
vn 0.9387 0.1714 0.2992
vn 0.0180 0.1784 -0.9838
vn -0.0740 -0.1012 -0.9921
vn -0.0000 -0.1667 0.9860
vn 0.9397 0.1634 -0.3003
vn 0.0190 0.1802 0.9834
vn -0.9445 -0.1524 0.2912
vn 0.4739 -0.8806 -0.0000
vn 0.1394 0.0330 0.9897
vn -0.1936 0.1870 -0.9631
vn 0.2130 -0.9771 0.0011
vn -0.0000 -1.0000 -0.0000
vn -0.9805 -0.1934 0.0339
vn 0.0183 0.0449 -0.9988
vn -0.0000 0.0414 -0.9991
vn 0.1869 0.0406 -0.9815
vn -0.0000 -0.0414 0.9991
vn -0.1968 -0.0790 0.9772
vn -0.0026 0.9999 0.0146
vn -0.1550 0.0019 -0.9879
vn 0.1517 -0.0040 0.9884
vn 0.7607 0.0129 -0.6490
vn -0.0214 0.9998 -0.0062
vn -0.1522 0.0020 -0.9883
vn 0.1655 -0.0000 0.9862
vn 0.9389 -0.0000 -0.3441
vn 0.0955 -0.0000 -0.9954
vn 0.9392 -0.0000 0.3435
vn -0.0705 -0.3126 0.9473
vn -0.1409 -0.3039 -0.9422
vn 0.7717 0.0330 0.6351
vn 0.0626 0.3336 -0.9406
vn 0.0801 0.0051 -0.9968
vn 0.0954 0.0053 -0.9954
vn -0.0787 -0.0040 0.9969
vn 0.1655 -0.0018 0.9862
vn 0.7723 0.0078 0.6353
vn -0.0787 -0.0051 0.9969
vn -0.0119 0.9999 0.0030
vn -0.0126 0.9999 -0.0027
vn 0.7607 0.0119 -0.6490
vn 0.0954 0.0043 -0.9954
vn 0.1521 0.3250 0.9334
vn 0.0856 0.3340 -0.9387
vn -0.1273 -0.3038 -0.9442
vn 0.7598 0.0446 -0.6486
vn 0.1386 0.3635 0.9212
vn -0.0710 -0.3325 0.9404
vn -0.0134 0.9999 0.0023
vn 0.1655 -0.0004 0.9862
vn -0.0134 0.9997 0.0204
vn -0.9991 -0.0134 0.0398
vn -0.0141 0.9999 0.0052
vn 0.7722 0.0087 0.6353
vn -0.9936 -0.0135 0.1121
vn -0.9999 -0.0137 -0.0095
vn 0.9879 0.0152 -0.1546
vn 0.0132 -0.9999 -0.0030
vn 0.9889 0.0131 0.1482
vn -0.0134 0.9995 0.0269
vn -0.9934 -0.0119 -0.1144
vn 0.0135 -0.9999 0.0029
vn 0.9532 -0.0709 0.2939
vn 0.9532 -0.0709 -0.2939
vn 0.1327 -0.0152 -0.9910
vn -0.0000 -0.0522 -0.9986
vn 0.1598 -0.3040 0.9392
vn -0.9503 0.0690 -0.3037
vn -0.0181 0.1447 -0.9893
vn -0.9392 -0.0000 0.3435
vn -0.1508 0.0515 0.9872
vn -0.1577 0.2347 0.9592
vn -0.1598 0.3041 -0.9392
vn -0.0787 -0.0000 -0.9969
vn -0.9438 0.1366 0.3008
vn 0.9411 -0.0000 -0.3383
vn -0.0181 0.1454 -0.9892
vn -0.1309 0.1448 0.9808
vn 0.0787 -0.0000 0.9969
vn 0.9479 -0.1271 0.2922
vn 0.9411 -0.0000 0.3383
vn -0.1517 -0.0000 0.9884
vn 0.1522 -0.0000 -0.9883
vn -0.1660 0.1422 -0.9758
vn 0.9444 -0.1530 -0.2911
vn -0.1413 0.1767 0.9741
vn 0.1796 -0.1615 0.9704
vn -0.9399 0.1640 0.2996
vn -0.1792 0.1733 -0.9684
vn 0.1663 -0.1325 0.9771
vn -0.9437 0.1361 -0.3016
vn 0.1315 -0.1350 -0.9821
vn 0.9478 -0.1276 -0.2922
vn -0.0191 0.1469 0.9890
vn -0.0193 -0.0376 0.9991
vn -0.9971 0.0684 -0.0345
vn 0.9372 -0.1955 0.2889
vn 0.9413 -0.1723 -0.2902
vn -0.9342 0.1953 -0.2986
vn -0.9387 0.1714 0.2992
vn -0.0180 0.1784 -0.9838
vn 0.1421 -0.1649 -0.9760
vn -0.9397 0.1634 -0.3003
vn -0.0190 0.1802 0.9834
vn 0.9445 -0.1524 0.2912
vn -0.4733 -0.8808 -0.0164
vn -0.1394 0.0330 0.9897
vn 0.0765 -0.0986 -0.9922
vn -0.2130 -0.9771 0.0011
vn 0.9805 -0.1934 0.0339
vn -0.0183 0.0449 -0.9988
vn -0.1967 0.0790 -0.9773
vn 0.1968 -0.0790 0.9772
vn 0.0026 0.9999 0.0146
vn 0.1523 0.0040 -0.9883
vn -0.1517 -0.0040 0.9884
vn -0.7607 0.0129 -0.6490
vn 0.0026 0.9999 -0.0146
vn 0.1522 0.0020 -0.9883
vn -0.1655 -0.0000 0.9862
vn -0.9389 -0.0000 -0.3441
vn -0.0955 -0.0000 -0.9954
vn 0.0705 -0.3126 0.9473
vn 0.1409 -0.3039 -0.9422
vn -0.7717 0.0330 0.6351
vn -0.0699 0.3530 -0.9330
vn -0.0786 0.0040 -0.9969
vn -0.0954 0.0053 -0.9954
vn 0.0787 -0.0040 0.9969
vn -0.1655 -0.0018 0.9862
vn -0.7723 0.0078 0.6353
vn 0.0787 -0.0051 0.9969
vn 0.0119 0.9999 0.0030
vn 0.0127 0.9999 0.0052
vn -0.7607 0.0119 -0.6490
vn -0.0954 0.0043 -0.9954
vn -0.1521 0.3250 0.9334
vn -0.0856 0.3340 -0.9387
vn 0.1409 -0.3435 -0.9285
vn -0.7598 0.0446 -0.6486
vn -0.1386 0.3635 0.9212
vn 0.0710 -0.3325 0.9404
vn 0.0132 0.9999 0.0030
vn -0.1655 -0.0004 0.9862
vn 0.0102 0.9997 0.0224
vn 0.9991 -0.0134 0.0398
vn 0.0141 0.9999 0.0052
vn -0.7722 0.0087 0.6353
vn 0.9936 -0.0135 0.1121
vn 0.9999 -0.0137 -0.0095
vn -0.9879 0.0136 -0.1543
vn -0.0132 -0.9999 -0.0030
vn -0.9889 0.0115 0.1484
vn 0.0134 0.9995 0.0269
vn 0.9934 -0.0119 -0.1144
vn -0.0134 -0.9999 0.0030
vn -0.0734 -0.2339 0.9695
vn -0.9532 -0.0709 -0.2939
vn -0.1327 -0.0152 -0.9910
vn -0.0759 -0.1444 0.9866
vn 0.0897 0.2370 -0.9674
vn 0.1508 0.0515 0.9872
vn 0.1577 0.2347 0.9592
vn 0.0758 0.1443 -0.9866
vn 0.1416 0.1644 0.9762
vn 0.1660 0.1422 -0.9758
vn 0.0673 0.1076 0.9919
vn -0.1764 -0.1585 0.9715
vn 0.1792 0.1733 -0.9684
vn -0.1797 -0.1575 0.9710
vn -0.1315 -0.1350 -0.9821
vn -0.1421 -0.1649 -0.9760
vn 0.4733 -0.8808 -0.0164
vn 0.3113 -0.4269 0.8491
vn -0.0765 -0.0986 -0.9922
vn 0.2131 -0.9770 -0.0000
vn 0.1967 0.0790 -0.9773
vn -0.1870 -0.0406 0.9815
vn -0.0192 0.9998 0.0072
vn -0.1523 0.0040 -0.9883
vn 0.1545 -0.0019 0.9880
vn -0.0026 0.9999 -0.0146
vn 0.0699 0.3530 -0.9330
vn 0.0786 0.0040 -0.9969
vn -0.0801 -0.0051 0.9968
vn -0.0109 0.9998 0.0156
vn -0.0127 0.9999 0.0052
vn -0.1409 -0.3435 -0.9285
vn 0.1254 0.3251 0.9373
vn -0.0636 -0.3124 0.9478
vn -0.0132 0.9999 0.0030
vn -0.0102 0.9997 0.0224
vn -0.0133 0.9999 0.0005
vn -0.9936 -0.0147 0.1122
vn 0.9879 0.0136 -0.1543
vn 0.0134 -0.9999 -0.0029
vn 0.9889 0.0115 0.1484
vn -0.0159 0.9995 0.0286
vn -0.9934 -0.0133 -0.1142
vn 0.0134 -0.9999 0.0030
vn 0.0734 -0.2339 0.9695
vn 0.1513 -0.0516 -0.9871
vn 0.1449 -0.2321 -0.9618
vn 0.0759 -0.1444 0.9866
vn -0.0897 0.2370 -0.9674
vn -0.9505 0.0690 0.3030
vn -0.1323 0.0152 0.9911
vn -0.0193 0.0522 0.9985
vn -0.0758 0.1443 -0.9866
vn -0.1416 0.1644 0.9762
vn -0.1794 0.1671 -0.9695
vn -0.0673 0.1076 0.9919
vn 0.1764 -0.1585 0.9715
vn -0.1737 0.1681 -0.9703
vn 0.1797 -0.1575 0.9710
vn 0.1423 -0.1548 -0.9776
vn 0.0740 -0.1012 -0.9921
vn -0.4739 -0.8806 -0.0000
vn -0.3113 -0.4269 0.8491
vn 0.1936 0.1870 -0.9631
vn -0.2131 -0.9770 -0.0000
vn -0.1869 0.0406 -0.9815
vn 0.1870 -0.0406 0.9815
vn 0.0192 0.9998 0.0072
vn 0.1550 0.0019 -0.9879
vn -0.1545 -0.0019 0.9880
vn 0.0214 0.9998 -0.0062
vn -0.0626 0.3336 -0.9406
vn -0.0801 0.0051 -0.9968
vn 0.0801 -0.0051 0.9968
vn 0.0109 0.9998 0.0156
vn 0.0126 0.9999 -0.0027
vn 0.1273 -0.3038 -0.9442
vn -0.1254 0.3251 0.9373
vn 0.0636 -0.3124 0.9478
vn 0.0134 0.9999 0.0023
vn 0.0134 0.9997 0.0204
vn 0.0133 0.9999 0.0005
vn 0.9936 -0.0147 0.1122
vn -0.9879 0.0152 -0.1546
vn -0.0134 -0.9999 -0.0029
vn -0.9889 0.0131 0.1482
vn 0.0159 0.9995 0.0286
vn 0.9934 -0.0133 -0.1142
vn -0.0135 -0.9999 0.0029
vt 0.181586 0.595155
vt 0.187611 0.601825
vt 0.184245 0.600800
vt 0.188761 0.604438
vt 0.185391 0.603172
vt 0.186616 0.591006
vt 0.184890 0.597648
vt 0.182190 0.573626
vt 0.202198 0.566057
vt 0.190997 0.582319
vt 0.180584 0.585073
vt 0.188608 0.606930
vt 0.185468 0.605382
vt 0.184635 0.609045
vt 0.175297 0.608907
vt 0.181745 0.607165
vt 0.187459 0.608022
vt 0.184270 0.606372
vt 0.174812 0.616070
vt 0.166441 0.615225
vt 0.157622 0.624731
vt 0.164784 0.647142
vt 0.140962 0.647628
vt 0.170362 0.626152
vt 0.189037 0.605923
vt 0.185636 0.604834
vt 0.195654 0.608061
vt 0.193572 0.611507
vt 0.171893 0.606713
vt 0.190095 0.605823
vt 0.185077 0.603283
vt 0.181858 0.604989
vt 0.169232 0.568119
vt 0.144793 0.617749
vt 0.195314 0.606612
vt 0.177489 0.594007
vt 0.192871 0.605498
vt 0.186581 0.638798
vt 0.199297 0.598480
vt 0.183294 0.603743
vt 0.172713 0.582542
vt 0.170166 0.596955
vt 0.158928 0.589957
vt 0.112791 0.636824
vt 0.128675 0.576105
vt 0.183054 0.604343
vt 0.179622 0.602360
vt 0.182750 0.602348
vt 0.159779 0.610951
vt 0.169124 0.599909
vt 0.129660 0.577831
vt 0.179683 0.602796
vt 0.180550 0.602818
vt 0.179065 0.605441
vt 0.188306 0.548733
vt 0.164265 0.534951
vt 0.181161 0.599935
vt 0.156174 0.596315
vt 0.150269 0.587481
vt 0.158327 0.592934
vt 0.095030 0.558401
vt 0.176093 0.601807
vt 0.169253 0.598618
vt 0.157341 0.594140
vt 0.176462 0.601016
vt 0.176758 0.602127
vt 0.169931 0.597179
vt 0.080925 0.533162
vt 0.176901 0.600765
vt 0.054305 0.534271
vt 0.091984 0.560917
vt 0.032837 0.537825
vt 0.055713 0.564078
vt 0.180007 0.602756
vt 0.179169 0.602113
vt 0.178862 0.602552
vt 0.150163 0.589184
vt 0.180025 0.602731
vt 0.180444 0.603039
vt 0.183532 0.606669
vt 0.211186 0.601329
vt 0.212451 0.613274
vt 0.188657 0.622087
vt 0.200606 0.629354
vt 0.188458 0.609637
vt 0.208886 0.616879
vt 0.208946 0.615873
vt 0.190737 0.611280
vt 0.209293 0.586234
vt 0.179139 0.609761
vt 0.194596 0.610410
vt 0.216709 0.618442
vt 0.228082 0.624244
vt 0.221521 0.621580
vt 0.213769 0.618699
vt 0.220223 0.617987
vt 0.231638 0.624452
vt 0.216135 0.618853
vt 0.209720 0.615099
vt 0.220994 0.619156
vt 0.205851 0.612761
vt 0.218369 0.622850
vt 0.205033 0.615152
vt 0.209033 0.621060
vt 0.211087 0.611557
vt 0.213786 0.619449
vt 0.214913 0.617322
vt 0.209578 0.616559
vt 0.212698 0.617890
vt 0.215275 0.618589
vt 0.214208 0.618426
vt 0.244009 0.631352
vt 0.207162 0.621847
vt 0.214410 0.619080
vt 0.215024 0.619201
vt 0.223307 0.621033
vt 0.221142 0.622702
vt 0.234701 0.628049
vt 0.226226 0.623006
vt 0.225393 0.624673
vt 0.221265 0.621630
vt 0.222079 0.622531
s 0
usemtl Material
f 773/462/1231 774/463/1231 770/464/1231
f 770/464/1232 781/465/1232 780/466/1232
f 773/462/1233 775/467/1233 778/468/1233
f 779/469/1234 776/470/1234 782/471/1234
f 769/472/1235 782/471/1235 775/467/1235
f 780/466/1236 777/473/1236 771/474/1236
f 783/475/1237 785/476/1237 784/477/1237
f 795/478/1238 784/477/1238 789/479/1238
f 785/476/1239 786/480/1239 787/481/1239
f 788/482/1240 792/483/1240 791/484/1240
f 787/481/1241 796/485/1241 788/482/1241
f 793/486/1242 789/479/1242 790/487/1242
f 795/478/1243 854/488/1243 850/489/1243
f 787/481/1244 804/490/1244 785/476/1244
f 778/468/1233 844/491/1233 842/492/1233
f 784/477/1245 808/493/1245 789/479/1245
f 769/472/1246 799/494/1246 779/469/1246
f 791/484/1247 806/495/1247 788/482/1247
f 774/463/1248 843/496/1248 781/465/1248
f 770/464/1249 797/497/1249 773/462/1249
f 778/468/1250 841/498/1250 774/463/1250
f 796/485/1251 853/499/1251 792/483/1251
f 775/467/1252 845/500/1252 844/491/1252
f 790/487/1253 808/493/1253 809/501/1253
f 800/502/1254 811/503/1254 814/504/1254
f 810/505/1255 820/506/1255 806/495/1255
f 802/507/1256 815/508/1256 801/509/1256
f 807/510/1257 818/511/1257 804/490/1257
f 800/502/1258 813/512/1258 799/494/1258
f 809/501/1259 822/513/1259 823/514/1259
f 771/474/1260 801/509/1260 780/466/1260
f 784/477/1261 804/490/1261 805/515/1261
f 772/516/1262 799/494/1262 803/517/1262
f 770/464/1263 801/509/1263 798/518/1263
f 769/472/1264 797/497/1264 800/502/1264
f 787/481/1265 806/495/1265 807/510/1265
f 821/519/1266 837/520/1266 838/521/1266
f 820/506/1267 826/522/1267 813/512/1267
f 811/503/1268 830/523/1268 829/524/1268
f 811/503/1269 832/525/1269 814/504/1269
f 818/511/1270 836/526/1270 819/527/1270
f 818/511/1271 838/521/1271 835/528/1271
f 805/515/1272 822/513/1272 808/493/1272
f 803/517/1273 813/512/1273 817/529/1273
f 798/518/1274 815/508/1274 812/530/1274
f 805/515/1275 818/511/1275 819/527/1275
f 807/510/1276 820/506/1276 821/519/1276
f 798/518/1277 811/503/1277 797/497/1277
f 825/531/1278 828/532/1278 827/533/1278
f 824/534/1279 828/532/1279 820/506/1279
f 817/529/1280 826/522/1280 825/531/1280
f 834/535/1281 839/536/1281 833/537/1281
f 830/523/1282 839/536/1282 836/526/1282
f 832/525/1282 835/528/1282 838/521/1282
f 830/523/1282 835/528/1282 829/524/1282
f 832/525/1282 837/520/1282 831/538/1282
f 813/512/1283 837/520/1283 820/506/1283
f 819/527/1284 839/536/1284 822/513/1284
f 814/504/1285 831/538/1285 813/512/1285
f 823/514/1286 839/536/1286 840/539/1286
f 812/530/1287 833/537/1287 830/523/1287
f 816/540/1288 833/537/1288 815/508/1288
f 844/491/1289 849/541/1289 842/492/1289
f 845/500/1290 858/542/1290 857/543/1290
f 852/544/1291 864/545/1291 853/499/1291
f 851/546/1292 860/547/1292 866/548/1292
f 841/498/1293 849/541/1293 848/549/1293
f 845/500/1294 860/547/1294 844/491/1294
f 782/471/1252 846/550/1252 845/500/1252
f 786/480/1295 852/544/1295 796/485/1295
f 794/551/1296 848/549/1296 849/541/1296
f 783/475/1297 850/489/1297 848/549/1297
f 781/465/1248 847/552/1248 777/473/1248
f 794/551/1298 851/546/1298 786/480/1298
f 855/553/1299 868/554/1299 867/555/1299
f 857/543/1300 872/556/1300 860/547/1300
f 856/557/1301 874/558/1301 868/554/1301
f 861/559/1302 877/560/1302 873/561/1302
f 850/489/1303 865/562/1303 861/559/1303
f 848/549/1304 861/559/1304 862/563/1304
f 843/496/1305 859/564/1305 847/552/1305
f 852/544/1306 866/548/1306 863/565/1306
f 841/498/1307 862/563/1307 856/557/1307
f 841/498/1308 855/553/1308 843/496/1308
f 870/566/1309 875/567/1309 869/568/1309
f 871/569/1310 873/561/1310 877/560/1310
f 878/570/1311 879/571/1311 881/572/1311
f 873/561/1312 886/573/1312 874/558/1312
f 863/565/1313 878/570/1313 875/567/1313
f 861/559/1314 874/558/1314 862/563/1314
f 857/543/1315 870/566/1315 869/568/1315
f 860/547/1316 878/570/1316 866/548/1316
f 863/565/1317 876/574/1317 864/545/1317
f 855/553/1318 871/569/1318 859/564/1318
f 879/571/1319 882/575/1319 881/572/1319
f 878/570/1320 882/575/1320 875/567/1320
f 880/576/1321 888/577/1321 889/578/1321
f 869/568/1322 882/575/1322 880/576/1322
f 884/579/1323 885/580/1323 883/581/1323
f 868/554/1324 886/573/1324 884/579/1324
f 880/576/1325 890/582/1325 869/568/1325
f 873/561/1326 883/581/1326 885/580/1326
f 879/571/1327 887/583/1327 888/577/1327
f 869/568/1328 887/583/1328 872/556/1328
f 888/577/1329 868/554/1329 884/579/1329
f 888/577/1330 883/581/1330 889/578/1330
f 889/578/1331 867/555/1331 890/582/1331
f 887/583/1332 867/555/1332 868/554/1332
f 894/463/1333 893/462/1333 892/464/1333
f 899/465/1232 892/464/1232 898/466/1232
f 893/462/1334 895/467/1334 891/472/1334
f 897/469/1335 776/470/1335 772/516/1335
f 891/472/1336 900/471/1336 897/469/1336
f 777/473/1337 898/466/1337 771/474/1337
f 903/476/1338 901/475/1338 902/477/1338
f 902/477/1339 909/478/1339 907/479/1339
f 903/476/1340 904/480/1340 908/551/1340
f 906/482/1341 792/483/1341 910/485/1341
f 905/481/1342 910/485/1342 904/480/1342
f 907/479/1343 793/486/1343 790/487/1343
f 909/478/1344 854/488/1344 793/486/1344
f 916/490/1345 905/481/1345 903/476/1345
f 896/468/1346 946/491/1346 895/467/1346
f 920/493/1347 902/477/1347 907/479/1347
f 913/494/1246 891/472/1246 897/469/1246
f 918/495/1348 791/484/1348 906/482/1348
f 945/496/1349 894/463/1349 899/465/1349
f 911/497/1350 892/464/1350 893/462/1350
f 943/498/1351 896/468/1351 894/463/1351
f 853/499/1352 910/485/1352 792/483/1352
f 895/467/1353 947/500/1353 900/471/1353
f 790/487/1354 920/493/1354 907/479/1354
f 914/502/1355 921/503/1355 911/497/1355
f 928/506/1356 810/505/1356 918/495/1356
f 925/508/1357 802/507/1357 915/509/1357
f 926/511/1358 919/510/1358 916/490/1358
f 923/512/1258 914/502/1258 913/494/1258
f 809/501/1359 930/513/1359 920/493/1359
f 915/509/1360 771/474/1360 898/466/1360
f 902/477/1361 916/490/1361 903/476/1361
f 772/516/1362 913/494/1362 897/469/1362
f 892/464/1263 915/509/1263 898/466/1263
f 891/472/1363 911/497/1363 893/462/1363
f 905/481/1364 918/495/1364 906/482/1364
f 929/519/1365 940/520/1365 928/506/1365
f 931/522/1366 928/506/1366 923/512/1366
f 921/503/1367 934/523/1367 922/530/1367
f 936/525/1368 921/503/1368 924/504/1368
f 939/526/1369 926/511/1369 927/527/1369
f 926/511/1370 941/521/1370 929/519/1370
f 930/513/1371 917/515/1371 920/493/1371
f 803/517/1372 923/512/1372 913/494/1372
f 912/518/1274 925/508/1274 915/509/1274
f 917/515/1373 926/511/1373 916/490/1373
f 919/510/1374 928/506/1374 918/495/1374
f 921/503/1375 912/518/1375 911/497/1375
f 825/531/1376 932/532/1376 931/522/1376
f 932/532/1377 824/534/1377 928/506/1377
f 817/529/1378 931/522/1378 923/512/1378
f 942/536/1379 834/535/1379 937/537/1379
f 934/523/1282 942/536/1282 937/537/1282
f 936/525/1282 938/528/1282 933/524/1282
f 938/528/1282 934/523/1282 933/524/1282
f 940/520/1282 936/525/1282 935/538/1282
f 940/520/1380 923/512/1380 928/506/1380
f 942/536/1381 927/527/1381 930/513/1381
f 935/538/1285 924/504/1285 923/512/1285
f 823/514/1382 942/536/1382 930/513/1382
f 922/530/1287 937/537/1287 925/508/1287
f 937/537/1383 816/540/1383 925/508/1383
f 949/541/1384 946/491/1384 944/492/1384
f 947/500/1385 858/542/1385 846/550/1385
f 864/545/1386 952/544/1386 853/499/1386
f 951/546/1387 956/547/1387 946/491/1387
f 943/498/1388 949/541/1388 944/492/1388
f 956/547/1389 947/500/1389 946/491/1389
f 900/471/1353 846/550/1353 776/470/1353
f 952/544/1390 904/480/1390 910/485/1390
f 908/551/1391 948/549/1391 901/475/1391
f 901/475/1392 950/489/1392 909/478/1392
f 847/552/1349 899/465/1349 777/473/1349
f 951/546/1340 908/551/1340 904/480/1340
f 953/553/1393 962/554/1393 954/557/1393
f 964/556/1394 955/543/1394 956/547/1394
f 954/557/1395 966/558/1395 958/563/1395
f 957/559/1396 877/560/1396 865/562/1396
f 950/489/1397 865/562/1397 854/488/1397
f 948/549/1398 957/559/1398 950/489/1398
f 859/564/1399 945/496/1399 847/552/1399
f 952/544/1400 960/548/1400 951/546/1400
f 943/498/1401 958/563/1401 948/549/1401
f 953/553/1402 943/498/1402 945/496/1402
f 967/567/1403 870/566/1403 963/568/1403
f 871/569/1404 965/561/1404 961/555/1404
f 968/570/1405 969/571/1405 964/556/1405
f 976/573/1406 965/561/1406 966/558/1406
f 959/565/1407 968/570/1407 960/548/1407
f 966/558/1408 957/559/1408 958/563/1408
f 955/543/1409 870/566/1409 858/542/1409
f 968/570/1410 956/547/1410 960/548/1410
f 876/574/1411 959/565/1411 864/545/1411
f 871/569/1412 953/553/1412 859/564/1412
f 969/571/1413 972/575/1413 970/576/1413
f 972/575/1414 968/570/1414 967/567/1414
f 970/576/1415 978/577/1415 969/571/1415
f 963/568/1416 972/575/1416 967/567/1416
f 975/580/1417 974/579/1417 973/581/1417
f 962/554/1418 976/573/1418 966/558/1418
f 980/582/1419 970/576/1419 963/568/1419
f 965/561/1420 973/581/1420 961/555/1420
f 969/571/1421 977/583/1421 964/556/1421
f 977/583/1422 963/568/1422 964/556/1422
f 978/577/1423 962/554/1423 977/583/1423
f 973/581/1424 978/577/1424 979/578/1424
f 961/555/1425 979/578/1425 980/582/1425
f 977/583/1426 961/555/1426 980/582/1426
f 773/462/1250 778/468/1250 774/463/1250
f 770/464/1427 774/463/1427 781/465/1427
f 773/462/1428 769/472/1428 775/467/1428
f 779/469/1429 772/516/1429 776/470/1429
f 769/472/1336 779/469/1336 782/471/1336
f 780/466/1430 781/465/1430 777/473/1430
f 783/475/1296 794/551/1296 785/476/1296
f 795/478/1431 783/475/1431 784/477/1431
f 785/476/1298 794/551/1298 786/480/1298
f 788/482/1432 796/485/1432 792/483/1432
f 787/481/1433 786/480/1433 796/485/1433
f 793/486/1434 795/478/1434 789/479/1434
f 795/478/1243 793/486/1243 854/488/1243
f 787/481/1244 807/510/1244 804/490/1244
f 778/468/1233 775/467/1233 844/491/1233
f 784/477/1245 805/515/1245 808/493/1245
f 769/472/1246 800/502/1246 799/494/1246
f 791/484/1435 810/505/1435 806/495/1435
f 774/463/1248 841/498/1248 843/496/1248
f 770/464/1249 798/518/1249 797/497/1249
f 778/468/1250 842/492/1250 841/498/1250
f 796/485/1251 852/544/1251 853/499/1251
f 775/467/1252 782/471/1252 845/500/1252
f 790/487/1436 789/479/1436 808/493/1436
f 800/502/1254 797/497/1254 811/503/1254
f 810/505/1437 824/534/1437 820/506/1437
f 802/507/1438 816/540/1438 815/508/1438
f 807/510/1257 821/519/1257 818/511/1257
f 800/502/1258 814/504/1258 813/512/1258
f 809/501/1439 808/493/1439 822/513/1439
f 771/474/1440 802/507/1440 801/509/1440
f 784/477/1261 785/476/1261 804/490/1261
f 772/516/1441 779/469/1441 799/494/1441
f 770/464/1263 780/466/1263 801/509/1263
f 769/472/1264 773/462/1264 797/497/1264
f 787/481/1265 788/482/1265 806/495/1265
f 821/519/1266 820/506/1266 837/520/1266
f 820/506/1267 828/532/1267 826/522/1267
f 811/503/1268 812/530/1268 830/523/1268
f 811/503/1269 829/524/1269 832/525/1269
f 818/511/1270 835/528/1270 836/526/1270
f 818/511/1271 821/519/1271 838/521/1271
f 805/515/1272 819/527/1272 822/513/1272
f 803/517/1442 799/494/1442 813/512/1442
f 798/518/1274 801/509/1274 815/508/1274
f 805/515/1275 804/490/1275 818/511/1275
f 807/510/1276 806/495/1276 820/506/1276
f 798/518/1277 812/530/1277 811/503/1277
f 825/531/1443 826/522/1443 828/532/1443
f 824/534/1444 827/533/1444 828/532/1444
f 817/529/1445 813/512/1445 826/522/1445
f 834/535/1446 840/539/1446 839/536/1446
f 830/523/1282 833/537/1282 839/536/1282
f 832/525/1282 829/524/1282 835/528/1282
f 830/523/1282 836/526/1282 835/528/1282
f 832/525/1282 838/521/1282 837/520/1282
f 813/512/1283 831/538/1283 837/520/1283
f 819/527/1284 836/526/1284 839/536/1284
f 814/504/1285 832/525/1285 831/538/1285
f 823/514/1447 822/513/1447 839/536/1447
f 812/530/1287 815/508/1287 833/537/1287
f 816/540/1448 834/535/1448 833/537/1448
f 844/491/1449 851/546/1449 849/541/1449
f 845/500/1450 846/550/1450 858/542/1450
f 852/544/1451 863/565/1451 864/545/1451
f 851/546/1292 844/491/1292 860/547/1292
f 841/498/1452 842/492/1452 849/541/1452
f 845/500/1294 857/543/1294 860/547/1294
f 782/471/1252 776/470/1252 846/550/1252
f 786/480/1295 851/546/1295 852/544/1295
f 794/551/1296 783/475/1296 848/549/1296
f 783/475/1297 795/478/1297 850/489/1297
f 781/465/1248 843/496/1248 847/552/1248
f 794/551/1298 849/541/1298 851/546/1298
f 855/553/1299 856/557/1299 868/554/1299
f 857/543/1300 869/568/1300 872/556/1300
f 856/557/1301 862/563/1301 874/558/1301
f 861/559/1453 865/562/1453 877/560/1453
f 850/489/1454 854/488/1454 865/562/1454
f 848/549/1304 850/489/1304 861/559/1304
f 843/496/1455 855/553/1455 859/564/1455
f 852/544/1306 851/546/1306 866/548/1306
f 841/498/1307 848/549/1307 862/563/1307
f 841/498/1308 856/557/1308 855/553/1308
f 870/566/1456 876/574/1456 875/567/1456
f 871/569/1457 867/555/1457 873/561/1457
f 878/570/1311 872/556/1311 879/571/1311
f 873/561/1312 885/580/1312 886/573/1312
f 863/565/1313 866/548/1313 878/570/1313
f 861/559/1314 873/561/1314 874/558/1314
f 857/543/1458 858/542/1458 870/566/1458
f 860/547/1316 872/556/1316 878/570/1316
f 863/565/1459 875/567/1459 876/574/1459
f 855/553/1460 867/555/1460 871/569/1460
f 879/571/1461 880/576/1461 882/575/1461
f 878/570/1320 881/572/1320 882/575/1320
f 880/576/1462 879/571/1462 888/577/1462
f 869/568/1322 875/567/1322 882/575/1322
f 884/579/1463 886/573/1463 885/580/1463
f 868/554/1324 874/558/1324 886/573/1324
f 880/576/1464 889/578/1464 890/582/1464
f 873/561/1326 867/555/1326 883/581/1326
f 879/571/1465 872/556/1465 887/583/1465
f 869/568/1466 890/582/1466 887/583/1466
f 888/577/1467 887/583/1467 868/554/1467
f 888/577/1468 884/579/1468 883/581/1468
f 889/578/1469 883/581/1469 867/555/1469
f 887/583/1470 890/582/1470 867/555/1470
f 894/463/1351 896/468/1351 893/462/1351
f 899/465/1471 894/463/1471 892/464/1471
f 893/462/1346 896/468/1346 895/467/1346
f 897/469/1472 900/471/1472 776/470/1472
f 891/472/1473 895/467/1473 900/471/1473
f 777/473/1474 899/465/1474 898/466/1474
f 903/476/1391 908/551/1391 901/475/1391
f 902/477/1475 901/475/1475 909/478/1475
f 903/476/1476 905/481/1476 904/480/1476
f 906/482/1477 791/484/1477 792/483/1477
f 905/481/1478 906/482/1478 910/485/1478
f 907/479/1479 909/478/1479 793/486/1479
f 909/478/1344 950/489/1344 854/488/1344
f 916/490/1345 919/510/1345 905/481/1345
f 896/468/1346 944/492/1346 946/491/1346
f 920/493/1347 917/515/1347 902/477/1347
f 913/494/1246 914/502/1246 891/472/1246
f 918/495/1480 810/505/1480 791/484/1480
f 945/496/1349 943/498/1349 894/463/1349
f 911/497/1350 912/518/1350 892/464/1350
f 943/498/1351 944/492/1351 896/468/1351
f 853/499/1352 952/544/1352 910/485/1352
f 895/467/1353 946/491/1353 947/500/1353
f 790/487/1481 809/501/1481 920/493/1481
f 914/502/1355 924/504/1355 921/503/1355
f 928/506/1482 824/534/1482 810/505/1482
f 925/508/1483 816/540/1483 802/507/1483
f 926/511/1358 929/519/1358 919/510/1358
f 923/512/1258 924/504/1258 914/502/1258
f 809/501/1484 823/514/1484 930/513/1484
f 915/509/1485 802/507/1485 771/474/1485
f 902/477/1361 917/515/1361 916/490/1361
f 772/516/1486 803/517/1486 913/494/1486
f 892/464/1263 912/518/1263 915/509/1263
f 891/472/1363 914/502/1363 911/497/1363
f 905/481/1364 919/510/1364 918/495/1364
f 929/519/1365 941/521/1365 940/520/1365
f 931/522/1366 932/532/1366 928/506/1366
f 921/503/1367 933/524/1367 934/523/1367
f 936/525/1368 933/524/1368 921/503/1368
f 939/526/1369 938/528/1369 926/511/1369
f 926/511/1370 938/528/1370 941/521/1370
f 930/513/1371 927/527/1371 917/515/1371
f 803/517/1487 817/529/1487 923/512/1487
f 912/518/1274 922/530/1274 925/508/1274
f 917/515/1373 927/527/1373 926/511/1373
f 919/510/1374 929/519/1374 928/506/1374
f 921/503/1375 922/530/1375 912/518/1375
f 825/531/1488 827/533/1488 932/532/1488
f 932/532/1489 827/533/1489 824/534/1489
f 817/529/1490 825/531/1490 931/522/1490
f 942/536/1491 840/539/1491 834/535/1491
f 934/523/1282 939/526/1282 942/536/1282
f 936/525/1282 941/521/1282 938/528/1282
f 938/528/1282 939/526/1282 934/523/1282
f 940/520/1282 941/521/1282 936/525/1282
f 940/520/1380 935/538/1380 923/512/1380
f 942/536/1381 939/526/1381 927/527/1381
f 935/538/1285 936/525/1285 924/504/1285
f 823/514/1492 840/539/1492 942/536/1492
f 922/530/1287 934/523/1287 937/537/1287
f 937/537/1493 834/535/1493 816/540/1493
f 949/541/1494 951/546/1494 946/491/1494
f 947/500/1495 955/543/1495 858/542/1495
f 864/545/1496 959/565/1496 952/544/1496
f 951/546/1387 960/548/1387 956/547/1387
f 943/498/1497 948/549/1497 949/541/1497
f 956/547/1389 955/543/1389 947/500/1389
f 900/471/1353 947/500/1353 846/550/1353
f 952/544/1390 951/546/1390 904/480/1390
f 908/551/1391 949/541/1391 948/549/1391
f 901/475/1392 948/549/1392 950/489/1392
f 847/552/1349 945/496/1349 899/465/1349
f 951/546/1340 949/541/1340 908/551/1340
f 953/553/1393 961/555/1393 962/554/1393
f 964/556/1394 963/568/1394 955/543/1394
f 954/557/1395 962/554/1395 966/558/1395
f 957/559/1498 965/561/1498 877/560/1498
f 950/489/1499 957/559/1499 865/562/1499
f 948/549/1398 958/563/1398 957/559/1398
f 859/564/1500 953/553/1500 945/496/1500
f 952/544/1400 959/565/1400 960/548/1400
f 943/498/1401 954/557/1401 958/563/1401
f 953/553/1402 954/557/1402 943/498/1402
f 967/567/1501 876/574/1501 870/566/1501
f 871/569/1502 877/560/1502 965/561/1502
f 968/570/1405 971/572/1405 969/571/1405
f 976/573/1406 975/580/1406 965/561/1406
f 959/565/1407 967/567/1407 968/570/1407
f 966/558/1408 965/561/1408 957/559/1408
f 955/543/1503 963/568/1503 870/566/1503
f 968/570/1410 964/556/1410 956/547/1410
f 876/574/1504 967/567/1504 959/565/1504
f 871/569/1505 961/555/1505 953/553/1505
f 969/571/1506 971/572/1506 972/575/1506
f 972/575/1414 971/572/1414 968/570/1414
f 970/576/1507 979/578/1507 978/577/1507
f 963/568/1416 970/576/1416 972/575/1416
f 975/580/1508 976/573/1508 974/579/1508
f 962/554/1418 974/579/1418 976/573/1418
f 980/582/1509 979/578/1509 970/576/1509
f 965/561/1420 975/580/1420 973/581/1420
f 969/571/1510 978/577/1510 977/583/1510
f 977/583/1511 980/582/1511 963/568/1511
f 978/577/1512 974/579/1512 962/554/1512
f 973/581/1513 974/579/1513 978/577/1513
f 961/555/1514 973/581/1514 979/578/1514
f 977/583/1515 962/554/1515 961/555/1515
o Blet
v 0.133807 0.398101 -0.066169
v 0.133556 0.355361 -0.076663
v 0.158057 0.355361 0.000000
v 0.133881 0.398091 0.066109
v 0.133640 0.355361 0.076603
v 0.077971 0.355361 0.077678
v 0.077815 0.355361 -0.077681
v -0.000000 0.355361 -0.090920
v -0.000000 0.355361 0.088083
v -0.000000 0.396186 0.087455
v -0.000000 0.396255 -0.077681
v 0.158057 0.399033 0.000000
v 0.077838 0.397362 -0.071537
v 0.077999 0.397320 0.075485
v 0.136104 0.398124 -0.068971
v 0.135713 0.355385 -0.079575
v 0.161682 0.355368 -0.000001
v 0.136230 0.398109 0.068869
v 0.135852 0.355380 0.079475
v 0.078396 0.355377 0.081278
v 0.078138 0.355398 -0.081289
v -0.000000 0.355401 -0.094514
v -0.000000 0.355367 0.091672
v -0.000000 0.396191 0.091044
v -0.000000 0.396294 -0.081275
v 0.161682 0.399040 -0.000002
v 0.078155 0.397398 -0.075145
v 0.078420 0.397336 0.079085
v -0.133807 0.398101 -0.066169
v -0.133556 0.355361 -0.076663
v -0.158057 0.355361 0.000000
v -0.133881 0.398091 0.066109
v -0.133640 0.355361 0.076603
v -0.077971 0.355361 0.077678
v -0.077815 0.355361 -0.077681
v -0.158057 0.399033 0.000000
v -0.077838 0.397362 -0.071537
v -0.077999 0.397320 0.075485
v -0.136104 0.398124 -0.068971
v -0.135713 0.355386 -0.079575
v -0.161682 0.355368 -0.000001
v -0.136230 0.398110 0.068869
v -0.135852 0.355380 0.079475
v -0.078396 0.355377 0.081278
v -0.078138 0.355398 -0.081289
v -0.161682 0.399040 -0.000002
v -0.078155 0.397398 -0.075145
v -0.078420 0.397336 0.079085
vn -0.9503 -0.0690 0.3037
vn -0.0181 -0.1447 0.9893
vn -0.9392 -0.0000 -0.3435
vn -0.1508 -0.0515 -0.9872
vn -0.1577 -0.2347 -0.9592
vn -0.1598 -0.3041 0.9392
vn 0.9485 0.0681 -0.3095
vn 0.0295 0.1447 -0.9890
vn 0.9488 0.0681 0.3084
vn 0.1314 0.0152 0.9912
vn 0.0313 0.0522 0.9981
vn 0.1590 0.3041 -0.9393
vn -0.0141 0.9999 0.0088
vn 0.0001 -1.0000 0.0043
vn -0.0018 0.9999 0.0136
vn 0.0017 -0.9999 -0.0100
vn -0.0150 0.9999 -0.0027
vn 0.0003 -1.0000 0.0016
vn -0.0000 -1.0000 -0.0083
vn 0.0059 -1.0000 0.0021
vn -0.0150 0.9998 0.0110
vn 0.0018 -1.0000 -0.0006
vn -0.0126 0.9999 0.0042
vn -0.0180 0.9998 -0.0066
vn 0.9503 -0.0690 0.3037
vn 0.0181 -0.1447 0.9893
vn 0.9505 -0.0690 -0.3030
vn 0.1323 -0.0152 -0.9911
vn 0.0193 -0.0522 -0.9985
vn 0.1598 -0.3041 0.9392
vn -0.9485 0.0681 -0.3095
vn -0.0295 0.1447 -0.9890
vn -0.9380 -0.0000 0.3467
vn -0.1498 0.0515 0.9874
vn -0.1660 0.2362 0.9574
vn -0.1590 0.3041 -0.9393
vn 0.0141 0.9999 0.0088
vn -0.0001 -1.0000 0.0043
vn 0.0018 0.9999 0.0136
vn -0.0017 -0.9999 -0.0100
vn 0.0150 0.9999 -0.0027
vn -0.0006 -1.0000 0.0043
vn -0.0002 -0.9999 -0.0101
vn -0.0018 -1.0000 0.0006
vn 0.0149 0.9999 0.0088
vn -0.0018 -1.0000 -0.0006
vn 0.0143 0.9999 -0.0028
vn 0.0018 0.9999 -0.0134
vn -0.9389 -0.0000 0.3441
vn -0.0897 -0.2370 0.9674
vn -0.9505 -0.0690 -0.3030
vn -0.1323 -0.0152 -0.9911
vn -0.0193 -0.0522 -0.9985
vn -0.0758 -0.1443 0.9866
vn 0.9376 -0.0000 -0.3477
vn 0.0999 0.2387 -0.9659
vn 0.9380 -0.0000 0.3467
vn 0.1498 0.0515 0.9874
vn 0.1660 0.2362 0.9574
vn 0.0753 0.1443 -0.9867
vn -0.0123 0.9999 -0.0019
vn 0.0003 -1.0000 0.0064
vn -0.0164 0.9998 0.0074
vn 0.0018 -0.9999 -0.0110
vn -0.0148 0.9999 -0.0016
vn 0.0006 -1.0000 0.0043
vn 0.0002 -0.9999 -0.0101
vn 0.0018 -1.0000 0.0006
vn -0.0149 0.9999 0.0087
vn 0.0076 -1.0000 -0.0027
vn -0.0143 0.9999 -0.0028
vn -0.0018 0.9999 -0.0134
vn 0.9389 -0.0000 0.3441
vn 0.0897 -0.2370 0.9674
vn 0.9392 -0.0000 -0.3435
vn 0.1508 -0.0515 -0.9872
vn 0.1577 -0.2347 -0.9592
vn 0.0758 -0.1443 0.9866
vn -0.9376 -0.0000 -0.3477
vn -0.0999 0.2387 -0.9659
vn -0.9488 0.0681 0.3084
vn -0.1314 0.0153 0.9912
vn -0.0313 0.0522 0.9981
vn -0.0753 0.1443 -0.9867
vn 0.0123 0.9999 -0.0019
vn -0.0003 -1.0000 0.0064
vn 0.0165 0.9998 0.0074
vn -0.0018 -0.9999 -0.0110
vn 0.0148 0.9999 -0.0016
vn -0.0003 -1.0000 0.0016
vn -0.0059 -1.0000 0.0021
vn 0.0150 0.9998 0.0110
vn -0.0076 -1.0000 -0.0027
vn 0.0126 0.9999 0.0042
vn 0.0180 0.9998 -0.0066
vt 0.690445 0.504940
vt 0.751646 0.437150
vt 0.690445 0.437150
vt 0.751646 0.409787
vt 0.690445 0.409787
vt 0.751646 0.572731
vt 0.751646 0.504940
vt 0.690445 0.600094
vt 0.751646 0.640522
vt 0.751646 0.600094
vt 0.690445 0.572731
vt 0.751646 0.369359
vt 0.690471 0.369538
vt 0.690127 0.639910
s 0
usemtl Material
f 983/584/1516 981/585/1516 982/586/1516
f 982/586/1517 993/587/1517 987/588/1517
f 983/584/1518 984/589/1518 992/590/1518
f 986/591/1519 990/592/1519 994/593/1519
f 985/594/1520 994/593/1520 984/589/1520
f 987/588/1521 991/595/1521 988/596/1521
f 995/585/1522 997/584/1522 996/586/1522
f 1007/587/1523 996/586/1523 1001/588/1523
f 997/584/1524 998/589/1524 999/594/1524
f 1000/591/1525 1004/592/1525 1003/597/1525
f 999/594/1526 1008/593/1526 1000/591/1526
f 1005/595/1527 1001/588/1527 1002/596/1527
f 981/585/1528 1007/587/1528 993/587/1528
f 985/594/1529 1000/591/1529 986/591/1529
f 984/589/1530 1006/590/1530 992/590/1530
f 988/596/1531 1001/588/1531 987/588/1531
f 990/592/1532 1008/593/1532 994/593/1532
f 989/597/1533 1000/591/1533 1003/597/1533
f 982/586/1534 1001/588/1534 996/586/1534
f 985/594/1535 997/584/1535 999/594/1535
f 991/595/1536 1007/587/1536 1005/595/1536
f 982/586/1537 997/584/1537 983/584/1537
f 984/589/1538 1008/593/1538 998/589/1538
f 981/585/1539 1006/590/1539 995/585/1539
f 1009/585/1540 1011/584/1540 1010/586/1540
f 1017/587/1541 1010/586/1541 1015/588/1541
f 1011/584/1542 1012/589/1542 1013/594/1542
f 1014/591/1543 990/592/1543 989/597/1543
f 1013/594/1544 1018/593/1544 1014/591/1544
f 991/595/1545 1015/588/1545 988/596/1545
f 1021/584/1546 1019/585/1546 1020/586/1546
f 1020/586/1547 1027/587/1547 1025/588/1547
f 1021/584/1548 1022/589/1548 1026/590/1548
f 1024/591/1549 1004/592/1549 1028/593/1549
f 1023/594/1550 1028/593/1550 1022/589/1550
f 1025/588/1551 1005/595/1551 1002/596/1551
f 1027/587/1552 1009/585/1552 1017/587/1552
f 1024/591/1553 1013/594/1553 1014/591/1553
f 1026/590/1554 1012/589/1554 1016/590/1554
f 1025/588/1555 988/596/1555 1015/588/1555
f 1028/593/1556 990/592/1556 1018/593/1556
f 989/597/1557 1024/591/1557 1014/591/1557
f 1010/586/1558 1025/588/1558 1015/588/1558
f 1013/594/1559 1021/584/1559 1011/584/1559
f 991/595/1560 1027/587/1560 1017/587/1560
f 1021/584/1561 1010/586/1561 1011/584/1561
f 1012/589/1562 1028/593/1562 1018/593/1562
f 1009/585/1563 1026/590/1563 1016/590/1563
f 983/584/1564 992/590/1564 981/585/1564
f 982/586/1565 981/585/1565 993/587/1565
f 983/584/1566 985/594/1566 984/589/1566
f 986/591/1567 989/597/1567 990/592/1567
f 985/594/1568 986/591/1568 994/593/1568
f 987/588/1569 993/587/1569 991/595/1569
f 995/585/1570 1006/590/1570 997/584/1570
f 1007/587/1571 995/585/1571 996/586/1571
f 997/584/1572 1006/590/1572 998/589/1572
f 1000/591/1573 1008/593/1573 1004/592/1573
f 999/594/1574 998/589/1574 1008/593/1574
f 1005/595/1575 1007/587/1575 1001/588/1575
f 981/585/1576 995/585/1576 1007/587/1576
f 985/594/1577 999/594/1577 1000/591/1577
f 984/589/1578 998/589/1578 1006/590/1578
f 988/596/1579 1002/596/1579 1001/588/1579
f 990/592/1580 1004/592/1580 1008/593/1580
f 989/597/1581 986/591/1581 1000/591/1581
f 982/586/1582 987/588/1582 1001/588/1582
f 985/594/1583 983/584/1583 997/584/1583
f 991/595/1584 993/587/1584 1007/587/1584
f 982/586/1585 996/586/1585 997/584/1585
f 984/589/1586 994/593/1586 1008/593/1586
f 981/585/1587 992/590/1587 1006/590/1587
f 1009/585/1588 1016/590/1588 1011/584/1588
f 1017/587/1589 1009/585/1589 1010/586/1589
f 1011/584/1590 1016/590/1590 1012/589/1590
f 1014/591/1591 1018/593/1591 990/592/1591
f 1013/594/1592 1012/589/1592 1018/593/1592
f 991/595/1593 1017/587/1593 1015/588/1593
f 1021/584/1594 1026/590/1594 1019/585/1594
f 1020/586/1595 1019/585/1595 1027/587/1595
f 1021/584/1596 1023/594/1596 1022/589/1596
f 1024/591/1597 1003/597/1597 1004/592/1597
f 1023/594/1598 1024/591/1598 1028/593/1598
f 1025/588/1599 1027/587/1599 1005/595/1599
f 1027/587/1600 1019/585/1600 1009/585/1600
f 1024/591/1601 1023/594/1601 1013/594/1601
f 1026/590/1602 1022/589/1602 1012/589/1602
f 1025/588/1603 1002/596/1603 988/596/1603
f 1028/593/1604 1004/592/1604 990/592/1604
f 989/597/1605 1003/597/1605 1024/591/1605
f 1010/586/1534 1020/586/1534 1025/588/1534
f 1013/594/1606 1023/594/1606 1021/584/1606
f 991/595/1607 1005/595/1607 1027/587/1607
f 1021/584/1608 1020/586/1608 1010/586/1608
f 1012/589/1609 1022/589/1609 1028/593/1609
f 1009/585/1610 1019/585/1610 1026/590/1610
o Helmet
v 0.189956 0.913733 0.072324
v 0.182563 0.913733 -0.108324
v 0.000000 0.996686 -0.145466
v 0.000000 0.996686 0.154630
v 0.057464 0.984268 -0.140270
v 0.057464 0.984268 0.154630
v 0.189956 0.932214 0.009953
v 0.000000 1.015167 0.009953
v 0.057464 1.002750 0.009953
v 0.150024 0.955151 -0.125322
v 0.152965 0.955151 0.109705
v 0.152965 0.973632 0.009953
v 0.197815 0.872304 -0.114273
v 0.200734 0.872387 0.091670
v 0.000000 0.845500 0.191035
v 0.000000 0.845500 -0.186597
v 0.045406 0.846237 0.191035
v 0.061476 0.851050 -0.181411
v 0.200734 0.872387 0.015680
v 0.150713 0.879249 0.146279
v 0.153434 0.878594 -0.148103
v 0.186671 0.932214 -0.055423
v 0.000000 1.015167 -0.067111
v 0.057464 1.002750 -0.066906
v 0.151033 0.973632 -0.063967
v 0.199103 0.872304 -0.039457
v 0.105215 0.969710 0.132167
v 0.103744 0.969710 -0.132796
v 0.105215 0.988191 0.009953
v 0.107455 0.864822 -0.164757
v 0.098059 0.862743 0.168657
v 0.104249 0.988191 -0.065437
v 0.154437 0.960468 -0.130522
v 0.189782 0.917119 -0.111670
v 0.197710 0.936035 0.010205
v 0.197632 0.917208 0.074268
v 0.059810 0.990207 0.160462
v 0.000000 1.002959 -0.151200
v 0.059557 0.990310 -0.146093
v 0.108730 0.975768 0.137239
v 0.059699 1.011086 0.010499
v 0.194363 0.936080 -0.056252
v 0.059707 1.011037 -0.067947
v 0.157740 0.980819 0.010540
v 0.106449 0.975585 -0.138536
v 0.157877 0.960902 0.113898
v 0.107875 0.996397 0.010555
v 0.155793 0.980752 -0.065168
v 0.203361 0.874385 -0.117279
v 0.205872 0.874445 0.094105
v 0.000000 0.847601 0.199421
v 0.000000 0.847902 -0.194860
v 0.046937 0.848342 0.199282
v 0.062876 0.853512 -0.189583
v 0.206683 0.873461 0.015577
v 0.155329 0.882385 0.152886
v 0.157012 0.881327 -0.155485
v 0.109569 0.867336 -0.172757
v 0.205610 0.873592 -0.039818
v 0.101420 0.865052 0.176283
v 0.106888 0.996350 -0.066559
v 0.191156 0.764995 0.016523
v 0.191156 0.764995 0.092513
v 0.197106 0.766069 0.016419
v 0.196295 0.767053 0.094947
v 0.196857 0.895939 -0.120447
v 0.201752 0.895827 0.084186
v 0.000000 0.925431 -0.173030
v 0.053374 0.919275 0.179872
v 0.061216 0.921911 -0.167838
v 0.202196 0.904748 0.012891
v 0.156603 0.921643 0.133392
v 0.155725 0.920898 -0.143004
v 0.200610 0.904903 -0.042317
v 0.108009 0.921461 -0.155647
v 0.105075 0.920410 0.156761
v 0.145228 0.764133 -0.178093
v 0.178977 0.775811 -0.168386
v 0.000000 0.740673 -0.208346
v 0.086585 0.747626 -0.199694
v 0.219666 0.766402 -0.124417
v 0.228313 0.766585 -0.032430
v 0.147343 0.766648 -0.186098
v 0.183074 0.778584 -0.175439
v 0.000000 0.743076 -0.216609
v 0.088164 0.750118 -0.207814
v 0.224611 0.768598 -0.128742
v 0.234819 0.767873 -0.032791
v 0.061195 0.997142 0.167138
v 0.000000 1.010819 0.166023
v 0.000000 1.033098 0.011125
v 0.000000 1.012168 -0.153562
v 0.061605 0.999519 -0.148455
v 0.061710 1.020579 0.011151
v 0.000000 1.032991 -0.069280
v 0.061744 1.020469 -0.069157
v 0.209116 0.898875 0.089759
v 0.213236 0.877493 0.099678
v 0.000000 0.927928 0.189117
v 0.054780 0.921758 0.189169
v 0.048400 0.850832 0.208569
v 0.162250 0.924951 0.140586
v 0.160323 0.885734 0.160529
v 0.104756 0.867816 0.184991
v 0.000000 0.850068 0.208827
v 0.108367 0.923373 0.165420
v 0.148469 0.745824 -0.178098
v 0.178595 0.756387 -0.169653
v 0.000000 0.723903 -0.206686
v 0.093370 0.730399 -0.198447
v 0.215780 0.747494 -0.128356
v 0.224293 0.747705 -0.042656
v 0.150419 0.748139 -0.185457
v 0.182382 0.758940 -0.176132
v 0.000000 0.726113 -0.214288
v 0.094847 0.732696 -0.205910
v 0.220043 0.749551 -0.132850
v 0.230279 0.748890 -0.042989
v -0.189956 0.913733 0.072324
v -0.182563 0.913733 -0.108324
v -0.057464 0.984268 -0.140270
v -0.057464 0.984268 0.154630
v -0.189956 0.932214 0.009953
v -0.057464 1.002750 0.009953
v -0.150024 0.955151 -0.125322
v -0.152965 0.955151 0.109705
v -0.152965 0.973632 0.009953
v -0.197815 0.872304 -0.114273
v -0.200734 0.872387 0.091670
v -0.045406 0.846237 0.191035
v -0.061476 0.851050 -0.181411
v -0.200734 0.872387 0.015680
v -0.150713 0.879249 0.146279
v -0.153434 0.878594 -0.148103
v -0.186671 0.932214 -0.055423
v -0.057464 1.002750 -0.066906
v -0.151033 0.973632 -0.063967
v -0.199103 0.872304 -0.039457
v -0.105215 0.969710 0.132167
v -0.103744 0.969710 -0.132796
v -0.105215 0.988191 0.009953
v -0.107455 0.864822 -0.164757
v -0.098059 0.862743 0.168657
v -0.104249 0.988191 -0.065437
v -0.154437 0.960468 -0.130522
v -0.189782 0.917119 -0.111670
v -0.197710 0.936035 0.010205
v -0.197632 0.917208 0.074268
v -0.059810 0.990207 0.160462
v -0.059557 0.990310 -0.146093
v -0.108730 0.975768 0.137239
v -0.059699 1.011086 0.010499
v -0.194363 0.936080 -0.056252
v -0.059707 1.011037 -0.067947
v -0.157740 0.980819 0.010540
v -0.106449 0.975585 -0.138536
v -0.157877 0.960902 0.113898
v -0.107875 0.996397 0.010555
v -0.155793 0.980752 -0.065168
v -0.203361 0.874385 -0.117279
v -0.205872 0.874445 0.094105
v -0.046937 0.848342 0.199282
v -0.062876 0.853512 -0.189583
v -0.206683 0.873461 0.015577
v -0.155329 0.882385 0.152886
v -0.157012 0.881327 -0.155485
v -0.109569 0.867336 -0.172757
v -0.205610 0.873592 -0.039818
v -0.101420 0.865052 0.176283
v -0.106888 0.996350 -0.066559
v -0.191156 0.764995 0.016523
v -0.191156 0.764995 0.092513
v -0.197106 0.766069 0.016419
v -0.196295 0.767053 0.094947
v -0.196857 0.895939 -0.120447
v -0.201752 0.895827 0.084186
v -0.053374 0.919275 0.179872
v -0.061216 0.921911 -0.167838
v -0.202196 0.904748 0.012891
v -0.156603 0.921643 0.133392
v -0.155725 0.920898 -0.143004
v -0.200610 0.904903 -0.042317
v -0.108009 0.921461 -0.155647
v -0.105075 0.920410 0.156761
v -0.145228 0.764133 -0.178093
v -0.178977 0.775811 -0.168386
v -0.086585 0.747626 -0.199694
v -0.219666 0.766402 -0.124417
v -0.228313 0.766585 -0.032430
v -0.147343 0.766648 -0.186098
v -0.183074 0.778584 -0.175439
v -0.088164 0.750118 -0.207814
v -0.224611 0.768598 -0.128742
v -0.234819 0.767873 -0.032791
v -0.061195 0.997142 0.167138
v -0.061605 0.999519 -0.148455
v -0.061710 1.020579 0.011151
v -0.061744 1.020469 -0.069157
v -0.209116 0.898875 0.089759
v -0.213236 0.877493 0.099678
v -0.054780 0.921758 0.189169
v -0.048400 0.850832 0.208569
v -0.162250 0.924951 0.140586
v -0.160323 0.885734 0.160529
v -0.104756 0.867816 0.184991
v -0.108367 0.923373 0.165420
v -0.148469 0.745824 -0.178098
v -0.178595 0.756387 -0.169653
v -0.093370 0.730399 -0.198447
v -0.215780 0.747494 -0.128356
v -0.224293 0.747705 -0.042656
v -0.150419 0.748139 -0.185457
v -0.182382 0.758940 -0.176132
v -0.094847 0.732696 -0.205910
v -0.220043 0.749551 -0.132850
v -0.230279 0.748890 -0.042989
vn -0.6708 -0.2388 0.7022
vn -0.9818 -0.1820 -0.0539
vn -0.2096 -0.9699 -0.1239
vn 0.0041 -0.2554 -0.9668
vn -0.4743 -0.2557 -0.8424
vn -0.2886 -0.9467 -0.1432
vn -0.1425 -0.2598 0.9551
vn -0.2971 -0.9548 -0.0000
vn -0.2112 -0.9774 -0.0000
vn -0.9805 -0.1903 0.0493
vn -0.7599 -0.6497 0.0199
vn -0.7317 -0.6535 -0.1936
vn -0.6869 -0.4472 -0.5730
vn -0.2478 -0.2904 0.9243
vn -0.8081 -0.5602 0.1820
vn -0.9375 -0.3475 0.0161
vn -0.2257 -0.9447 0.2380
vn -0.3257 -0.9168 0.2310
vn -0.3272 -0.9106 0.2523
vn -0.2469 -0.2927 0.9238
vn -0.2972 -0.9548 0.0038
vn -0.2872 -0.9419 -0.1745
vn -0.4853 -0.3678 -0.7932
vn 0.6260 0.4677 -0.6240
vn 0.9786 0.2032 0.0315
vn 0.2761 0.0126 -0.9610
vn -0.3313 -0.0589 0.9417
vn 0.3953 0.2089 0.8945
vn 0.2881 0.9455 0.1520
vn 0.0978 0.3037 -0.9477
vn 0.2916 0.9565 -0.0043
vn 0.3621 -0.9195 0.1532
vn 0.9898 0.1395 -0.0280
vn 0.7454 0.6656 -0.0371
vn 0.7328 0.6526 0.1927
vn 0.7719 0.3838 0.5068
vn 0.2477 0.2988 -0.9216
vn 0.7551 0.5986 -0.2672
vn 0.9340 0.3471 -0.0847
vn -0.9829 0.1594 0.0921
vn 0.2936 0.9180 -0.2666
vn 0.2984 0.9098 -0.2886
vn 0.2433 0.2987 -0.9228
vn 0.2982 0.9545 -0.0085
vn 0.2934 0.9388 0.1805
vn 0.3905 0.2831 0.8760
vn 0.3536 -0.9200 0.1692
vn -0.9640 -0.2653 0.0166
vn 0.0158 -0.9699 0.2430
vn 0.9795 0.1996 -0.0264
vn -0.0163 -0.0064 -0.9998
vn 0.3461 -0.9293 0.1288
vn -0.7394 -0.2137 0.6385
vn -0.2629 -0.2493 0.9321
vn 0.2030 -0.9319 0.3004
vn 0.1776 -0.9841 -0.0038
vn 0.0400 0.0773 0.9962
vn 0.3654 -0.9307 0.0154
vn -0.9960 0.0888 -0.0000
vn -0.4429 0.0465 0.8954
vn 0.9960 -0.0887 0.0114
vn 0.9844 -0.1744 -0.0230
vn 0.2438 0.2992 -0.9225
vn 0.9875 0.1555 -0.0271
vn 0.2475 0.2985 -0.9217
vn -0.1663 0.9390 -0.3011
vn 0.9899 0.1403 -0.0189
vn 0.0565 0.2706 -0.9610
vn -0.7330 0.0090 0.6802
vn 0.6445 -0.2161 -0.7335
vn 0.9812 0.1927 0.0077
vn 0.6412 0.0813 -0.7631
vn 0.0160 -0.9672 0.2537
vn -0.0904 0.0365 0.9952
vn 0.0289 -0.2544 -0.9667
vn 0.3551 -0.9154 0.1894
vn -0.2574 -0.0579 0.9646
vn 0.2773 0.2322 -0.9323
vn 0.0639 0.2027 -0.9771
vn 0.2154 0.2073 -0.9543
vn -0.0822 -0.1928 0.9778
vn -0.2713 -0.2257 0.9357
vn 0.6332 0.2992 -0.7138
vn 0.2133 0.9660 0.1458
vn 0.0304 0.2780 0.9601
vn 0.1988 0.9800 -0.0013
vn 0.2146 0.9442 -0.2498
vn 0.3020 0.2992 0.9051
vn 0.7439 0.2735 0.6098
vn 0.3181 0.2234 0.9213
vn 0.0010 0.2637 0.9646
vn 0.1933 -0.9810 -0.0168
vn 0.3324 -0.9213 -0.2017
vn 0.1234 -0.9414 -0.3138
vn 0.3565 -0.9214 -0.1547
vn 0.0908 -0.9567 -0.2764
vn 0.9783 -0.2073 0.0002
vn 0.9775 -0.2044 0.0523
vn 0.1090 -0.1348 -0.9849
vn -0.0088 0.8821 -0.4709
vn 0.7540 -0.0034 -0.6568
vn 0.9857 -0.1214 -0.1167
vn 0.9715 -0.2088 -0.1122
vn 0.3378 0.0268 -0.9408
vn -0.1423 0.9518 -0.2716
vn 0.1867 -0.9388 0.2895
vn 0.1456 -0.4950 0.8566
vn 0.6018 -0.3263 0.7289
vn 0.9677 -0.2523 -0.0000
vn 0.2096 -0.9699 -0.1239
vn -0.0041 -0.2554 -0.9668
vn 0.3243 -0.2147 -0.9213
vn 0.2886 -0.9467 -0.1432
vn 0.0537 -0.2961 0.9536
vn 0.2916 -0.9565 0.0037
vn 0.2112 -0.9774 -0.0000
vn 0.9842 -0.1745 0.0294
vn 0.7453 -0.6656 0.0374
vn 0.7317 -0.6535 -0.1936
vn 0.6869 -0.4472 -0.5730
vn 0.2478 -0.2904 0.9243
vn 0.7570 -0.5963 0.2671
vn 0.9375 -0.3475 0.0161
vn 0.2257 -0.9447 0.2380
vn 0.2946 -0.9210 0.2549
vn 0.2932 -0.9141 0.2802
vn 0.2469 -0.2927 0.9238
vn 0.2916 -0.9565 0.0076
vn 0.2872 -0.9419 -0.1745
vn 0.2956 -0.2907 -0.9100
vn -0.6713 0.2428 -0.7003
vn -0.9884 0.1455 0.0440
vn -0.2784 0.0241 -0.9602
vn 0.3297 -0.0616 0.9421
vn -0.4762 0.2643 0.8387
vn -0.2881 0.9455 0.1520
vn -0.1387 0.2684 -0.9533
vn -0.2972 0.9548 -0.0006
vn -0.3621 -0.9195 0.1532
vn -0.9833 0.1750 -0.0494
vn -0.7587 0.6511 -0.0201
vn -0.7328 0.6526 0.1927
vn -0.7719 0.3838 0.5068
vn -0.2480 0.2985 -0.9216
vn -0.7999 0.5683 -0.1930
vn -0.9340 0.3471 -0.0847
vn 0.9829 0.1594 0.0921
vn -0.3260 0.9136 -0.2429
vn -0.3296 0.9066 -0.2635
vn -0.2427 0.2993 -0.9228
vn -0.3040 0.9527 -0.0045
vn -0.2934 0.9388 0.1805
vn -0.4878 0.3755 0.7881
vn -0.3461 -0.9293 0.1288
vn 0.9640 -0.2653 0.0166
vn -0.0158 -0.9699 0.2430
vn -0.9795 0.1996 -0.0264
vn 0.0163 -0.0064 -0.9998
vn 0.6052 -0.2962 0.7389
vn 0.2629 -0.2493 0.9321
vn -0.2194 -0.9227 0.3169
vn -0.1776 -0.9841 -0.0038
vn -0.0400 0.0773 0.9962
vn -0.1777 -0.9841 -0.0000
vn 0.9960 0.0888 -0.0000
vn 0.4429 0.0465 0.8954
vn -0.9960 -0.0887 0.0114
vn -0.9783 -0.2052 -0.0293
vn -0.2438 0.2992 -0.9225
vn -0.9576 0.2775 -0.0778
vn -0.2475 0.2985 -0.9217
vn 0.1454 0.9517 -0.2704
vn -0.9875 0.1554 -0.0279
vn -0.0565 0.2706 -0.9610
vn 0.7330 0.0090 0.6802
vn -0.6445 -0.2161 -0.7335
vn -0.9893 0.1440 0.0242
vn -0.5814 0.2619 -0.7703
vn -0.0160 -0.9672 0.2537
vn 0.1067 0.0980 0.9894
vn -0.0289 -0.2544 -0.9667
vn -0.3502 -0.9231 0.1589
vn 0.2574 -0.0579 0.9646
vn -0.2705 0.2255 -0.9359
vn -0.0639 0.2027 -0.9771
vn -0.2659 0.2483 -0.9315
vn 0.0641 -0.2027 0.9771
vn 0.2713 -0.2257 0.9357
vn -0.6332 0.2992 -0.7138
vn -0.1968 0.9705 0.1396
vn -0.0304 0.2780 0.9601
vn -0.1988 0.9800 -0.0013
vn -0.2146 0.9442 -0.2498
vn -0.3727 0.4060 0.8344
vn -0.7685 0.3851 0.5110
vn -0.3812 0.2850 0.8795
vn -0.0010 0.2637 0.9646
vn -0.1933 -0.9810 -0.0168
vn -0.3324 -0.9213 -0.2017
vn -0.1234 -0.9414 -0.3138
vn -0.3714 -0.9093 -0.1876
vn -0.0911 -0.9562 -0.2780
vn -0.9783 -0.2073 0.0002
vn -0.9776 -0.2040 0.0522
vn -0.1090 -0.1348 -0.9849
vn 0.0088 0.8821 -0.4709
vn -0.7431 -0.0341 -0.6683
vn -0.9857 -0.1214 -0.1167
vn -0.9785 -0.1774 -0.1054
vn -0.3378 0.0268 -0.9408
vn 0.1423 0.9518 -0.2716
vn -0.1781 -0.9432 0.2806
vn -0.1456 -0.4950 0.8566
vn -0.6018 -0.3263 0.7289
vn -0.9677 -0.2523 -0.0000
vn -0.0505 -0.2338 -0.9710
vn -0.3243 -0.2147 -0.9213
vn -0.3404 -0.9327 -0.1191
vn -0.0537 -0.2961 0.9536
vn -0.2916 -0.9565 0.0037
vn -0.9842 -0.1745 0.0294
vn -0.7453 -0.6656 0.0374
vn -0.7892 -0.6039 -0.1119
vn -0.8086 -0.2357 -0.5390
vn -0.2400 -0.2867 0.9275
vn -0.7570 -0.5963 0.2671
vn -0.9768 -0.1669 0.1342
vn -0.2066 -0.9523 0.2246
vn -0.2946 -0.9210 0.2549
vn -0.2932 -0.9141 0.2802
vn -0.2410 -0.2907 0.9260
vn -0.2916 -0.9565 0.0076
vn -0.3485 -0.9268 -0.1401
vn -0.2956 -0.2907 -0.9100
vn 0.6713 0.2428 -0.7003
vn 0.9884 0.1455 0.0440
vn 0.2784 0.0241 -0.9602
vn -0.3297 -0.0616 0.9421
vn 0.4762 0.2643 0.8387
vn 0.3368 0.9326 0.1296
vn 0.1387 0.2684 -0.9533
vn 0.2972 0.9548 -0.0006
vn 0.3667 -0.9161 0.1619
vn 0.9833 0.1750 -0.0494
vn 0.7587 0.6511 -0.0201
vn 0.7849 0.6087 0.1162
vn 0.8055 0.2424 0.5408
vn 0.2480 0.2985 -0.9216
vn 0.7999 0.5683 -0.1930
vn 0.9819 0.1392 -0.1288
vn -0.9787 0.1810 0.0968
vn 0.3260 0.9136 -0.2429
vn 0.3296 0.9066 -0.2635
vn 0.2427 0.2993 -0.9228
vn 0.3040 0.9527 -0.0045
vn 0.3502 0.9249 0.1482
vn 0.4878 0.3755 0.7881
vn -0.9734 -0.2097 0.0919
vn 0.0160 -0.9695 0.2445
vn 0.9607 0.2588 -0.1003
vn 0.3694 -0.9126 0.1750
vn -0.6052 -0.2962 0.7389
vn -0.2049 -0.2037 0.9574
vn 0.2194 -0.9227 0.3169
vn 0.1938 -0.9810 -0.0061
vn 0.1777 -0.9841 -0.0000
vn 0.9783 -0.2052 -0.0293
vn 0.9576 0.2775 -0.0778
vn -0.1454 0.9517 -0.2704
vn 0.9875 0.1554 -0.0279
vn -0.7459 -0.0288 0.6654
vn 0.9893 0.1440 0.0242
vn 0.5814 0.2619 -0.7703
vn 0.0166 -0.9664 0.2564
vn -0.1067 0.0980 0.9894
vn 0.0293 -0.2483 -0.9682
vn 0.3502 -0.9231 0.1589
vn -0.2548 -0.0454 0.9659
vn 0.2705 0.2255 -0.9359
vn 0.0822 0.1925 -0.9778
vn 0.2659 0.2483 -0.9315
vn -0.0641 -0.2027 0.9771
vn -0.2780 -0.2322 0.9321
vn 0.7519 0.2184 -0.6221
vn 0.1968 0.9705 0.1396
vn 0.0424 0.2681 0.9624
vn 0.1936 0.9524 -0.2353
vn 0.3727 0.4060 0.8344
vn 0.7685 0.3851 0.5110
vn 0.3812 0.2850 0.8795
vn 0.0267 0.2453 0.9691
vn 0.3898 -0.9195 -0.0512
vn 0.3344 -0.9173 -0.2160
vn 0.1151 -0.9453 -0.3052
vn 0.3714 -0.9093 -0.1876
vn 0.0911 -0.9562 -0.2780
vn 0.9775 -0.2110 0.0007
vn 0.9776 -0.2040 0.0522
vn 0.0928 -0.0729 -0.9930
vn 0.0281 0.8997 -0.4356
vn 0.7431 -0.0341 -0.6683
vn 0.9897 -0.1106 -0.0904
vn 0.9785 -0.1774 -0.1054
vn 0.3395 0.0238 -0.9403
vn -0.1339 0.9623 -0.2368
vn 0.1781 -0.9432 0.2806
vn 0.1455 -0.4950 0.8566
vn 0.6708 -0.2388 0.7022
vn 0.9818 -0.1820 -0.0539
vn 0.0505 -0.2338 -0.9710
vn 0.4743 -0.2557 -0.8424
vn 0.3404 -0.9327 -0.1191
vn 0.1425 -0.2598 0.9551
vn 0.2971 -0.9548 -0.0000
vn 0.9805 -0.1903 0.0493
vn 0.7599 -0.6497 0.0199
vn 0.7892 -0.6039 -0.1119
vn 0.8086 -0.2357 -0.5390
vn 0.2400 -0.2867 0.9275
vn 0.8081 -0.5602 0.1820
vn 0.9768 -0.1669 0.1342
vn 0.2066 -0.9523 0.2246
vn 0.3257 -0.9168 0.2310
vn 0.3272 -0.9106 0.2523
vn 0.2410 -0.2907 0.9260
vn 0.2972 -0.9548 0.0038
vn 0.3485 -0.9268 -0.1401
vn 0.4853 -0.3678 -0.7932
vn -0.6260 0.4677 -0.6240
vn -0.9786 0.2032 0.0315
vn -0.2761 0.0126 -0.9610
vn 0.3313 -0.0589 0.9417
vn -0.3953 0.2089 0.8945
vn -0.3368 0.9326 0.1296
vn -0.0978 0.3037 -0.9477
vn -0.2916 0.9565 -0.0043
vn -0.3667 -0.9161 0.1619
vn -0.9898 0.1395 -0.0280
vn -0.7454 0.6656 -0.0371
vn -0.7849 0.6087 0.1162
vn -0.8055 0.2424 0.5408
vn -0.2477 0.2988 -0.9216
vn -0.7551 0.5986 -0.2672
vn -0.9819 0.1392 -0.1288
vn 0.9787 0.1810 0.0968
vn -0.2936 0.9180 -0.2666
vn -0.2984 0.9098 -0.2886
vn -0.2433 0.2987 -0.9228
vn -0.2982 0.9545 -0.0085
vn -0.3502 0.9249 0.1482
vn -0.3905 0.2831 0.8760
vn -0.3536 -0.9200 0.1692
vn 0.9734 -0.2097 0.0919
vn -0.0160 -0.9695 0.2445
vn -0.9607 0.2588 -0.1003
vn -0.3694 -0.9126 0.1750
vn 0.7394 -0.2137 0.6385
vn 0.2049 -0.2037 0.9574
vn -0.2030 -0.9319 0.3004
vn -0.1938 -0.9810 -0.0061
vn -0.3654 -0.9307 0.0154
vn -0.9844 -0.1744 -0.0230
vn -0.9875 0.1555 -0.0271
vn 0.1663 0.9390 -0.3011
vn -0.9899 0.1403 -0.0189
vn 0.7459 -0.0288 0.6654
vn -0.9812 0.1927 0.0077
vn -0.6412 0.0813 -0.7631
vn -0.0166 -0.9664 0.2564
vn 0.0904 0.0365 0.9952
vn -0.0293 -0.2483 -0.9682
vn -0.3551 -0.9154 0.1894
vn 0.2548 -0.0454 0.9659
vn -0.2773 0.2322 -0.9323
vn -0.0822 0.1925 -0.9778
vn -0.2154 0.2073 -0.9543
vn 0.0822 -0.1928 0.9778
vn 0.2780 -0.2322 0.9321
vn -0.7519 0.2184 -0.6221
vn -0.2133 0.9660 0.1458
vn -0.0424 0.2681 0.9624
vn -0.1936 0.9524 -0.2353
vn -0.3020 0.2992 0.9051
vn -0.7439 0.2735 0.6098
vn -0.3181 0.2234 0.9213
vn -0.0267 0.2453 0.9691
vn -0.3898 -0.9195 -0.0512
vn -0.3344 -0.9173 -0.2160
vn -0.1151 -0.9453 -0.3052
vn -0.3565 -0.9214 -0.1547
vn -0.0908 -0.9567 -0.2764
vn -0.9775 -0.2110 0.0007
vn -0.9775 -0.2044 0.0523
vn -0.0928 -0.0729 -0.9930
vn -0.0281 0.8997 -0.4356
vn -0.7540 -0.0034 -0.6568
vn -0.9897 -0.1106 -0.0904
vn -0.9715 -0.2088 -0.1122
vn -0.3395 0.0238 -0.9403
vn 0.1339 0.9623 -0.2368
vn -0.1867 -0.9388 0.2895
vn -0.1455 -0.4950 0.8566
vt 0.833166 0.568562
vt 0.825278 0.566220
vt 0.823584 0.573320
vt 0.816916 0.550775
vt 0.803201 0.551050
vt 0.810104 0.557943
vt 0.795657 0.580033
vt 0.766173 0.566633
vt 0.788543 0.590614
vt 0.765138 0.531913
vt 0.777125 0.560425
vt 0.775849 0.533190
vt 0.783034 0.540670
vt 0.786414 0.557806
vt 0.800886 0.572121
vt 0.857870 0.588533
vt 0.824258 0.589635
vt 0.824194 0.602827
vt 0.812345 0.578429
vt 0.809358 0.587164
vt 0.804972 0.599058
vt 0.820423 0.553031
vt 0.818083 0.563498
vt 0.805605 0.565074
vt 0.815109 0.570926
vt 0.792238 0.541861
vt 0.802054 0.543675
vt 0.823908 0.580700
vt 0.839597 0.573139
vt 0.830092 0.563109
vt 0.847285 0.578396
vt 0.794320 0.555093
vt 0.828375 0.570941
vt 0.827685 0.564664
vt 0.813510 0.554359
vt 0.802627 0.547363
vt 0.784724 0.549238
vt 0.776487 0.546808
vt 0.841032 0.595680
vt 0.835772 0.584016
vt 0.819253 0.558265
vt 0.793279 0.548477
vt 0.831753 0.576919
vt 0.765655 0.549273
s 0
usemtl Material
f 1049/598/1611 1030/599/1611 1038/600/1611
f 1047/601/1612 1029/602/1612 1035/603/1612
f 1037/604/1613 1032/605/1613 1036/606/1613
f 1043/607/1614 1034/608/1614 1045/609/1614
f 1059/610/1615 1034/608/1615 1055/611/1615
f 1055/611/1616 1037/604/1616 1057/612/1616
f 1044/613/1617 1033/614/1617 1031/615/1617
f 1060/616/1618 1037/604/1618 1052/617/1618
f 1052/617/1619 1036/606/1619 1051/618/1619
f 1054/619/1620 1035/603/1620 1050/620/1620
f 1050/620/1621 1040/621/1621 1053/622/1621
f 1029/602/1622 1040/621/1622 1035/603/1622
f 1048/623/1623 1029/602/1623 1042/624/1623
f 1049/598/1624 1056/625/1624 1058/626/1624
f 1030/599/1625 1053/622/1625 1038/600/1625
f 1054/619/1626 1030/599/1626 1041/627/1626
f 1052/617/1627 1031/615/1627 1033/614/1627
f 1056/625/1628 1052/617/1628 1033/614/1628
f 1038/600/1629 1060/616/1629 1056/625/1629
f 1058/626/1630 1033/614/1630 1046/628/1630
f 1053/622/1631 1057/612/1631 1060/616/1631
f 1039/629/1632 1057/612/1632 1040/621/1632
f 1048/623/1633 1055/611/1633 1039/629/1633
f 1101/630/1634 1062/599/1634 1094/631/1634
f 1099/632/1635 1064/602/1635 1095/633/1635
f 1111/626/1636 1142/598/1636 1141/626/1636
f 1105/626/1637 1138/628/1637 1135/626/1637
f 1104/634/1638 1065/608/1638 1097/635/1638
f 1069/604/1639 1068/611/1639 1075/612/1639
f 1096/636/1640 1067/614/1640 1098/637/1640
f 1089/616/1641 1069/604/1641 1075/612/1641
f 1084/623/1642 1132/610/1642 1088/610/1642
f 1102/638/1643 1063/603/1643 1099/632/1643
f 1070/620/1644 1072/621/1644 1063/603/1644
f 1072/621/1645 1064/602/1645 1063/603/1645
f 1064/602/1646 1100/639/1646 1095/633/1646
f 1103/640/1647 1061/600/1647 1101/630/1647
f 1062/599/1648 1076/622/1648 1070/620/1648
f 1062/599/1649 1102/638/1649 1094/631/1649
f 1109/627/1650 1140/619/1650 1110/619/1650
f 1073/625/1651 1071/617/1651 1089/616/1651
f 1061/600/1652 1089/616/1652 1076/622/1652
f 1098/637/1653 1073/625/1653 1103/640/1653
f 1076/622/1654 1075/612/1654 1072/621/1654
f 1075/612/1655 1074/629/1655 1072/621/1655
f 1100/639/1656 1068/611/1656 1104/634/1656
f 1045/609/1657 1088/610/1657 1081/609/1657
f 1041/627/1658 1110/619/1658 1054/619/1658
f 1045/609/1659 1079/607/1659 1043/607/1659
f 1087/619/1660 1115/627/1660 1077/627/1660
f 1047/601/1661 1092/601/1661 1090/601/1661
f 1048/623/1662 1088/610/1662 1059/610/1662
f 1041/627/1663 1106/598/1663 1109/627/1663
f 1058/626/1664 1106/598/1664 1049/598/1664
f 1048/623/1665 1078/624/1665 1084/623/1665
f 1054/619/1666 1083/601/1666 1047/601/1666
f 1087/619/1667 1110/619/1667 1116/619/1667
f 1091/624/1668 1092/601/1668 1093/624/1668
f 1042/624/1669 1090/601/1669 1091/624/1669
f 1042/624/1670 1093/624/1670 1078/624/1670
f 1083/601/1671 1093/624/1671 1092/601/1671
f 1065/608/1672 1122/604/1672 1117/608/1672
f 1098/637/1673 1086/626/1673 1082/628/1673
f 1077/627/1674 1102/638/1674 1087/619/1674
f 1103/640/1675 1085/598/1675 1086/626/1675
f 1100/639/1676 1134/634/1676 1130/639/1676
f 1087/619/1677 1099/632/1677 1083/601/1677
f 1096/636/1678 1082/628/1678 1080/613/1678
f 1106/598/1679 1139/627/1679 1109/627/1679
f 1078/624/1680 1125/633/1680 1126/624/1680
f 1083/601/1681 1095/633/1681 1078/624/1681
f 1085/598/1682 1094/631/1682 1077/627/1682
f 1081/609/1683 1133/607/1683 1079/607/1683
f 1108/628/1684 1137/613/1684 1138/628/1684
f 1066/615/1685 1121/614/1685 1067/614/1685
f 1081/609/1686 1132/610/1686 1129/609/1686
f 1105/626/1687 1136/598/1687 1106/598/1687
f 1082/628/1688 1111/626/1688 1114/628/1688
f 1082/628/1689 1113/613/1689 1080/613/1689
f 1086/626/1690 1112/598/1690 1111/626/1690
f 1046/628/1691 1107/613/1691 1108/628/1691
f 1046/628/1692 1105/626/1692 1058/626/1692
f 1077/627/1693 1112/598/1693 1085/598/1693
f 1122/604/1694 1118/605/1694 1117/608/1694
f 1117/608/1695 1127/641/1695 1128/635/1695
f 1124/617/1696 1119/606/1696 1122/604/1696
f 1120/615/1697 1124/617/1697 1121/614/1697
f 1131/623/1698 1134/634/1698 1132/610/1698
f 1126/624/1699 1130/639/1699 1131/623/1699
f 1132/610/1700 1128/635/1700 1129/609/1700
f 1128/635/1701 1133/607/1701 1129/609/1701
f 1139/627/1702 1146/619/1702 1140/619/1702
f 1138/628/1703 1141/626/1703 1135/626/1703
f 1136/598/1704 1145/627/1704 1139/627/1704
f 1136/598/1705 1141/626/1705 1142/598/1705
f 1138/628/1706 1143/613/1706 1144/628/1706
f 1071/617/1707 1122/604/1707 1069/604/1707
f 1071/617/1708 1121/614/1708 1124/617/1708
f 1114/628/1709 1143/613/1709 1113/613/1709
f 1100/639/1710 1125/633/1710 1095/633/1710
f 1112/598/1711 1145/627/1711 1142/598/1711
f 1065/608/1712 1128/635/1712 1097/635/1712
f 1115/627/1713 1146/619/1713 1145/627/1713
f 1111/626/1714 1144/628/1714 1114/628/1714
f 1097/635/1715 1134/634/1715 1104/634/1715
f 1084/623/1716 1126/624/1716 1131/623/1716
f 1110/619/1717 1146/619/1717 1116/619/1717
f 1162/598/1718 1148/599/1718 1156/627/1718
f 1160/601/1719 1147/602/1719 1157/624/1719
f 1152/604/1720 1032/605/1720 1150/608/1720
f 1150/608/1721 1043/607/1721 1158/609/1721
f 1171/610/1722 1150/608/1722 1158/609/1722
f 1152/604/1723 1167/611/1723 1169/612/1723
f 1044/613/1724 1149/614/1724 1159/628/1724
f 1172/616/1725 1152/604/1725 1169/612/1725
f 1164/617/1726 1036/606/1726 1152/604/1726
f 1166/619/1727 1151/603/1727 1160/601/1727
f 1163/620/1728 1155/621/1728 1151/603/1728
f 1155/621/1729 1147/602/1729 1151/603/1729
f 1147/602/1730 1161/623/1730 1157/624/1730
f 1168/625/1731 1162/598/1731 1170/626/1731
f 1148/599/1732 1165/622/1732 1163/620/1732
f 1148/599/1733 1166/619/1733 1156/627/1733
f 1031/615/1734 1164/617/1734 1149/614/1734
f 1168/625/1735 1164/617/1735 1172/616/1735
f 1153/600/1736 1172/616/1736 1165/622/1736
f 1149/614/1737 1170/626/1737 1159/628/1737
f 1165/622/1738 1169/612/1738 1155/621/1738
f 1169/612/1739 1154/629/1739 1155/621/1739
f 1161/623/1740 1167/611/1740 1171/610/1740
f 1209/630/1741 1174/599/1741 1173/600/1741
f 1207/632/1742 1176/602/1742 1175/603/1742
f 1218/626/1743 1241/598/1743 1219/598/1743
f 1213/626/1744 1237/628/1744 1215/628/1744
f 1212/634/1745 1177/608/1745 1179/611/1745
f 1179/611/1746 1180/604/1746 1186/612/1746
f 1096/636/1747 1178/614/1747 1066/615/1747
f 1198/616/1748 1180/604/1748 1182/617/1748
f 1233/610/1749 1193/623/1749 1197/610/1749
f 1210/638/1750 1175/603/1750 1181/620/1750
f 1181/620/1751 1183/621/1751 1187/622/1751
f 1176/602/1752 1183/621/1752 1175/603/1752
f 1208/639/1753 1176/602/1753 1204/633/1753
f 1211/640/1754 1173/600/1754 1184/625/1754
f 1174/599/1755 1187/622/1755 1173/600/1755
f 1210/638/1756 1174/599/1756 1203/631/1756
f 1239/619/1757 1216/627/1757 1217/619/1757
f 1184/625/1758 1182/617/1758 1178/614/1758
f 1173/600/1759 1198/616/1759 1184/625/1759
f 1206/637/1760 1184/625/1760 1178/614/1760
f 1187/622/1761 1186/612/1761 1198/616/1761
f 1185/629/1762 1186/612/1762 1183/621/1762
f 1208/639/1763 1179/611/1763 1185/629/1763
f 1158/609/1764 1197/610/1764 1171/610/1764
f 1217/619/1765 1156/627/1765 1166/619/1765
f 1079/607/1766 1158/609/1766 1043/607/1766
f 1221/627/1767 1196/619/1767 1188/627/1767
f 1160/601/1768 1201/601/1768 1192/601/1768
f 1197/610/1764 1161/623/1764 1171/610/1764
f 1156/627/1769 1214/598/1769 1162/598/1769
f 1214/598/1770 1170/626/1770 1162/598/1770
f 1161/623/1771 1189/624/1771 1157/624/1771
f 1192/601/1772 1166/619/1772 1160/601/1772
f 1196/619/1773 1217/619/1773 1166/619/1773
f 1200/624/1774 1201/601/1774 1199/601/1774
f 1157/624/1775 1199/601/1775 1160/601/1775
f 1202/624/1776 1157/624/1776 1189/624/1776
f 1192/601/1777 1202/624/1777 1189/624/1777
f 1177/608/1778 1225/604/1778 1180/604/1778
f 1195/626/1779 1206/637/1779 1191/628/1779
f 1188/627/1780 1210/638/1780 1203/631/1780
f 1194/598/1781 1211/640/1781 1195/626/1781
f 1208/639/1782 1234/634/1782 1212/634/1782
f 1196/619/1783 1207/632/1783 1210/638/1783
f 1191/628/1784 1096/636/1784 1080/613/1784
f 1238/627/1785 1214/598/1785 1216/627/1785
f 1189/624/1786 1227/633/1786 1204/633/1786
f 1192/601/1787 1204/633/1787 1207/632/1787
f 1194/598/1788 1203/631/1788 1209/630/1788
f 1133/607/1789 1190/609/1789 1079/607/1789
f 1215/628/1790 1137/613/1790 1107/613/1790
f 1224/614/1791 1066/615/1791 1178/614/1791
f 1190/609/1792 1233/610/1792 1197/610/1792
f 1236/598/1793 1213/626/1793 1214/598/1793
f 1191/628/1794 1218/626/1794 1195/626/1794
f 1113/613/1795 1191/628/1795 1080/613/1795
f 1195/626/1796 1219/598/1796 1194/598/1796
f 1159/628/1797 1107/613/1797 1044/613/1797
f 1213/626/1798 1159/628/1798 1170/626/1798
f 1219/598/1799 1188/627/1799 1194/598/1799
f 1225/604/1800 1118/605/1800 1119/606/1800
f 1127/641/1801 1223/608/1801 1229/635/1801
f 1226/617/1802 1119/606/1802 1123/618/1802
f 1226/617/1803 1120/615/1803 1224/614/1803
f 1232/623/1804 1234/634/1804 1231/639/1804
f 1228/624/1805 1231/639/1805 1227/633/1805
f 1233/610/1806 1229/635/1806 1234/634/1806
f 1133/607/1807 1229/635/1807 1230/609/1807
f 1244/619/1808 1238/627/1808 1239/619/1808
f 1240/626/1809 1237/628/1809 1235/626/1809
f 1243/627/1810 1236/598/1810 1238/627/1810
f 1236/598/1811 1240/626/1811 1235/626/1811
f 1237/628/1812 1143/613/1812 1137/613/1812
f 1225/604/1813 1182/617/1813 1180/604/1813
f 1182/617/1814 1224/614/1814 1178/614/1814
f 1143/613/1815 1220/628/1815 1113/613/1815
f 1227/633/1816 1208/639/1816 1204/633/1816
f 1219/598/1817 1243/627/1817 1221/627/1817
f 1229/635/1818 1177/608/1818 1205/635/1818
f 1221/627/1819 1244/619/1819 1222/619/1819
f 1242/628/1820 1218/626/1820 1220/628/1820
f 1234/634/1821 1205/635/1821 1212/634/1821
f 1193/623/1822 1228/624/1822 1189/624/1822
f 1244/619/1823 1217/619/1823 1222/619/1823
f 1049/598/1824 1041/627/1824 1030/599/1824
f 1047/601/1825 1042/624/1825 1029/602/1825
f 1037/604/1613 1034/608/1613 1032/605/1613
f 1043/607/1826 1032/605/1826 1034/608/1826
f 1059/610/1827 1045/609/1827 1034/608/1827
f 1055/611/1828 1034/608/1828 1037/604/1828
f 1044/613/1829 1046/628/1829 1033/614/1829
f 1060/616/1830 1057/612/1830 1037/604/1830
f 1052/617/1619 1037/604/1619 1036/606/1619
f 1054/619/1831 1047/601/1831 1035/603/1831
f 1050/620/1832 1035/603/1832 1040/621/1832
f 1029/602/1833 1039/629/1833 1040/621/1833
f 1048/623/1834 1039/629/1834 1029/602/1834
f 1049/598/1835 1038/600/1835 1056/625/1835
f 1030/599/1836 1050/620/1836 1053/622/1836
f 1054/619/1837 1050/620/1837 1030/599/1837
f 1052/617/1838 1051/618/1838 1031/615/1838
f 1056/625/1839 1060/616/1839 1052/617/1839
f 1038/600/1840 1053/622/1840 1060/616/1840
f 1058/626/1841 1056/625/1841 1033/614/1841
f 1053/622/1842 1040/621/1842 1057/612/1842
f 1039/629/1843 1055/611/1843 1057/612/1843
f 1048/623/1844 1059/610/1844 1055/611/1844
f 1101/630/1845 1061/600/1845 1062/599/1845
f 1099/632/1846 1063/603/1846 1064/602/1846
f 1111/626/1847 1112/598/1847 1142/598/1847
f 1105/626/1848 1108/628/1848 1138/628/1848
f 1104/634/1849 1068/611/1849 1065/608/1849
f 1069/604/1850 1065/608/1850 1068/611/1850
f 1096/636/1851 1066/615/1851 1067/614/1851
f 1089/616/1852 1071/617/1852 1069/604/1852
f 1084/623/1853 1131/623/1853 1132/610/1853
f 1102/638/1854 1070/620/1854 1063/603/1854
f 1070/620/1855 1076/622/1855 1072/621/1855
f 1072/621/1856 1074/629/1856 1064/602/1856
f 1064/602/1857 1074/629/1857 1100/639/1857
f 1103/640/1858 1073/625/1858 1061/600/1858
f 1062/599/1859 1061/600/1859 1076/622/1859
f 1062/599/1860 1070/620/1860 1102/638/1860
f 1109/627/1861 1139/627/1861 1140/619/1861
f 1073/625/1862 1067/614/1862 1071/617/1862
f 1061/600/1863 1073/625/1863 1089/616/1863
f 1098/637/1864 1067/614/1864 1073/625/1864
f 1076/622/1865 1089/616/1865 1075/612/1865
f 1075/612/1866 1068/611/1866 1074/629/1866
f 1100/639/1867 1074/629/1867 1068/611/1867
f 1045/609/1662 1059/610/1662 1088/610/1662
f 1041/627/1868 1109/627/1868 1110/619/1868
f 1045/609/1869 1081/609/1869 1079/607/1869
f 1087/619/1870 1116/619/1870 1115/627/1870
f 1047/601/1661 1083/601/1661 1092/601/1661
f 1048/623/1871 1084/623/1871 1088/610/1871
f 1041/627/1872 1049/598/1872 1106/598/1872
f 1058/626/1873 1105/626/1873 1106/598/1873
f 1048/623/1874 1042/624/1874 1078/624/1874
f 1054/619/1875 1087/619/1875 1083/601/1875
f 1087/619/1667 1054/619/1667 1110/619/1667
f 1091/624/1876 1090/601/1876 1092/601/1876
f 1042/624/1669 1047/601/1669 1090/601/1669
f 1042/624/1670 1091/624/1670 1093/624/1670
f 1083/601/1671 1078/624/1671 1093/624/1671
f 1065/608/1877 1069/604/1877 1122/604/1877
f 1098/637/1653 1103/640/1653 1086/626/1653
f 1077/627/1878 1094/631/1878 1102/638/1878
f 1103/640/1647 1101/630/1647 1085/598/1647
f 1100/639/1879 1104/634/1879 1134/634/1879
f 1087/619/1880 1102/638/1880 1099/632/1880
f 1096/636/1640 1098/637/1640 1082/628/1640
f 1106/598/1881 1136/598/1881 1139/627/1881
f 1078/624/1680 1095/633/1680 1125/633/1680
f 1083/601/1882 1099/632/1882 1095/633/1882
f 1085/598/1883 1101/630/1883 1094/631/1883
f 1081/609/1884 1129/609/1884 1133/607/1884
f 1108/628/1885 1107/613/1885 1137/613/1885
f 1066/615/1886 1120/615/1886 1121/614/1886
f 1081/609/1887 1088/610/1887 1132/610/1887
f 1105/626/1888 1135/626/1888 1136/598/1888
f 1082/628/1889 1086/626/1889 1111/626/1889
f 1082/628/1890 1114/628/1890 1113/613/1890
f 1086/626/1891 1085/598/1891 1112/598/1891
f 1046/628/1892 1044/613/1892 1107/613/1892
f 1046/628/1893 1108/628/1893 1105/626/1893
f 1077/627/1894 1115/627/1894 1112/598/1894
f 1122/604/1895 1119/606/1895 1118/605/1895
f 1117/608/1896 1118/605/1896 1127/641/1896
f 1124/617/1696 1123/618/1696 1119/606/1696
f 1120/615/1897 1123/618/1897 1124/617/1897
f 1131/623/1898 1130/639/1898 1134/634/1898
f 1126/624/1899 1125/633/1899 1130/639/1899
f 1132/610/1900 1134/634/1900 1128/635/1900
f 1128/635/1901 1127/641/1901 1133/607/1901
f 1139/627/1902 1145/627/1902 1146/619/1902
f 1138/628/1903 1144/628/1903 1141/626/1903
f 1136/598/1904 1142/598/1904 1145/627/1904
f 1136/598/1905 1135/626/1905 1141/626/1905
f 1138/628/1906 1137/613/1906 1143/613/1906
f 1071/617/1907 1124/617/1907 1122/604/1907
f 1071/617/1908 1067/614/1908 1121/614/1908
f 1114/628/1909 1144/628/1909 1143/613/1909
f 1100/639/1910 1130/639/1910 1125/633/1910
f 1112/598/1911 1115/627/1911 1145/627/1911
f 1065/608/1912 1117/608/1912 1128/635/1912
f 1115/627/1913 1116/619/1913 1146/619/1913
f 1111/626/1914 1141/626/1914 1144/628/1914
f 1097/635/1915 1128/635/1915 1134/634/1915
f 1084/623/1916 1078/624/1916 1126/624/1916
f 1110/619/1917 1140/619/1917 1146/619/1917
f 1162/598/1918 1153/600/1918 1148/599/1918
f 1160/601/1919 1151/603/1919 1147/602/1919
f 1152/604/1720 1036/606/1720 1032/605/1720
f 1150/608/1920 1032/605/1920 1043/607/1920
f 1171/610/1921 1167/611/1921 1150/608/1921
f 1152/604/1922 1150/608/1922 1167/611/1922
f 1044/613/1923 1031/615/1923 1149/614/1923
f 1172/616/1924 1164/617/1924 1152/604/1924
f 1164/617/1726 1051/618/1726 1036/606/1726
f 1166/619/1925 1163/620/1925 1151/603/1925
f 1163/620/1926 1165/622/1926 1155/621/1926
f 1155/621/1927 1154/629/1927 1147/602/1927
f 1147/602/1928 1154/629/1928 1161/623/1928
f 1168/625/1929 1153/600/1929 1162/598/1929
f 1148/599/1930 1153/600/1930 1165/622/1930
f 1148/599/1931 1163/620/1931 1166/619/1931
f 1031/615/1932 1051/618/1932 1164/617/1932
f 1168/625/1933 1149/614/1933 1164/617/1933
f 1153/600/1934 1168/625/1934 1172/616/1934
f 1149/614/1935 1168/625/1935 1170/626/1935
f 1165/622/1936 1172/616/1936 1169/612/1936
f 1169/612/1937 1167/611/1937 1154/629/1937
f 1161/623/1938 1154/629/1938 1167/611/1938
f 1209/630/1939 1203/631/1939 1174/599/1939
f 1207/632/1940 1204/633/1940 1176/602/1940
f 1218/626/1941 1240/626/1941 1241/598/1941
f 1213/626/1942 1235/626/1942 1237/628/1942
f 1212/634/1943 1205/635/1943 1177/608/1943
f 1179/611/1944 1177/608/1944 1180/604/1944
f 1096/636/1945 1206/637/1945 1178/614/1945
f 1198/616/1946 1186/612/1946 1180/604/1946
f 1233/610/1947 1232/623/1947 1193/623/1947
f 1210/638/1948 1207/632/1948 1175/603/1948
f 1181/620/1949 1175/603/1949 1183/621/1949
f 1176/602/1950 1185/629/1950 1183/621/1950
f 1208/639/1951 1185/629/1951 1176/602/1951
f 1211/640/1952 1209/630/1952 1173/600/1952
f 1174/599/1953 1181/620/1953 1187/622/1953
f 1210/638/1954 1181/620/1954 1174/599/1954
f 1239/619/1955 1238/627/1955 1216/627/1955
f 1184/625/1956 1198/616/1956 1182/617/1956
f 1173/600/1957 1187/622/1957 1198/616/1957
f 1206/637/1958 1211/640/1958 1184/625/1958
f 1187/622/1959 1183/621/1959 1186/612/1959
f 1185/629/1960 1179/611/1960 1186/612/1960
f 1208/639/1961 1212/634/1961 1179/611/1961
f 1158/609/1962 1190/609/1962 1197/610/1962
f 1217/619/1963 1216/627/1963 1156/627/1963
f 1079/607/1964 1190/609/1964 1158/609/1964
f 1221/627/1965 1222/619/1965 1196/619/1965
f 1160/601/1768 1199/601/1768 1201/601/1768
f 1197/610/1966 1193/623/1966 1161/623/1966
f 1156/627/1967 1216/627/1967 1214/598/1967
f 1214/598/1968 1213/626/1968 1170/626/1968
f 1161/623/1969 1193/623/1969 1189/624/1969
f 1192/601/1970 1196/619/1970 1166/619/1970
f 1196/619/1773 1222/619/1773 1217/619/1773
f 1200/624/1971 1202/624/1971 1201/601/1971
f 1157/624/1775 1200/624/1775 1199/601/1775
f 1202/624/1776 1200/624/1776 1157/624/1776
f 1192/601/1777 1201/601/1777 1202/624/1777
f 1177/608/1972 1223/608/1972 1225/604/1972
f 1195/626/1958 1211/640/1958 1206/637/1958
f 1188/627/1973 1196/619/1973 1210/638/1973
f 1194/598/1952 1209/630/1952 1211/640/1952
f 1208/639/1974 1231/639/1974 1234/634/1974
f 1196/619/1975 1192/601/1975 1207/632/1975
f 1191/628/1945 1206/637/1945 1096/636/1945
f 1238/627/1976 1236/598/1976 1214/598/1976
f 1189/624/1786 1228/624/1786 1227/633/1786
f 1192/601/1977 1189/624/1977 1204/633/1977
f 1194/598/1978 1188/627/1978 1203/631/1978
f 1133/607/1979 1230/609/1979 1190/609/1979
f 1215/628/1980 1237/628/1980 1137/613/1980
f 1224/614/1981 1120/615/1981 1066/615/1981
f 1190/609/1982 1230/609/1982 1233/610/1982
f 1236/598/1983 1235/626/1983 1213/626/1983
f 1191/628/1984 1220/628/1984 1218/626/1984
f 1113/613/1985 1220/628/1985 1191/628/1985
f 1195/626/1986 1218/626/1986 1219/598/1986
f 1159/628/1987 1215/628/1987 1107/613/1987
f 1213/626/1988 1215/628/1988 1159/628/1988
f 1219/598/1989 1221/627/1989 1188/627/1989
f 1225/604/1990 1223/608/1990 1118/605/1990
f 1127/641/1991 1118/605/1991 1223/608/1991
f 1226/617/1802 1225/604/1802 1119/606/1802
f 1226/617/1992 1123/618/1992 1120/615/1992
f 1232/623/1993 1233/610/1993 1234/634/1993
f 1228/624/1994 1232/623/1994 1231/639/1994
f 1233/610/1995 1230/609/1995 1229/635/1995
f 1133/607/1996 1127/641/1996 1229/635/1996
f 1244/619/1997 1243/627/1997 1238/627/1997
f 1240/626/1998 1242/628/1998 1237/628/1998
f 1243/627/1999 1241/598/1999 1236/598/1999
f 1236/598/2000 1241/598/2000 1240/626/2000
f 1237/628/2001 1242/628/2001 1143/613/2001
f 1225/604/2002 1226/617/2002 1182/617/2002
f 1182/617/2003 1226/617/2003 1224/614/2003
f 1143/613/2004 1242/628/2004 1220/628/2004
f 1227/633/2005 1231/639/2005 1208/639/2005
f 1219/598/2006 1241/598/2006 1243/627/2006
f 1229/635/2007 1223/608/2007 1177/608/2007
f 1221/627/2008 1243/627/2008 1244/619/2008
f 1242/628/2009 1240/626/2009 1218/626/2009
f 1234/634/2010 1229/635/2010 1205/635/2010
f 1193/623/2011 1232/623/2011 1228/624/2011
f 1244/619/2012 1239/619/2012 1217/619/2012
o Protection
v 0.211205 0.608238 0.069466
v 0.140368 0.624047 0.044254
v 0.140780 0.619020 -0.032414
v 0.211872 0.600103 -0.054586
v 0.255398 0.593439 0.008379
v 0.200241 0.626349 0.016109
v 0.254112 0.573067 0.032213
v 0.254354 0.570112 -0.012851
v 0.186349 0.592884 0.081152
v 0.228137 0.581765 0.068120
v 0.119128 0.606093 0.029322
v 0.144712 0.602177 0.066333
v 0.145346 0.594440 -0.051649
v 0.119371 0.603138 -0.015742
v 0.228771 0.574029 -0.049862
v 0.187133 0.583321 -0.064681
v 0.241530 0.602838 0.044608
v 0.173917 0.620829 0.065695
v 0.132522 0.627166 0.005811
v 0.174551 0.613092 -0.052286
v 0.241922 0.598057 -0.028308
v 0.208820 0.623458 0.047545
v 0.234796 0.614760 0.011639
v 0.167183 0.632750 0.032725
v 0.167425 0.629795 -0.012339
v 0.209212 0.618676 -0.025371
v 0.257020 0.569867 -0.013263
v 0.257967 0.593710 0.008297
v 0.229425 0.582037 0.070487
v 0.212111 0.609065 0.071684
v 0.142982 0.603157 0.068171
v 0.138607 0.625469 0.045522
v 0.116981 0.604087 -0.016607
v 0.139034 0.620253 -0.034032
v 0.187632 0.583465 -0.067339
v 0.212803 0.600624 -0.057039
v 0.243496 0.603657 0.045735
v 0.173472 0.622289 0.067573
v 0.130450 0.628773 0.005547
v 0.174129 0.614276 -0.054614
v 0.243902 0.598705 -0.029781
v 0.209574 0.625129 0.048596
v 0.236527 0.616103 0.011339
v 0.200679 0.628099 0.016014
v 0.166370 0.634771 0.033219
v 0.166621 0.631705 -0.013542
v 0.209981 0.620168 -0.027065
v 0.256773 0.572879 0.032683
v 0.186820 0.593374 0.083774
v 0.116731 0.607145 0.030030
v 0.143637 0.595171 -0.053618
v 0.230084 0.573990 -0.052230
vn -0.5037 -0.7343 -0.4550
vn 0.1432 -0.9210 -0.3623
vn 0.1990 -0.9488 0.2452
vn -0.2566 -0.8261 0.5018
vn -0.6960 -0.6982 0.1678
vn -0.3033 -0.9466 0.1095
vn -0.4987 -0.8277 0.2571
vn -0.4467 -0.7729 0.4507
vn -0.2162 -0.9674 0.1322
vn -0.1326 -0.9227 0.3621
vn 0.0721 -0.9155 0.3957
vn -0.1587 -0.9853 0.0638
vn 0.1088 -0.9919 0.0656
vn 0.2552 -0.9581 -0.1298
vn -0.2063 -0.9779 -0.0336
vn -0.0960 -0.9422 -0.3211
vn -0.2197 -0.8124 -0.5401
vn -0.3180 -0.9481 -0.0004
vn -0.5358 -0.8231 -0.1882
vn -0.7231 -0.6835 -0.0995
vn -0.9208 -0.2392 0.3081
vn -0.6416 -0.2869 0.7113
vn -0.0884 -0.4145 0.9058
vn 0.3574 -0.5335 0.7666
vn 0.7056 -0.6465 0.2902
vn 0.8619 -0.5057 0.0378
vn 0.7107 -0.6746 -0.1998
vn 0.3801 -0.6187 -0.6876
vn -0.0862 -0.5113 -0.8551
vn -0.6280 -0.3667 -0.6864
vn -0.9202 -0.2716 -0.2818
vn -0.3455 -0.0542 0.9368
vn 0.7215 -0.3386 0.6040
vn 0.7302 -0.4081 -0.5479
vn -0.3336 -0.1662 -0.9279
vn -0.9986 0.0527 -0.0088
vn 0.5032 0.7343 0.4556
vn -0.1466 0.9196 0.3644
vn -0.2080 0.9460 -0.2488
vn 0.2576 0.8203 -0.5106
vn 0.7006 0.6935 -0.1678
vn 0.3026 0.9469 -0.1090
vn 0.5015 0.8254 -0.2593
vn 0.4488 0.7673 -0.4580
vn 0.2164 0.9674 -0.1314
vn 0.1306 0.9210 -0.3670
vn -0.0803 0.9122 -0.4018
vn 0.1596 0.9851 -0.0637
vn -0.1150 0.9912 -0.0656
vn -0.2616 0.9560 0.1324
vn 0.2066 0.9779 0.0328
vn 0.0954 0.9418 0.3225
vn 0.2203 0.8119 0.5407
vn 0.3173 0.9483 -0.0002
vn 0.5365 0.8225 0.1889
vn 0.7255 0.6810 0.0995
vn 0.9200 0.2421 -0.3081
vn 0.6413 0.2877 -0.7114
vn 0.0891 0.4133 -0.9062
vn -0.3588 0.5327 -0.7665
vn -0.7047 0.6466 -0.2920
vn -0.8626 0.5045 -0.0377
vn -0.7086 0.6765 0.2005
vn -0.3770 0.6224 0.6859
vn 0.0863 0.5170 0.8516
vn 0.6286 0.3725 0.6827
vn 0.9187 0.2769 0.2815
vn 0.3457 0.0552 -0.9367
vn -0.7234 0.3376 -0.6023
vn -0.7305 0.4107 0.5457
vn 0.3350 0.1736 0.9261
vn 0.9988 -0.0473 0.0085
vn 0.6403 -0.7208 -0.2656
vn -0.9256 -0.3266 -0.1913
vn -0.2844 -0.4684 0.8365
vn 0.4688 -0.7500 -0.4666
vn -0.1871 -0.9784 -0.0879
vn -0.3594 -0.9326 -0.0341
vn -0.3867 -0.9204 0.0583
vn -0.3594 -0.9209 0.1511
vn -0.1887 -0.9587 0.2129
vn 0.3931 -0.6049 0.6925
vn -0.1769 -0.5485 -0.8172
vn -0.0816 -0.9946 0.0648
vn -0.9253 -0.3727 0.0705
vn 0.5586 -0.7020 0.4418
vn 0.5318 -0.7584 -0.3768
vn -0.9246 -0.3801 -0.0256
vn -0.1858 -0.4505 0.8732
vn 0.4076 -0.6822 -0.6070
vn -0.1871 -0.9784 -0.0878
vn -0.3585 -0.9329 -0.0334
vn -0.3604 -0.9204 0.1517
vn -0.1887 -0.9587 0.2128
vn 0.4340 -0.6586 0.6147
vn -0.3626 -0.5694 -0.7378
vn -0.9266 -0.3029 0.2228
vn 0.6336 -0.6835 0.3625
vt 0.747262 0.593960
vt 0.761110 0.617946
vt 0.774958 0.593960
vt 0.691870 0.593960
vt 0.705718 0.617946
vt 0.719566 0.593960
vt 0.913436 0.593960
vt 0.927284 0.617946
vt 0.941132 0.593960
vt 0.858045 0.593960
vt 0.871892 0.617946
vt 0.885740 0.593960
vt 0.802653 0.593960
vt 0.816501 0.617946
vt 0.830349 0.593960
vt 0.830349 0.641931
vt 0.844197 0.617946
vt 0.885740 0.641931
vt 0.899588 0.617946
vt 0.941132 0.641931
vt 0.954980 0.617946
vt 0.968827 0.593960
vt 0.719566 0.641931
vt 0.733414 0.617946
vt 0.774958 0.641931
vt 0.788805 0.617946
vt 0.816501 0.569975
vt 0.844197 0.569975
vt 0.871892 0.569975
vt 0.899588 0.569975
vt 0.927284 0.569975
vt 0.954980 0.569975
vt 0.705718 0.569975
vt 0.733414 0.569975
vt 0.761110 0.569975
vt 0.788805 0.569975
vt 0.982675 0.569975
s 0
usemtl Material
f 1245/642/2013 1266/643/2013 1261/644/2013
f 1246/645/2014 1268/646/2014 1262/647/2014
f 1247/648/2015 1269/649/2015 1263/650/2015
f 1248/651/2016 1270/652/2016 1264/653/2016
f 1249/654/2017 1267/655/2017 1265/656/2017
f 1267/655/2018 1250/657/2018 1270/658/2018
f 1267/655/2019 1270/658/2019 1265/656/2019
f 1265/656/2020 1270/658/2020 1248/651/2020
f 1270/652/2021 1250/659/2021 1269/660/2021
f 1270/652/2022 1269/660/2022 1264/653/2022
f 1264/653/2023 1269/660/2023 1247/648/2023
f 1269/649/2024 1250/661/2024 1268/662/2024
f 1269/649/2025 1268/662/2025 1263/650/2025
f 1263/650/2026 1268/662/2026 1246/663/2026
f 1268/646/2027 1250/664/2027 1266/665/2027
f 1268/646/2028 1266/665/2028 1262/647/2028
f 1262/647/2029 1266/665/2029 1245/642/2029
f 1266/643/2030 1250/666/2030 1267/667/2030
f 1266/643/2031 1267/667/2031 1261/644/2031
f 1261/644/2032 1267/667/2032 1249/654/2032
f 1252/668/2033 1249/654/2033 1265/656/2033
f 1259/669/2034 1265/656/2034 1248/651/2034
f 1260/670/2035 1248/651/2035 1264/653/2035
f 1257/671/2036 1264/653/2036 1247/648/2036
f 1258/672/2037 1247/648/2037 1263/650/2037
f 1258/672/2038 1263/650/2038 1255/673/2038
f 1255/673/2039 1263/650/2039 1246/663/2039
f 1256/674/2040 1246/645/2040 1262/647/2040
f 1253/675/2041 1262/647/2041 1245/642/2041
f 1254/676/2042 1245/642/2042 1261/644/2042
f 1251/677/2043 1261/644/2043 1249/654/2043
f 1259/669/2044 1248/651/2044 1260/670/2044
f 1257/671/2045 1247/648/2045 1258/672/2045
f 1255/673/2046 1246/663/2046 1256/678/2046
f 1253/675/2047 1245/642/2047 1254/676/2047
f 1251/677/2048 1249/654/2048 1252/668/2048
f 1274/642/2049 1281/644/2049 1286/643/2049
f 1276/645/2050 1282/647/2050 1289/646/2050
f 1278/648/2051 1283/650/2051 1290/649/2051
f 1280/651/2052 1284/653/2052 1291/652/2052
f 1272/654/2053 1285/656/2053 1287/655/2053
f 1287/655/2054 1291/658/2054 1288/657/2054
f 1287/655/2055 1285/656/2055 1291/658/2055
f 1285/656/2056 1280/651/2056 1291/658/2056
f 1291/652/2057 1290/660/2057 1288/659/2057
f 1291/652/2058 1284/653/2058 1290/660/2058
f 1284/653/2059 1278/648/2059 1290/660/2059
f 1290/649/2060 1289/662/2060 1288/661/2060
f 1290/649/2061 1283/650/2061 1289/662/2061
f 1283/650/2062 1276/663/2062 1289/662/2062
f 1289/646/2063 1286/665/2063 1288/664/2063
f 1289/646/2064 1282/647/2064 1286/665/2064
f 1282/647/2065 1274/642/2065 1286/665/2065
f 1286/643/2066 1287/667/2066 1288/666/2066
f 1286/643/2067 1281/644/2067 1287/667/2067
f 1281/644/2068 1272/654/2068 1287/667/2068
f 1271/668/2069 1285/656/2069 1272/654/2069
f 1296/669/2070 1280/651/2070 1285/656/2070
f 1279/670/2071 1284/653/2071 1280/651/2071
f 1295/671/2072 1278/648/2072 1284/653/2072
f 1277/672/2073 1283/650/2073 1278/648/2073
f 1277/672/2074 1294/673/2074 1283/650/2074
f 1294/673/2075 1276/663/2075 1283/650/2075
f 1275/674/2076 1282/647/2076 1276/645/2076
f 1293/675/2077 1274/642/2077 1282/647/2077
f 1273/676/2078 1281/644/2078 1274/642/2078
f 1292/677/2079 1272/654/2079 1281/644/2079
f 1296/669/2080 1279/670/2080 1280/651/2080
f 1295/671/2081 1277/672/2081 1278/648/2081
f 1294/673/2082 1275/678/2082 1276/663/2082
f 1293/675/2083 1273/676/2083 1274/642/2083
f 1292/677/2084 1271/668/2084 1272/654/2084
f 1254/676/2085 1281/644/2085 1273/676/2085
f 1260/670/2086 1284/653/2086 1279/670/2086
f 1251/677/2087 1281/644/2087 1261/644/2087
f 1257/671/2088 1284/653/2088 1264/653/2088
f 1259/669/2089 1279/670/2089 1296/669/2089
f 1258/672/2090 1295/671/2090 1257/671/2090
f 1255/673/2091 1277/672/2091 1258/672/2091
f 1255/673/2092 1275/678/2092 1294/673/2092
f 1253/675/2093 1273/676/2093 1293/675/2093
f 1256/674/2094 1282/647/2094 1275/674/2094
f 1252/668/2095 1285/656/2095 1271/668/2095
f 1252/668/2096 1292/677/2096 1251/677/2096
f 1253/675/2097 1282/647/2097 1262/647/2097
f 1259/669/2098 1285/656/2098 1265/656/2098
f 1254/676/2099 1261/644/2099 1281/644/2099
f 1260/670/2100 1264/653/2100 1284/653/2100
f 1251/677/2101 1292/677/2101 1281/644/2101
f 1257/671/2102 1295/671/2102 1284/653/2102
f 1259/669/2103 1260/670/2103 1279/670/2103
f 1258/672/2104 1277/672/2104 1295/671/2104
f 1255/673/2091 1294/673/2091 1277/672/2091
f 1255/673/2105 1256/678/2105 1275/678/2105
f 1253/675/2106 1254/676/2106 1273/676/2106
f 1256/674/2107 1262/647/2107 1282/647/2107
f 1252/668/2108 1265/656/2108 1285/656/2108
f 1252/668/2096 1271/668/2096 1292/677/2096
f 1253/675/2109 1293/675/2109 1282/647/2109
f 1259/669/2110 1296/669/2110 1285/656/2110
